{
  "profile": "data-package",
  "name": "ecological-scarcity-2021ww.96a39dd6fab003dba15ea84a2945680d.zip",
  "id": "e0b3c202d1f24e8487717f280a6d861f",
  "licenses": [
    {
      "name": "ODC-PDDL-1.0",
      "path": "http://opendatacommons.org/licenses/pddl/",
      "title": "Open Data Commons Public Domain Dedication and License v1.0"
    }
  ],
  "resources": [
    {
      "profile": "data-resource",
      "format": "npy",
      "mediatype": "application/octet-stream",
      "name": "Ecological_Scarcity_2021_waste_disposal_waste_non_radioactive_matrix_data.indices",
      "matrix": "characterization_matrix",
      "kind": "indices",
      "path": "Ecological_Scarcity_2021_waste_disposal_waste_non_radioactive_matrix_data.indices.npy",
      "group": "Ecological_Scarcity_2021_waste_disposal_waste_non_radioactive_matrix_data",
      "nrows": 4,
      "global_index": 1,
      "identifier": [
        "Ecological Scarcity 2021",
        "waste disposal",
        "waste, non radioactive"
      ],
      "category": "vector"
    },
    {
      "profile": "data-resource",
      "format": "npy",
      "mediatype": "application/octet-stream",
      "name": "Ecological_Scarcity_2021_waste_disposal_waste_non_radioactive_matrix_data.data",
      "matrix": "characterization_matrix",
      "kind": "data",
      "path": "Ecological_Scarcity_2021_waste_disposal_waste_non_radioactive_matrix_data.data.npy",
      "group": "Ecological_Scarcity_2021_waste_disposal_waste_non_radioactive_matrix_data",
      "nrows": 4,
      "global_index": 1,
      "identifier": [
        "Ecological Scarcity 2021",
        "waste disposal",
        "waste, non radioactive"
      ],
      "category": "vector"
    }
  ],
  "created": "2024-06-16T12:09:01.625647+00:00Z",
  "combinatorial": false,
  "sequential": false,
  "seed": null,
  "sum_intra_duplicates": true,
  "sum_inter_duplicates": false,
  "matrix_serialize_format_type": "numpy"
}