{
  "profile": "data-package",
  "name": "traci-v21cg.dd067ce06228b3166d99d484b9e58e67.zip",
  "id": "eccb6ee68bec49c68b9d4e48540427b1",
  "licenses": [
    {
      "name": "ODC-PDDL-1.0",
      "path": "http://opendatacommons.org/licenses/pddl/",
      "title": "Open Data Commons Public Domain Dedication and License v1.0"
    }
  ],
  "resources": [
    {
      "profile": "data-resource",
      "format": "npy",
      "mediatype": "application/octet-stream",
      "name": "TRACI_v2.1_climate_change_global_warming_potential_GWP100_matrix_data.indices",
      "matrix": "characterization_matrix",
      "kind": "indices",
      "path": "TRACI_v2.1_climate_change_global_warming_potential_GWP100_matrix_data.indices.npy",
      "group": "TRACI_v2.1_climate_change_global_warming_potential_GWP100_matrix_data",
      "nrows": 155,
      "global_index": 1,
      "identifier": [
        "TRACI v2.1",
        "climate change",
        "global warming potential (GWP100)"
      ],
      "category": "vector"
    },
    {
      "profile": "data-resource",
      "format": "npy",
      "mediatype": "application/octet-stream",
      "name": "TRACI_v2.1_climate_change_global_warming_potential_GWP100_matrix_data.data",
      "matrix": "characterization_matrix",
      "kind": "data",
      "path": "TRACI_v2.1_climate_change_global_warming_potential_GWP100_matrix_data.data.npy",
      "group": "TRACI_v2.1_climate_change_global_warming_potential_GWP100_matrix_data",
      "nrows": 155,
      "global_index": 1,
      "identifier": [
        "TRACI v2.1",
        "climate change",
        "global warming potential (GWP100)"
      ],
      "category": "vector"
    }
  ],
  "created": "2024-06-16T12:09:03.309026+00:00Z",
  "combinatorial": false,
  "sequential": false,
  "seed": null,
  "sum_intra_duplicates": true,
  "sum_inter_duplicates": false,
  "matrix_serialize_format_type": "numpy"
}