{
  "profile": "data-package",
  "name": "ecological-scarcity-2021oo.652bebe8b33b5fdb3f043f772ae085f6.zip",
  "id": "975df8519dcd452e9c586da75ab54f1d",
  "licenses": [
    {
      "name": "ODC-PDDL-1.0",
      "path": "http://opendatacommons.org/licenses/pddl/",
      "title": "Open Data Commons Public Domain Dedication and License v1.0"
    }
  ],
  "resources": [
    {
      "profile": "data-resource",
      "format": "npy",
      "mediatype": "application/octet-stream",
      "name": "Ecological_Scarcity_2021_ozone_depletion_ozone_depletion_matrix_data.indices",
      "matrix": "characterization_matrix",
      "kind": "indices",
      "path": "Ecological_Scarcity_2021_ozone_depletion_ozone_depletion_matrix_data.indices.npy",
      "group": "Ecological_Scarcity_2021_ozone_depletion_ozone_depletion_matrix_data",
      "nrows": 64,
      "global_index": 1,
      "identifier": [
        "Ecological Scarcity 2021",
        "ozone depletion",
        "ozone depletion"
      ],
      "category": "vector"
    },
    {
      "profile": "data-resource",
      "format": "npy",
      "mediatype": "application/octet-stream",
      "name": "Ecological_Scarcity_2021_ozone_depletion_ozone_depletion_matrix_data.data",
      "matrix": "characterization_matrix",
      "kind": "data",
      "path": "Ecological_Scarcity_2021_ozone_depletion_ozone_depletion_matrix_data.data.npy",
      "group": "Ecological_Scarcity_2021_ozone_depletion_ozone_depletion_matrix_data",
      "nrows": 64,
      "global_index": 1,
      "identifier": [
        "Ecological Scarcity 2021",
        "ozone depletion",
        "ozone depletion"
      ],
      "category": "vector"
    }
  ],
  "created": "2024-06-16T12:09:01.618158+00:00Z",
  "combinatorial": false,
  "sequential": false,
  "seed": null,
  "sum_intra_duplicates": true,
  "sum_inter_duplicates": false,
  "matrix_serialize_format_type": "numpy"
}