{
  "profile": "data-package",
  "name": "cml-v48-2016cg.231d6e8f8b1c199a47182515eba4032e.zip",
  "id": "15cd46a11862424d93bf6ffa9a3d8664",
  "licenses": [
    {
      "name": "ODC-PDDL-1.0",
      "path": "http://opendatacommons.org/licenses/pddl/",
      "title": "Open Data Commons Public Domain Dedication and License v1.0"
    }
  ],
  "resources": [
    {
      "profile": "data-resource",
      "format": "npy",
      "mediatype": "application/octet-stream",
      "name": "CML_v4.8_2016_climate_change_global_warming_potential_GWP100_matrix_data.indices",
      "matrix": "characterization_matrix",
      "kind": "indices",
      "path": "CML_v4.8_2016_climate_change_global_warming_potential_GWP100_matrix_data.indices.npy",
      "group": "CML_v4.8_2016_climate_change_global_warming_potential_GWP100_matrix_data",
      "nrows": 151,
      "global_index": 1,
      "identifier": [
        "CML v4.8 2016",
        "climate change",
        "global warming potential (GWP100)"
      ],
      "category": "vector"
    },
    {
      "profile": "data-resource",
      "format": "npy",
      "mediatype": "application/octet-stream",
      "name": "CML_v4.8_2016_climate_change_global_warming_potential_GWP100_matrix_data.data",
      "matrix": "characterization_matrix",
      "kind": "data",
      "path": "CML_v4.8_2016_climate_change_global_warming_potential_GWP100_matrix_data.data.npy",
      "group": "CML_v4.8_2016_climate_change_global_warming_potential_GWP100_matrix_data",
      "nrows": 151,
      "global_index": 1,
      "identifier": [
        "CML v4.8 2016",
        "climate change",
        "global warming potential (GWP100)"
      ],
      "category": "vector"
    }
  ],
  "created": "2024-06-16T12:09:01.484949+00:00Z",
  "combinatorial": false,
  "sequential": false,
  "seed": null,
  "sum_intra_duplicates": true,
  "sum_inter_duplicates": false,
  "matrix_serialize_format_type": "numpy"
}