{
  "profile": "data-package",
  "name": "ef-v30-no-ltih.4a8344c526fabfda610c9179e703d222.zip",
  "id": "6c230b162f9c4ab29771005074d029a4",
  "licenses": [
    {
      "name": "ODC-PDDL-1.0",
      "path": "http://opendatacommons.org/licenses/pddl/",
      "title": "Open Data Commons Public Domain Dedication and License v1.0"
    }
  ],
  "resources": [
    {
      "profile": "data-resource",
      "format": "npy",
      "mediatype": "application/octet-stream",
      "name": "EF_v3.0_no_LT_ionising_radiation_human_health_no_LT_human_exposure_efficiency_relative_to_u235_no_LT_matrix_data.indices",
      "matrix": "characterization_matrix",
      "kind": "indices",
      "path": "EF_v3.0_no_LT_ionising_radiation_human_health_no_LT_human_exposure_efficiency_relative_to_u235_no_LT_matrix_data.indices.npy",
      "group": "EF_v3.0_no_LT_ionising_radiation_human_health_no_LT_human_exposure_efficiency_relative_to_u235_no_LT_matrix_data",
      "nrows": 136,
      "global_index": 1,
      "identifier": [
        "EF v3.0 no LT",
        "ionising radiation: human health no LT",
        "human exposure efficiency relative to u235 no LT"
      ],
      "category": "vector"
    },
    {
      "profile": "data-resource",
      "format": "npy",
      "mediatype": "application/octet-stream",
      "name": "EF_v3.0_no_LT_ionising_radiation_human_health_no_LT_human_exposure_efficiency_relative_to_u235_no_LT_matrix_data.data",
      "matrix": "characterization_matrix",
      "kind": "data",
      "path": "EF_v3.0_no_LT_ionising_radiation_human_health_no_LT_human_exposure_efficiency_relative_to_u235_no_LT_matrix_data.data.npy",
      "group": "EF_v3.0_no_LT_ionising_radiation_human_health_no_LT_human_exposure_efficiency_relative_to_u235_no_LT_matrix_data",
      "nrows": 136,
      "global_index": 1,
      "identifier": [
        "EF v3.0 no LT",
        "ionising radiation: human health no LT",
        "human exposure efficiency relative to u235 no LT"
      ],
      "category": "vector"
    }
  ],
  "created": "2024-06-16T12:09:01.709093+00:00Z",
  "combinatorial": false,
  "sequential": false,
  "seed": null,
  "sum_intra_duplicates": true,
  "sum_inter_duplicates": false,
  "matrix_serialize_format_type": "numpy"
}