{
  "profile": "data-package",
  "name": "inventory-results-and-indicatorsrl.41365b3ba87a12cc68eef9c355876ff2.zip",
  "id": "9e89b88a30bb4d3c9b66b47f3e23d300",
  "licenses": [
    {
      "name": "ODC-PDDL-1.0",
      "path": "http://opendatacommons.org/licenses/pddl/",
      "title": "Open Data Commons Public Domain Dedication and License v1.0"
    }
  ],
  "resources": [
    {
      "profile": "data-resource",
      "format": "npy",
      "mediatype": "application/octet-stream",
      "name": "Inventory_results_and_indicators_resources_land_occupation_by_flooding_matrix_data.indices",
      "matrix": "characterization_matrix",
      "kind": "indices",
      "path": "Inventory_results_and_indicators_resources_land_occupation_by_flooding_matrix_data.indices.npy",
      "group": "Inventory_results_and_indicators_resources_land_occupation_by_flooding_matrix_data",
      "nrows": 5,
      "global_index": 1,
      "identifier": [
        "Inventory results and indicators",
        "resources",
        "land occupation by flooding"
      ],
      "category": "vector"
    },
    {
      "profile": "data-resource",
      "format": "npy",
      "mediatype": "application/octet-stream",
      "name": "Inventory_results_and_indicators_resources_land_occupation_by_flooding_matrix_data.data",
      "matrix": "characterization_matrix",
      "kind": "data",
      "path": "Inventory_results_and_indicators_resources_land_occupation_by_flooding_matrix_data.data.npy",
      "group": "Inventory_results_and_indicators_resources_land_occupation_by_flooding_matrix_data",
      "nrows": 5,
      "global_index": 1,
      "identifier": [
        "Inventory results and indicators",
        "resources",
        "land occupation by flooding"
      ],
      "category": "vector"
    }
  ],
  "created": "2024-06-16T12:09:02.048143+00:00Z",
  "combinatorial": false,
  "sequential": false,
  "seed": null,
  "sum_intra_duplicates": true,
  "sum_inter_duplicates": false,
  "matrix_serialize_format_type": "numpy"
}