{
  "profile": "data-package",
  "name": "ecological-scarcity-2021er.13ae49cc0abed41828fffc8ce7447ae0.zip",
  "id": "17d74a1c794c4fc0a9c44062421b84d3",
  "licenses": [
    {
      "name": "ODC-PDDL-1.0",
      "path": "http://opendatacommons.org/licenses/pddl/",
      "title": "Open Data Commons Public Domain Dedication and License v1.0"
    }
  ],
  "resources": [
    {
      "profile": "data-resource",
      "format": "npy",
      "mediatype": "application/octet-stream",
      "name": "Ecological_Scarcity_2021_emissions_to_water_radioactive_substances_into_water_matrix_data.indices",
      "matrix": "characterization_matrix",
      "kind": "indices",
      "path": "Ecological_Scarcity_2021_emissions_to_water_radioactive_substances_into_water_matrix_data.indices.npy",
      "group": "Ecological_Scarcity_2021_emissions_to_water_radioactive_substances_into_water_matrix_data",
      "nrows": 47,
      "global_index": 1,
      "identifier": [
        "Ecological Scarcity 2021",
        "emissions to water",
        "radioactive substances into water"
      ],
      "category": "vector"
    },
    {
      "profile": "data-resource",
      "format": "npy",
      "mediatype": "application/octet-stream",
      "name": "Ecological_Scarcity_2021_emissions_to_water_radioactive_substances_into_water_matrix_data.data",
      "matrix": "characterization_matrix",
      "kind": "data",
      "path": "Ecological_Scarcity_2021_emissions_to_water_radioactive_substances_into_water_matrix_data.data.npy",
      "group": "Ecological_Scarcity_2021_emissions_to_water_radioactive_substances_into_water_matrix_data",
      "nrows": 47,
      "global_index": 1,
      "identifier": [
        "Ecological Scarcity 2021",
        "emissions to water",
        "radioactive substances into water"
      ],
      "category": "vector"
    }
  ],
  "created": "2024-06-16T12:09:01.609093+00:00Z",
  "combinatorial": false,
  "sequential": false,
  "seed": null,
  "sum_intra_duplicates": true,
  "sum_inter_duplicates": false,
  "matrix_serialize_format_type": "numpy"
}