{
  "profile": "data-package",
  "name": "recipe-2016-v103-endpoint-etn.a16ced15e6c6fe3354ad38e5cadec2ae.zip",
  "id": "2f5a53e8554c4f3d8e55ec13ad9346a0",
  "licenses": [
    {
      "name": "ODC-PDDL-1.0",
      "path": "http://opendatacommons.org/licenses/pddl/",
      "title": "Open Data Commons Public Domain Dedication and License v1.0"
    }
  ],
  "resources": [
    {
      "profile": "data-resource",
      "format": "npy",
      "mediatype": "application/octet-stream",
      "name": "ReCiPe_2016_v1.03_endpoint_E_total_natural_resources_natural_resources_matrix_data.indices",
      "matrix": "characterization_matrix",
      "kind": "indices",
      "path": "ReCiPe_2016_v1.03_endpoint_E_total_natural_resources_natural_resources_matrix_data.indices.npy",
      "group": "ReCiPe_2016_v1.03_endpoint_E_total_natural_resources_natural_resources_matrix_data",
      "nrows": 65,
      "global_index": 1,
      "identifier": [
        "ReCiPe 2016 v1.03, endpoint (E)",
        "total: natural resources",
        "natural resources"
      ],
      "category": "vector"
    },
    {
      "profile": "data-resource",
      "format": "npy",
      "mediatype": "application/octet-stream",
      "name": "ReCiPe_2016_v1.03_endpoint_E_total_natural_resources_natural_resources_matrix_data.data",
      "matrix": "characterization_matrix",
      "kind": "data",
      "path": "ReCiPe_2016_v1.03_endpoint_E_total_natural_resources_natural_resources_matrix_data.data.npy",
      "group": "ReCiPe_2016_v1.03_endpoint_E_total_natural_resources_natural_resources_matrix_data",
      "nrows": 65,
      "global_index": 1,
      "identifier": [
        "ReCiPe 2016 v1.03, endpoint (E)",
        "total: natural resources",
        "natural resources"
      ],
      "category": "vector"
    }
  ],
  "created": "2024-06-16T12:09:02.486323+00:00Z",
  "combinatorial": false,
  "sequential": false,
  "seed": null,
  "sum_intra_duplicates": true,
  "sum_inter_duplicates": false,
  "matrix_serialize_format_type": "numpy"
}