{
  "profile": "data-package",
  "name": "recipe-2016-v103-midpoint-i-no-ltef.716bebd87b5a0dc714525c3d2eede47c.zip",
  "id": "32f057430f4a48cb9692c6d69e3eb58f",
  "licenses": [
    {
      "name": "ODC-PDDL-1.0",
      "path": "http://opendatacommons.org/licenses/pddl/",
      "title": "Open Data Commons Public Domain Dedication and License v1.0"
    }
  ],
  "resources": [
    {
      "profile": "data-resource",
      "format": "npy",
      "mediatype": "application/octet-stream",
      "name": "ReCiPe_2016_v1.03_midpoint_I_no_LT_energy_resources_non-renewable_fossil_no_LT_fossil_fuel_potential_FFP_no_LT_matrix_data.indices",
      "matrix": "characterization_matrix",
      "kind": "indices",
      "path": "ReCiPe_2016_v1.03_midpoint_I_no_LT_energy_resources_non-renewable_fossil_no_LT_fossil_fuel_potential_FFP_no_LT_matrix_data.indices.npy",
      "group": "ReCiPe_2016_v1.03_midpoint_I_no_LT_energy_resources_non-renewable_fossil_no_LT_fossil_fuel_potential_FFP_no_LT_matrix_data",
      "nrows": 6,
      "global_index": 1,
      "identifier": [
        "ReCiPe 2016 v1.03, midpoint (I) no LT",
        "energy resources: non-renewable, fossil no LT",
        "fossil fuel potential (FFP) no LT"
      ],
      "category": "vector"
    },
    {
      "profile": "data-resource",
      "format": "npy",
      "mediatype": "application/octet-stream",
      "name": "ReCiPe_2016_v1.03_midpoint_I_no_LT_energy_resources_non-renewable_fossil_no_LT_fossil_fuel_potential_FFP_no_LT_matrix_data.data",
      "matrix": "characterization_matrix",
      "kind": "data",
      "path": "ReCiPe_2016_v1.03_midpoint_I_no_LT_energy_resources_non-renewable_fossil_no_LT_fossil_fuel_potential_FFP_no_LT_matrix_data.data.npy",
      "group": "ReCiPe_2016_v1.03_midpoint_I_no_LT_energy_resources_non-renewable_fossil_no_LT_fossil_fuel_potential_FFP_no_LT_matrix_data",
      "nrows": 6,
      "global_index": 1,
      "identifier": [
        "ReCiPe 2016 v1.03, midpoint (I) no LT",
        "energy resources: non-renewable, fossil no LT",
        "fossil fuel potential (FFP) no LT"
      ],
      "category": "vector"
    }
  ],
  "created": "2024-06-16T12:09:03.150557+00:00Z",
  "combinatorial": false,
  "sequential": false,
  "seed": null,
  "sum_intra_duplicates": true,
  "sum_inter_duplicates": false,
  "matrix_serialize_format_type": "numpy"
}