{
  "profile": "data-package",
  "name": "recipe-2016-v103-endpoint-h-no-ltew.d25994c52d4ca1e8221984565da4b8a5.zip",
  "id": "a41e35face404d0389ef1802e97f9455",
  "licenses": [
    {
      "name": "ODC-PDDL-1.0",
      "path": "http://opendatacommons.org/licenses/pddl/",
      "title": "Open Data Commons Public Domain Dedication and License v1.0"
    }
  ],
  "resources": [
    {
      "profile": "data-resource",
      "format": "npy",
      "mediatype": "application/octet-stream",
      "name": "ReCiPe_2016_v1.03_endpoint_H_no_LT_ecosystem_quality_no_LT_water_use_terrestrial_ecosystems_no_LT_matrix_data.indices",
      "matrix": "characterization_matrix",
      "kind": "indices",
      "path": "ReCiPe_2016_v1.03_endpoint_H_no_LT_ecosystem_quality_no_LT_water_use_terrestrial_ecosystems_no_LT_matrix_data.indices.npy",
      "group": "ReCiPe_2016_v1.03_endpoint_H_no_LT_ecosystem_quality_no_LT_water_use_terrestrial_ecosystems_no_LT_matrix_data",
      "nrows": 4,
      "global_index": 1,
      "identifier": [
        "ReCiPe 2016 v1.03, endpoint (H) no LT",
        "ecosystem quality no LT",
        "water use: terrestrial ecosystems no LT"
      ],
      "category": "vector"
    },
    {
      "profile": "data-resource",
      "format": "npy",
      "mediatype": "application/octet-stream",
      "name": "ReCiPe_2016_v1.03_endpoint_H_no_LT_ecosystem_quality_no_LT_water_use_terrestrial_ecosystems_no_LT_matrix_data.data",
      "matrix": "characterization_matrix",
      "kind": "data",
      "path": "ReCiPe_2016_v1.03_endpoint_H_no_LT_ecosystem_quality_no_LT_water_use_terrestrial_ecosystems_no_LT_matrix_data.data.npy",
      "group": "ReCiPe_2016_v1.03_endpoint_H_no_LT_ecosystem_quality_no_LT_water_use_terrestrial_ecosystems_no_LT_matrix_data",
      "nrows": 4,
      "global_index": 1,
      "identifier": [
        "ReCiPe 2016 v1.03, endpoint (H) no LT",
        "ecosystem quality no LT",
        "water use: terrestrial ecosystems no LT"
      ],
      "category": "vector"
    }
  ],
  "created": "2024-06-16T12:09:02.526621+00:00Z",
  "combinatorial": false,
  "sequential": false,
  "seed": null,
  "sum_intra_duplicates": true,
  "sum_inter_duplicates": false,
  "matrix_serialize_format_type": "numpy"
}