{
  "profile": "data-package",
  "name": "ef-v31-en15804ea.9c3da60f051c2978c511edfb3b81a1da.zip",
  "id": "5cef6d46ba8949938bf454f250a4a681",
  "licenses": [
    {
      "name": "ODC-PDDL-1.0",
      "path": "http://opendatacommons.org/licenses/pddl/",
      "title": "Open Data Commons Public Domain Dedication and License v1.0"
    }
  ],
  "resources": [
    {
      "profile": "data-resource",
      "format": "npy",
      "mediatype": "application/octet-stream",
      "name": "EF_v3.1_EN15804_eutrophication_terrestrial_accumulated_exceedance_AE_matrix_data.indices",
      "matrix": "characterization_matrix",
      "kind": "indices",
      "path": "EF_v3.1_EN15804_eutrophication_terrestrial_accumulated_exceedance_AE_matrix_data.indices.npy",
      "group": "EF_v3.1_EN15804_eutrophication_terrestrial_accumulated_exceedance_AE_matrix_data",
      "nrows": 14,
      "global_index": 1,
      "identifier": [
        "EF v3.1 EN15804",
        "eutrophication: terrestrial",
        "accumulated exceedance (AE)"
      ],
      "category": "vector"
    },
    {
      "profile": "data-resource",
      "format": "npy",
      "mediatype": "application/octet-stream",
      "name": "EF_v3.1_EN15804_eutrophication_terrestrial_accumulated_exceedance_AE_matrix_data.data",
      "matrix": "characterization_matrix",
      "kind": "data",
      "path": "EF_v3.1_EN15804_eutrophication_terrestrial_accumulated_exceedance_AE_matrix_data.data.npy",
      "group": "EF_v3.1_EN15804_eutrophication_terrestrial_accumulated_exceedance_AE_matrix_data",
      "nrows": 14,
      "global_index": 1,
      "identifier": [
        "EF v3.1 EN15804",
        "eutrophication: terrestrial",
        "accumulated exceedance (AE)"
      ],
      "category": "vector"
    }
  ],
  "created": "2024-06-16T12:09:03.533768+00:00Z",
  "combinatorial": false,
  "sequential": false,
  "seed": null,
  "sum_intra_duplicates": true,
  "sum_inter_duplicates": false,
  "matrix_serialize_format_type": "numpy"
}