{
  "profile": "data-package",
  "name": "ef-v30-no-ltef.b0d77391ac1c65323d2437b7b341a337.zip",
  "id": "01d855d5f3a24323b113542858649216",
  "licenses": [
    {
      "name": "ODC-PDDL-1.0",
      "path": "http://opendatacommons.org/licenses/pddl/",
      "title": "Open Data Commons Public Domain Dedication and License v1.0"
    }
  ],
  "resources": [
    {
      "profile": "data-resource",
      "format": "npy",
      "mediatype": "application/octet-stream",
      "name": "EF_v3.0_no_LT_eutrophication_marine_no_LT_fraction_of_nutrients_reaching_marine_end_compartment_N_no_LT_matrix_data.indices",
      "matrix": "characterization_matrix",
      "kind": "indices",
      "path": "EF_v3.0_no_LT_eutrophication_marine_no_LT_fraction_of_nutrients_reaching_marine_end_compartment_N_no_LT_matrix_data.indices.npy",
      "group": "EF_v3.0_no_LT_eutrophication_marine_no_LT_fraction_of_nutrients_reaching_marine_end_compartment_N_no_LT_matrix_data",
      "nrows": 23,
      "global_index": 1,
      "identifier": [
        "EF v3.0 no LT",
        "eutrophication: marine no LT",
        "fraction of nutrients reaching marine end compartment (N) no LT"
      ],
      "category": "vector"
    },
    {
      "profile": "data-resource",
      "format": "npy",
      "mediatype": "application/octet-stream",
      "name": "EF_v3.0_no_LT_eutrophication_marine_no_LT_fraction_of_nutrients_reaching_marine_end_compartment_N_no_LT_matrix_data.data",
      "matrix": "characterization_matrix",
      "kind": "data",
      "path": "EF_v3.0_no_LT_eutrophication_marine_no_LT_fraction_of_nutrients_reaching_marine_end_compartment_N_no_LT_matrix_data.data.npy",
      "group": "EF_v3.0_no_LT_eutrophication_marine_no_LT_fraction_of_nutrients_reaching_marine_end_compartment_N_no_LT_matrix_data",
      "nrows": 23,
      "global_index": 1,
      "identifier": [
        "EF v3.0 no LT",
        "eutrophication: marine no LT",
        "fraction of nutrients reaching marine end compartment (N) no LT"
      ],
      "category": "vector"
    }
  ],
  "created": "2024-06-16T12:09:01.670800+00:00Z",
  "combinatorial": false,
  "sequential": false,
  "seed": null,
  "sum_intra_duplicates": true,
  "sum_inter_duplicates": false,
  "matrix_serialize_format_type": "numpy"
}