{
  "profile": "data-package",
  "name": "cml-v48-2016-no-ltaa.9326888b5dfc8ad763461e87dc5a0a9e.zip",
  "id": "1467996f9cc44a44b8febc0ca32173f4",
  "licenses": [
    {
      "name": "ODC-PDDL-1.0",
      "path": "http://opendatacommons.org/licenses/pddl/",
      "title": "Open Data Commons Public Domain Dedication and License v1.0"
    }
  ],
  "resources": [
    {
      "profile": "data-resource",
      "format": "npy",
      "mediatype": "application/octet-stream",
      "name": "CML_v4.8_2016_no_LT_acidification_no_LT_acidification_incl._fate_average_Europe_total_A_B_no_LT_matrix_data.indices",
      "matrix": "characterization_matrix",
      "kind": "indices",
      "path": "CML_v4.8_2016_no_LT_acidification_no_LT_acidification_incl._fate_average_Europe_total_A_B_no_LT_matrix_data.indices.npy",
      "group": "CML_v4.8_2016_no_LT_acidification_no_LT_acidification_incl._fate_average_Europe_total_A_B_no_LT_matrix_data",
      "nrows": 18,
      "global_index": 1,
      "identifier": [
        "CML v4.8 2016 no LT",
        "acidification no LT",
        "acidification (incl. fate, average Europe total, A&B) no LT"
      ],
      "category": "vector"
    },
    {
      "profile": "data-resource",
      "format": "npy",
      "mediatype": "application/octet-stream",
      "name": "CML_v4.8_2016_no_LT_acidification_no_LT_acidification_incl._fate_average_Europe_total_A_B_no_LT_matrix_data.data",
      "matrix": "characterization_matrix",
      "kind": "data",
      "path": "CML_v4.8_2016_no_LT_acidification_no_LT_acidification_incl._fate_average_Europe_total_A_B_no_LT_matrix_data.data.npy",
      "group": "CML_v4.8_2016_no_LT_acidification_no_LT_acidification_incl._fate_average_Europe_total_A_B_no_LT_matrix_data",
      "nrows": 18,
      "global_index": 1,
      "identifier": [
        "CML v4.8 2016 no LT",
        "acidification no LT",
        "acidification (incl. fate, average Europe total, A&B) no LT"
      ],
      "category": "vector"
    }
  ],
  "created": "2024-06-16T12:09:01.453919+00:00Z",
  "combinatorial": false,
  "sequential": false,
  "seed": null,
  "sum_intra_duplicates": true,
  "sum_inter_duplicates": false,
  "matrix_serialize_format_type": "numpy"
}