{
  "profile": "data-package",
  "name": "usetox-v213-endpoint-no-lthh.5214e586da7f7f5817c95c8a06cc1370.zip",
  "id": "01747e2b2d7a4032a0860e3267aa6fa0",
  "licenses": [
    {
      "name": "ODC-PDDL-1.0",
      "path": "http://opendatacommons.org/licenses/pddl/",
      "title": "Open Data Commons Public Domain Dedication and License v1.0"
    }
  ],
  "resources": [
    {
      "profile": "data-resource",
      "format": "npy",
      "mediatype": "application/octet-stream",
      "name": "USEtox_v2.13_endpoint_no_LT_human_health_no_LT_human_toxicity_non-carcinogenic_no_LT_matrix_data.indices",
      "matrix": "characterization_matrix",
      "kind": "indices",
      "path": "USEtox_v2.13_endpoint_no_LT_human_health_no_LT_human_toxicity_non-carcinogenic_no_LT_matrix_data.indices.npy",
      "group": "USEtox_v2.13_endpoint_no_LT_human_health_no_LT_human_toxicity_non-carcinogenic_no_LT_matrix_data",
      "nrows": 937,
      "global_index": 1,
      "identifier": [
        "USEtox v2.13, endpoint no LT",
        "human health no LT",
        "human toxicity: non-carcinogenic no LT"
      ],
      "category": "vector"
    },
    {
      "profile": "data-resource",
      "format": "npy",
      "mediatype": "application/octet-stream",
      "name": "USEtox_v2.13_endpoint_no_LT_human_health_no_LT_human_toxicity_non-carcinogenic_no_LT_matrix_data.data",
      "matrix": "characterization_matrix",
      "kind": "data",
      "path": "USEtox_v2.13_endpoint_no_LT_human_health_no_LT_human_toxicity_non-carcinogenic_no_LT_matrix_data.data.npy",
      "group": "USEtox_v2.13_endpoint_no_LT_human_health_no_LT_human_toxicity_non-carcinogenic_no_LT_matrix_data",
      "nrows": 937,
      "global_index": 1,
      "identifier": [
        "USEtox v2.13, endpoint no LT",
        "human health no LT",
        "human toxicity: non-carcinogenic no LT"
      ],
      "category": "vector"
    }
  ],
  "created": "2024-06-16T12:09:03.355300+00:00Z",
  "combinatorial": false,
  "sequential": false,
  "seed": null,
  "sum_intra_duplicates": true,
  "sum_inter_duplicates": false,
  "matrix_serialize_format_type": "numpy"
}