{
  "profile": "data-package",
  "name": "en15804in.25b071db3f8d9fff724b8ce7e6424d82.zip",
  "id": "3622e87fc967431c96f55f4c57276b9e",
  "licenses": [
    {
      "name": "ODC-PDDL-1.0",
      "path": "http://opendatacommons.org/licenses/pddl/",
      "title": "Open Data Commons Public Domain Dedication and License v1.0"
    }
  ],
  "resources": [
    {
      "profile": "data-resource",
      "format": "npy",
      "mediatype": "application/octet-stream",
      "name": "EN15804_inventory_indicators_ISO21930_non-hazardous_waste_disposed_matrix_data.indices",
      "matrix": "characterization_matrix",
      "kind": "indices",
      "path": "EN15804_inventory_indicators_ISO21930_non-hazardous_waste_disposed_matrix_data.indices.npy",
      "group": "EN15804_inventory_indicators_ISO21930_non-hazardous_waste_disposed_matrix_data",
      "nrows": 1,
      "global_index": 1,
      "identifier": [
        "EN15804",
        "inventory indicators ISO21930",
        "non-hazardous waste disposed"
      ],
      "category": "vector"
    },
    {
      "profile": "data-resource",
      "format": "npy",
      "mediatype": "application/octet-stream",
      "name": "EN15804_inventory_indicators_ISO21930_non-hazardous_waste_disposed_matrix_data.data",
      "matrix": "characterization_matrix",
      "kind": "data",
      "path": "EN15804_inventory_indicators_ISO21930_non-hazardous_waste_disposed_matrix_data.data.npy",
      "group": "EN15804_inventory_indicators_ISO21930_non-hazardous_waste_disposed_matrix_data",
      "nrows": 1,
      "global_index": 1,
      "identifier": [
        "EN15804",
        "inventory indicators ISO21930",
        "non-hazardous waste disposed"
      ],
      "category": "vector"
    }
  ],
  "created": "2024-06-16T12:09:03.601741+00:00Z",
  "combinatorial": false,
  "sequential": false,
  "seed": null,
  "sum_intra_duplicates": true,
  "sum_inter_duplicates": false,
  "matrix_serialize_format_type": "numpy"
}