{
  "profile": "data-package",
  "name": "ef-v30ef.e2da9993d64f45a5c2469a28d58770be.zip",
  "id": "855bf40d1a0e478a972d9c8c5adb7523",
  "licenses": [
    {
      "name": "ODC-PDDL-1.0",
      "path": "http://opendatacommons.org/licenses/pddl/",
      "title": "Open Data Commons Public Domain Dedication and License v1.0"
    }
  ],
  "resources": [
    {
      "profile": "data-resource",
      "format": "npy",
      "mediatype": "application/octet-stream",
      "name": "EF_v3.0_eutrophication_freshwater_fraction_of_nutrients_reaching_freshwater_end_compartment_P_matrix_data.indices",
      "matrix": "characterization_matrix",
      "kind": "indices",
      "path": "EF_v3.0_eutrophication_freshwater_fraction_of_nutrients_reaching_freshwater_end_compartment_P_matrix_data.indices.npy",
      "group": "EF_v3.0_eutrophication_freshwater_fraction_of_nutrients_reaching_freshwater_end_compartment_P_matrix_data",
      "nrows": 13,
      "global_index": 1,
      "identifier": [
        "EF v3.0",
        "eutrophication: freshwater",
        "fraction of nutrients reaching freshwater end compartment (P)"
      ],
      "category": "vector"
    },
    {
      "profile": "data-resource",
      "format": "npy",
      "mediatype": "application/octet-stream",
      "name": "EF_v3.0_eutrophication_freshwater_fraction_of_nutrients_reaching_freshwater_end_compartment_P_matrix_data.data",
      "matrix": "characterization_matrix",
      "kind": "data",
      "path": "EF_v3.0_eutrophication_freshwater_fraction_of_nutrients_reaching_freshwater_end_compartment_P_matrix_data.data.npy",
      "group": "EF_v3.0_eutrophication_freshwater_fraction_of_nutrients_reaching_freshwater_end_compartment_P_matrix_data",
      "nrows": 13,
      "global_index": 1,
      "identifier": [
        "EF v3.0",
        "eutrophication: freshwater",
        "fraction of nutrients reaching freshwater end compartment (P)"
      ],
      "category": "vector"
    }
  ],
  "created": "2024-06-16T12:09:01.752322+00:00Z",
  "combinatorial": false,
  "sequential": false,
  "seed": null,
  "sum_intra_duplicates": true,
  "sum_inter_duplicates": false,
  "matrix_serialize_format_type": "numpy"
}