{
  "profile": "data-package",
  "name": "ef-v30-no-ltma.1613a0a7bd476ef82b3b3f12836b502f.zip",
  "id": "9f7f26e9856d4794b683ea99b564ce83",
  "licenses": [
    {
      "name": "ODC-PDDL-1.0",
      "path": "http://opendatacommons.org/licenses/pddl/",
      "title": "Open Data Commons Public Domain Dedication and License v1.0"
    }
  ],
  "resources": [
    {
      "profile": "data-resource",
      "format": "npy",
      "mediatype": "application/octet-stream",
      "name": "EF_v3.0_no_LT_material_resources_metals_minerals_no_LT_abiotic_depletion_potential_ADP_elements_ultimate_reserves_no_LT_matrix_data.indices",
      "matrix": "characterization_matrix",
      "kind": "indices",
      "path": "EF_v3.0_no_LT_material_resources_metals_minerals_no_LT_abiotic_depletion_potential_ADP_elements_ultimate_reserves_no_LT_matrix_data.indices.npy",
      "group": "EF_v3.0_no_LT_material_resources_metals_minerals_no_LT_abiotic_depletion_potential_ADP_elements_ultimate_reserves_no_LT_matrix_data",
      "nrows": 64,
      "global_index": 1,
      "identifier": [
        "EF v3.0 no LT",
        "material resources: metals/minerals no LT",
        "abiotic depletion potential (ADP): elements (ultimate reserves) no LT"
      ],
      "category": "vector"
    },
    {
      "profile": "data-resource",
      "format": "npy",
      "mediatype": "application/octet-stream",
      "name": "EF_v3.0_no_LT_material_resources_metals_minerals_no_LT_abiotic_depletion_potential_ADP_elements_ultimate_reserves_no_LT_matrix_data.data",
      "matrix": "characterization_matrix",
      "kind": "data",
      "path": "EF_v3.0_no_LT_material_resources_metals_minerals_no_LT_abiotic_depletion_potential_ADP_elements_ultimate_reserves_no_LT_matrix_data.data.npy",
      "group": "EF_v3.0_no_LT_material_resources_metals_minerals_no_LT_abiotic_depletion_potential_ADP_elements_ultimate_reserves_no_LT_matrix_data",
      "nrows": 64,
      "global_index": 1,
      "identifier": [
        "EF v3.0 no LT",
        "material resources: metals/minerals no LT",
        "abiotic depletion potential (ADP): elements (ultimate reserves) no LT"
      ],
      "category": "vector"
    }
  ],
  "created": "2024-06-16T12:09:01.713927+00:00Z",
  "combinatorial": false,
  "sequential": false,
  "seed": null,
  "sum_intra_duplicates": true,
  "sum_inter_duplicates": false,
  "matrix_serialize_format_type": "numpy"
}