{
  "profile": "data-package",
  "name": "recipe-2016-v103-endpoint-eec.6918c6484ee124dd4547f08e7297de1d.zip",
  "id": "6e75bafe7dee48c5ba811fbbb3d62ce2",
  "licenses": [
    {
      "name": "ODC-PDDL-1.0",
      "path": "http://opendatacommons.org/licenses/pddl/",
      "title": "Open Data Commons Public Domain Dedication and License v1.0"
    }
  ],
  "resources": [
    {
      "profile": "data-resource",
      "format": "npy",
      "mediatype": "application/octet-stream",
      "name": "ReCiPe_2016_v1.03_endpoint_E_ecosystem_quality_climate_change_freshwater_ecosystems_matrix_data.indices",
      "matrix": "characterization_matrix",
      "kind": "indices",
      "path": "ReCiPe_2016_v1.03_endpoint_E_ecosystem_quality_climate_change_freshwater_ecosystems_matrix_data.indices.npy",
      "group": "ReCiPe_2016_v1.03_endpoint_E_ecosystem_quality_climate_change_freshwater_ecosystems_matrix_data",
      "nrows": 128,
      "global_index": 1,
      "identifier": [
        "ReCiPe 2016 v1.03, endpoint (E)",
        "ecosystem quality",
        "climate change: freshwater ecosystems"
      ],
      "category": "vector"
    },
    {
      "profile": "data-resource",
      "format": "npy",
      "mediatype": "application/octet-stream",
      "name": "ReCiPe_2016_v1.03_endpoint_E_ecosystem_quality_climate_change_freshwater_ecosystems_matrix_data.data",
      "matrix": "characterization_matrix",
      "kind": "data",
      "path": "ReCiPe_2016_v1.03_endpoint_E_ecosystem_quality_climate_change_freshwater_ecosystems_matrix_data.data.npy",
      "group": "ReCiPe_2016_v1.03_endpoint_E_ecosystem_quality_climate_change_freshwater_ecosystems_matrix_data",
      "nrows": 128,
      "global_index": 1,
      "identifier": [
        "ReCiPe 2016 v1.03, endpoint (E)",
        "ecosystem quality",
        "climate change: freshwater ecosystems"
      ],
      "category": "vector"
    }
  ],
  "created": "2024-06-16T12:09:02.400051+00:00Z",
  "combinatorial": false,
  "sequential": false,
  "seed": null,
  "sum_intra_duplicates": true,
  "sum_inter_duplicates": false,
  "matrix_serialize_format_type": "numpy"
}