{
  "profile": "data-package",
  "name": "recipe-2016-v103-endpoint-hel.ff0f977c69b453c8aea5471ba7b6064c.zip",
  "id": "d1d72a2ccc4d49cb9e0f36dce87121c2",
  "licenses": [
    {
      "name": "ODC-PDDL-1.0",
      "path": "http://opendatacommons.org/licenses/pddl/",
      "title": "Open Data Commons Public Domain Dedication and License v1.0"
    }
  ],
  "resources": [
    {
      "profile": "data-resource",
      "format": "npy",
      "mediatype": "application/octet-stream",
      "name": "ReCiPe_2016_v1.03_endpoint_H_ecosystem_quality_land_use_matrix_data.indices",
      "matrix": "characterization_matrix",
      "kind": "indices",
      "path": "ReCiPe_2016_v1.03_endpoint_H_ecosystem_quality_land_use_matrix_data.indices.npy",
      "group": "ReCiPe_2016_v1.03_endpoint_H_ecosystem_quality_land_use_matrix_data",
      "nrows": 51,
      "global_index": 1,
      "identifier": [
        "ReCiPe 2016 v1.03, endpoint (H)",
        "ecosystem quality",
        "land use"
      ],
      "category": "vector"
    },
    {
      "profile": "data-resource",
      "format": "npy",
      "mediatype": "application/octet-stream",
      "name": "ReCiPe_2016_v1.03_endpoint_H_ecosystem_quality_land_use_matrix_data.data",
      "matrix": "characterization_matrix",
      "kind": "data",
      "path": "ReCiPe_2016_v1.03_endpoint_H_ecosystem_quality_land_use_matrix_data.data.npy",
      "group": "ReCiPe_2016_v1.03_endpoint_H_ecosystem_quality_land_use_matrix_data",
      "nrows": 51,
      "global_index": 1,
      "identifier": [
        "ReCiPe 2016 v1.03, endpoint (H)",
        "ecosystem quality",
        "land use"
      ],
      "category": "vector"
    }
  ],
  "created": "2024-06-16T12:09:02.606931+00:00Z",
  "combinatorial": false,
  "sequential": false,
  "seed": null,
  "sum_intra_duplicates": true,
  "sum_inter_duplicates": false,
  "matrix_serialize_format_type": "numpy"
}