{
  "profile": "data-package",
  "name": "recipe-2016-v103-endpoint-iee.0ca08e9700bc22a4d672bded6656d953.zip",
  "id": "51151d59895f4ed1a47df54c02e20cb0",
  "licenses": [
    {
      "name": "ODC-PDDL-1.0",
      "path": "http://opendatacommons.org/licenses/pddl/",
      "title": "Open Data Commons Public Domain Dedication and License v1.0"
    }
  ],
  "resources": [
    {
      "profile": "data-resource",
      "format": "npy",
      "mediatype": "application/octet-stream",
      "name": "ReCiPe_2016_v1.03_endpoint_I_ecosystem_quality_ecotoxicity_marine_matrix_data.indices",
      "matrix": "characterization_matrix",
      "kind": "indices",
      "path": "ReCiPe_2016_v1.03_endpoint_I_ecosystem_quality_ecotoxicity_marine_matrix_data.indices.npy",
      "group": "ReCiPe_2016_v1.03_endpoint_I_ecosystem_quality_ecotoxicity_marine_matrix_data",
      "nrows": 1359,
      "global_index": 1,
      "identifier": [
        "ReCiPe 2016 v1.03, endpoint (I)",
        "ecosystem quality",
        "ecotoxicity: marine"
      ],
      "category": "vector"
    },
    {
      "profile": "data-resource",
      "format": "npy",
      "mediatype": "application/octet-stream",
      "name": "ReCiPe_2016_v1.03_endpoint_I_ecosystem_quality_ecotoxicity_marine_matrix_data.data",
      "matrix": "characterization_matrix",
      "kind": "data",
      "path": "ReCiPe_2016_v1.03_endpoint_I_ecosystem_quality_ecotoxicity_marine_matrix_data.data.npy",
      "group": "ReCiPe_2016_v1.03_endpoint_I_ecosystem_quality_ecotoxicity_marine_matrix_data",
      "nrows": 1359,
      "global_index": 1,
      "identifier": [
        "ReCiPe 2016 v1.03, endpoint (I)",
        "ecosystem quality",
        "ecotoxicity: marine"
      ],
      "category": "vector"
    }
  ],
  "created": "2024-06-16T12:09:02.767858+00:00Z",
  "combinatorial": false,
  "sequential": false,
  "seed": null,
  "sum_intra_duplicates": true,
  "sum_inter_duplicates": false,
  "matrix_serialize_format_type": "numpy"
}