{
  "profile": "data-package",
  "name": "ef-v30-no-ltcg.e0b4c646ca9e0c4e30582c8baa6c7b25.zip",
  "id": "ba1732678aef47dd93945277df8afd8a",
  "licenses": [
    {
      "name": "ODC-PDDL-1.0",
      "path": "http://opendatacommons.org/licenses/pddl/",
      "title": "Open Data Commons Public Domain Dedication and License v1.0"
    }
  ],
  "resources": [
    {
      "profile": "data-resource",
      "format": "npy",
      "mediatype": "application/octet-stream",
      "name": "EF_v3.0_no_LT_climate_change_land_use_and_land_use_change_no_LT_global_warming_potential_GWP100_no_LT_matrix_data.indices",
      "matrix": "characterization_matrix",
      "kind": "indices",
      "path": "EF_v3.0_no_LT_climate_change_land_use_and_land_use_change_no_LT_global_warming_potential_GWP100_no_LT_matrix_data.indices.npy",
      "group": "EF_v3.0_no_LT_climate_change_land_use_and_land_use_change_no_LT_global_warming_potential_GWP100_no_LT_matrix_data",
      "nrows": 13,
      "global_index": 1,
      "identifier": [
        "EF v3.0 no LT",
        "climate change: land use and land use change no LT",
        "global warming potential (GWP100) no LT"
      ],
      "category": "vector"
    },
    {
      "profile": "data-resource",
      "format": "npy",
      "mediatype": "application/octet-stream",
      "name": "EF_v3.0_no_LT_climate_change_land_use_and_land_use_change_no_LT_global_warming_potential_GWP100_no_LT_matrix_data.data",
      "matrix": "characterization_matrix",
      "kind": "data",
      "path": "EF_v3.0_no_LT_climate_change_land_use_and_land_use_change_no_LT_global_warming_potential_GWP100_no_LT_matrix_data.data.npy",
      "group": "EF_v3.0_no_LT_climate_change_land_use_and_land_use_change_no_LT_global_warming_potential_GWP100_no_LT_matrix_data",
      "nrows": 13,
      "global_index": 1,
      "identifier": [
        "EF v3.0 no LT",
        "climate change: land use and land use change no LT",
        "global warming potential (GWP100) no LT"
      ],
      "category": "vector"
    }
  ],
  "created": "2024-06-16T12:09:01.640713+00:00Z",
  "combinatorial": false,
  "sequential": false,
  "seed": null,
  "sum_intra_duplicates": true,
  "sum_inter_duplicates": false,
  "matrix_serialize_format_type": "numpy"
}