{
  "profile": "data-package",
  "name": "en15804iu.5e0d5ab5c46539ae55a7ff6448ebb13b.zip",
  "id": "be63d5415e0a40fdaefbacd3efd9eea6",
  "licenses": [
    {
      "name": "ODC-PDDL-1.0",
      "path": "http://opendatacommons.org/licenses/pddl/",
      "title": "Open Data Commons Public Domain Dedication and License v1.0"
    }
  ],
  "resources": [
    {
      "profile": "data-resource",
      "format": "npy",
      "mediatype": "application/octet-stream",
      "name": "EN15804_inventory_indicators_ISO21930_use_of_net_fresh_water_matrix_data.indices",
      "matrix": "characterization_matrix",
      "kind": "indices",
      "path": "EN15804_inventory_indicators_ISO21930_use_of_net_fresh_water_matrix_data.indices.npy",
      "group": "EN15804_inventory_indicators_ISO21930_use_of_net_fresh_water_matrix_data",
      "nrows": 10,
      "global_index": 1,
      "identifier": [
        "EN15804",
        "inventory indicators ISO21930",
        "use of net fresh water"
      ],
      "category": "vector"
    },
    {
      "profile": "data-resource",
      "format": "npy",
      "mediatype": "application/octet-stream",
      "name": "EN15804_inventory_indicators_ISO21930_use_of_net_fresh_water_matrix_data.data",
      "matrix": "characterization_matrix",
      "kind": "data",
      "path": "EN15804_inventory_indicators_ISO21930_use_of_net_fresh_water_matrix_data.data.npy",
      "group": "EN15804_inventory_indicators_ISO21930_use_of_net_fresh_water_matrix_data",
      "nrows": 10,
      "global_index": 1,
      "identifier": [
        "EN15804",
        "inventory indicators ISO21930",
        "use of net fresh water"
      ],
      "category": "vector"
    }
  ],
  "created": "2024-06-16T12:09:03.608331+00:00Z",
  "combinatorial": false,
  "sequential": false,
  "seed": null,
  "sum_intra_duplicates": true,
  "sum_inter_duplicates": false,
  "matrix_serialize_format_type": "numpy"
}