{
  "profile": "data-package",
  "name": "traci-v21-no-ltee.c046c67c249078abd60450e34c4c3e35.zip",
  "id": "5a7b28066dc14aeeae8703658e435d58",
  "licenses": [
    {
      "name": "ODC-PDDL-1.0",
      "path": "http://opendatacommons.org/licenses/pddl/",
      "title": "Open Data Commons Public Domain Dedication and License v1.0"
    }
  ],
  "resources": [
    {
      "profile": "data-resource",
      "format": "npy",
      "mediatype": "application/octet-stream",
      "name": "TRACI_v2.1_no_LT_eutrophication_no_LT_eutrophication_potential_no_LT_matrix_data.indices",
      "matrix": "characterization_matrix",
      "kind": "indices",
      "path": "TRACI_v2.1_no_LT_eutrophication_no_LT_eutrophication_potential_no_LT_matrix_data.indices.npy",
      "group": "TRACI_v2.1_no_LT_eutrophication_no_LT_eutrophication_potential_no_LT_matrix_data",
      "nrows": 52,
      "global_index": 1,
      "identifier": [
        "TRACI v2.1 no LT",
        "eutrophication no LT",
        "eutrophication potential no LT"
      ],
      "category": "vector"
    },
    {
      "profile": "data-resource",
      "format": "npy",
      "mediatype": "application/octet-stream",
      "name": "TRACI_v2.1_no_LT_eutrophication_no_LT_eutrophication_potential_no_LT_matrix_data.data",
      "matrix": "characterization_matrix",
      "kind": "data",
      "path": "TRACI_v2.1_no_LT_eutrophication_no_LT_eutrophication_potential_no_LT_matrix_data.data.npy",
      "group": "TRACI_v2.1_no_LT_eutrophication_no_LT_eutrophication_potential_no_LT_matrix_data",
      "nrows": 52,
      "global_index": 1,
      "identifier": [
        "TRACI v2.1 no LT",
        "eutrophication no LT",
        "eutrophication potential no LT"
      ],
      "category": "vector"
    }
  ],
  "created": "2024-06-16T12:09:03.282835+00:00Z",
  "combinatorial": false,
  "sequential": false,
  "seed": null,
  "sum_intra_duplicates": true,
  "sum_inter_duplicates": false,
  "matrix_serialize_format_type": "numpy"
}