{
  "profile": "data-package",
  "name": "recipe-2016-v103-endpoint-enm.2b3a2fb1e5ad09e54b513cc8f2a32b09.zip",
  "id": "e87a71ef3ade4e5c983bed5f9cb6bb00",
  "licenses": [
    {
      "name": "ODC-PDDL-1.0",
      "path": "http://opendatacommons.org/licenses/pddl/",
      "title": "Open Data Commons Public Domain Dedication and License v1.0"
    }
  ],
  "resources": [
    {
      "profile": "data-resource",
      "format": "npy",
      "mediatype": "application/octet-stream",
      "name": "ReCiPe_2016_v1.03_endpoint_E_natural_resources_material_resources_metals_minerals_matrix_data.indices",
      "matrix": "characterization_matrix",
      "kind": "indices",
      "path": "ReCiPe_2016_v1.03_endpoint_E_natural_resources_material_resources_metals_minerals_matrix_data.indices.npy",
      "group": "ReCiPe_2016_v1.03_endpoint_E_natural_resources_material_resources_metals_minerals_matrix_data",
      "nrows": 59,
      "global_index": 1,
      "identifier": [
        "ReCiPe 2016 v1.03, endpoint (E)",
        "natural resources",
        "material resources: metals/minerals"
      ],
      "category": "vector"
    },
    {
      "profile": "data-resource",
      "format": "npy",
      "mediatype": "application/octet-stream",
      "name": "ReCiPe_2016_v1.03_endpoint_E_natural_resources_material_resources_metals_minerals_matrix_data.data",
      "matrix": "characterization_matrix",
      "kind": "data",
      "path": "ReCiPe_2016_v1.03_endpoint_E_natural_resources_material_resources_metals_minerals_matrix_data.data.npy",
      "group": "ReCiPe_2016_v1.03_endpoint_E_natural_resources_material_resources_metals_minerals_matrix_data",
      "nrows": 59,
      "global_index": 1,
      "identifier": [
        "ReCiPe 2016 v1.03, endpoint (E)",
        "natural resources",
        "material resources: metals/minerals"
      ],
      "category": "vector"
    }
  ],
  "created": "2024-06-16T12:09:02.470710+00:00Z",
  "combinatorial": false,
  "sequential": false,
  "seed": null,
  "sum_intra_duplicates": true,
  "sum_inter_duplicates": false,
  "matrix_serialize_format_type": "numpy"
}