{
  "profile": "data-package",
  "name": "ecological-scarcity-2021ew.a524369d0ec3002615179126e0cac589.zip",
  "id": "b863f4c253cd4c6eaa36a7249d258ff0",
  "licenses": [
    {
      "name": "ODC-PDDL-1.0",
      "path": "http://opendatacommons.org/licenses/pddl/",
      "title": "Open Data Commons Public Domain Dedication and License v1.0"
    }
  ],
  "resources": [
    {
      "profile": "data-resource",
      "format": "npy",
      "mediatype": "application/octet-stream",
      "name": "Ecological_Scarcity_2021_emissions_to_water_water_pollutants_matrix_data.indices",
      "matrix": "characterization_matrix",
      "kind": "indices",
      "path": "Ecological_Scarcity_2021_emissions_to_water_water_pollutants_matrix_data.indices.npy",
      "group": "Ecological_Scarcity_2021_emissions_to_water_water_pollutants_matrix_data",
      "nrows": 89,
      "global_index": 1,
      "identifier": [
        "Ecological Scarcity 2021",
        "emissions to water",
        "water pollutants"
      ],
      "category": "vector"
    },
    {
      "profile": "data-resource",
      "format": "npy",
      "mediatype": "application/octet-stream",
      "name": "Ecological_Scarcity_2021_emissions_to_water_water_pollutants_matrix_data.data",
      "matrix": "characterization_matrix",
      "kind": "data",
      "path": "Ecological_Scarcity_2021_emissions_to_water_water_pollutants_matrix_data.data.npy",
      "group": "Ecological_Scarcity_2021_emissions_to_water_water_pollutants_matrix_data",
      "nrows": 89,
      "global_index": 1,
      "identifier": [
        "Ecological Scarcity 2021",
        "emissions to water",
        "water pollutants"
      ],
      "category": "vector"
    }
  ],
  "created": "2024-06-16T12:09:01.610542+00:00Z",
  "combinatorial": false,
  "sequential": false,
  "seed": null,
  "sum_intra_duplicates": true,
  "sum_inter_duplicates": false,
  "matrix_serialize_format_type": "numpy"
}