{
  "profile": "data-package",
  "name": "recipe-2016-v103-midpoint-h-no-ltem.8f224a196bcfb746b69749a4f689993e.zip",
  "id": "414f1af1a7b04177b8c6b0728eb489f1",
  "licenses": [
    {
      "name": "ODC-PDDL-1.0",
      "path": "http://opendatacommons.org/licenses/pddl/",
      "title": "Open Data Commons Public Domain Dedication and License v1.0"
    }
  ],
  "resources": [
    {
      "profile": "data-resource",
      "format": "npy",
      "mediatype": "application/octet-stream",
      "name": "ReCiPe_2016_v1.03_midpoint_H_no_LT_ecotoxicity_marine_no_LT_marine_ecotoxicity_potential_METP_no_LT_matrix_data.indices",
      "matrix": "characterization_matrix",
      "kind": "indices",
      "path": "ReCiPe_2016_v1.03_midpoint_H_no_LT_ecotoxicity_marine_no_LT_marine_ecotoxicity_potential_METP_no_LT_matrix_data.indices.npy",
      "group": "ReCiPe_2016_v1.03_midpoint_H_no_LT_ecotoxicity_marine_no_LT_marine_ecotoxicity_potential_METP_no_LT_matrix_data",
      "nrows": 1475,
      "global_index": 1,
      "identifier": [
        "ReCiPe 2016 v1.03, midpoint (H) no LT",
        "ecotoxicity: marine no LT",
        "marine ecotoxicity potential (METP) no LT"
      ],
      "category": "vector"
    },
    {
      "profile": "data-resource",
      "format": "npy",
      "mediatype": "application/octet-stream",
      "name": "ReCiPe_2016_v1.03_midpoint_H_no_LT_ecotoxicity_marine_no_LT_marine_ecotoxicity_potential_METP_no_LT_matrix_data.data",
      "matrix": "characterization_matrix",
      "kind": "data",
      "path": "ReCiPe_2016_v1.03_midpoint_H_no_LT_ecotoxicity_marine_no_LT_marine_ecotoxicity_potential_METP_no_LT_matrix_data.data.npy",
      "group": "ReCiPe_2016_v1.03_midpoint_H_no_LT_ecotoxicity_marine_no_LT_marine_ecotoxicity_potential_METP_no_LT_matrix_data",
      "nrows": 1475,
      "global_index": 1,
      "identifier": [
        "ReCiPe 2016 v1.03, midpoint (H) no LT",
        "ecotoxicity: marine no LT",
        "marine ecotoxicity potential (METP) no LT"
      ],
      "category": "vector"
    }
  ],
  "created": "2024-06-16T12:09:02.993361+00:00Z",
  "combinatorial": false,
  "sequential": false,
  "seed": null,
  "sum_intra_duplicates": true,
  "sum_inter_duplicates": false,
  "matrix_serialize_format_type": "numpy"
}