{
  "profile": "data-package",
  "name": "recipe-2016-v103-midpoint-e-no-ltii.0fcc92f5f97ee9f7fbbf705b5caa6d4a.zip",
  "id": "caf8af96398a46c8aed399da385790d2",
  "licenses": [
    {
      "name": "ODC-PDDL-1.0",
      "path": "http://opendatacommons.org/licenses/pddl/",
      "title": "Open Data Commons Public Domain Dedication and License v1.0"
    }
  ],
  "resources": [
    {
      "profile": "data-resource",
      "format": "npy",
      "mediatype": "application/octet-stream",
      "name": "ReCiPe_2016_v1.03_midpoint_E_no_LT_ionising_radiation_no_LT_ionising_radiation_potential_IRP_no_LT_matrix_data.indices",
      "matrix": "characterization_matrix",
      "kind": "indices",
      "path": "ReCiPe_2016_v1.03_midpoint_E_no_LT_ionising_radiation_no_LT_ionising_radiation_potential_IRP_no_LT_matrix_data.indices.npy",
      "group": "ReCiPe_2016_v1.03_midpoint_E_no_LT_ionising_radiation_no_LT_ionising_radiation_potential_IRP_no_LT_matrix_data",
      "nrows": 175,
      "global_index": 1,
      "identifier": [
        "ReCiPe 2016 v1.03, midpoint (E) no LT",
        "ionising radiation no LT",
        "ionising radiation potential (IRP) no LT"
      ],
      "category": "vector"
    },
    {
      "profile": "data-resource",
      "format": "npy",
      "mediatype": "application/octet-stream",
      "name": "ReCiPe_2016_v1.03_midpoint_E_no_LT_ionising_radiation_no_LT_ionising_radiation_potential_IRP_no_LT_matrix_data.data",
      "matrix": "characterization_matrix",
      "kind": "data",
      "path": "ReCiPe_2016_v1.03_midpoint_E_no_LT_ionising_radiation_no_LT_ionising_radiation_potential_IRP_no_LT_matrix_data.data.npy",
      "group": "ReCiPe_2016_v1.03_midpoint_E_no_LT_ionising_radiation_no_LT_ionising_radiation_potential_IRP_no_LT_matrix_data",
      "nrows": 175,
      "global_index": 1,
      "identifier": [
        "ReCiPe 2016 v1.03, midpoint (E) no LT",
        "ionising radiation no LT",
        "ionising radiation potential (IRP) no LT"
      ],
      "category": "vector"
    }
  ],
  "created": "2024-06-16T12:09:02.886380+00:00Z",
  "combinatorial": false,
  "sequential": false,
  "seed": null,
  "sum_intra_duplicates": true,
  "sum_inter_duplicates": false,
  "matrix_serialize_format_type": "numpy"
}