{
  "profile": "data-package",
  "name": "ef-v31ef.f6f366fc261423655cb0db33db455bde.zip",
  "id": "b46873fabec94fb6806bb2f3e32abb3d",
  "licenses": [
    {
      "name": "ODC-PDDL-1.0",
      "path": "http://opendatacommons.org/licenses/pddl/",
      "title": "Open Data Commons Public Domain Dedication and License v1.0"
    }
  ],
  "resources": [
    {
      "profile": "data-resource",
      "format": "npy",
      "mediatype": "application/octet-stream",
      "name": "EF_v3.1_eutrophication_marine_fraction_of_nutrients_reaching_marine_end_compartment_N_matrix_data.indices",
      "matrix": "characterization_matrix",
      "kind": "indices",
      "path": "EF_v3.1_eutrophication_marine_fraction_of_nutrients_reaching_marine_end_compartment_N_matrix_data.indices.npy",
      "group": "EF_v3.1_eutrophication_marine_fraction_of_nutrients_reaching_marine_end_compartment_N_matrix_data",
      "nrows": 29,
      "global_index": 1,
      "identifier": [
        "EF v3.1",
        "eutrophication: marine",
        "fraction of nutrients reaching marine end compartment (N)"
      ],
      "category": "vector"
    },
    {
      "profile": "data-resource",
      "format": "npy",
      "mediatype": "application/octet-stream",
      "name": "EF_v3.1_eutrophication_marine_fraction_of_nutrients_reaching_marine_end_compartment_N_matrix_data.data",
      "matrix": "characterization_matrix",
      "kind": "data",
      "path": "EF_v3.1_eutrophication_marine_fraction_of_nutrients_reaching_marine_end_compartment_N_matrix_data.data.npy",
      "group": "EF_v3.1_eutrophication_marine_fraction_of_nutrients_reaching_marine_end_compartment_N_matrix_data",
      "nrows": 29,
      "global_index": 1,
      "identifier": [
        "EF v3.1",
        "eutrophication: marine",
        "fraction of nutrients reaching marine end compartment (N)"
      ],
      "category": "vector"
    }
  ],
  "created": "2024-06-16T12:09:01.923260+00:00Z",
  "combinatorial": false,
  "sequential": false,
  "seed": null,
  "sum_intra_duplicates": true,
  "sum_inter_duplicates": false,
  "matrix_serialize_format_type": "numpy"
}