{
  "profile": "data-package",
  "name": "ecological-scarcity-2021-no-ltec.abcd43ba80d20d8827603334581e8191.zip",
  "id": "b2f309072fa446b0bda960db13c3274b",
  "licenses": [
    {
      "name": "ODC-PDDL-1.0",
      "path": "http://opendatacommons.org/licenses/pddl/",
      "title": "Open Data Commons Public Domain Dedication and License v1.0"
    }
  ],
  "resources": [
    {
      "profile": "data-resource",
      "format": "npy",
      "mediatype": "application/octet-stream",
      "name": "Ecological_Scarcity_2021_no_LT_emissions_to_air_no_LT_carcinogenic_substances_into_air_no_LT_matrix_data.indices",
      "matrix": "characterization_matrix",
      "kind": "indices",
      "path": "Ecological_Scarcity_2021_no_LT_emissions_to_air_no_LT_carcinogenic_substances_into_air_no_LT_matrix_data.indices.npy",
      "group": "Ecological_Scarcity_2021_no_LT_emissions_to_air_no_LT_carcinogenic_substances_into_air_no_LT_matrix_data",
      "nrows": 45,
      "global_index": 1,
      "identifier": [
        "Ecological Scarcity 2021 no LT",
        "emissions to air no LT",
        "carcinogenic substances into air no LT"
      ],
      "category": "vector"
    },
    {
      "profile": "data-resource",
      "format": "npy",
      "mediatype": "application/octet-stream",
      "name": "Ecological_Scarcity_2021_no_LT_emissions_to_air_no_LT_carcinogenic_substances_into_air_no_LT_matrix_data.data",
      "matrix": "characterization_matrix",
      "kind": "data",
      "path": "Ecological_Scarcity_2021_no_LT_emissions_to_air_no_LT_carcinogenic_substances_into_air_no_LT_matrix_data.data.npy",
      "group": "Ecological_Scarcity_2021_no_LT_emissions_to_air_no_LT_carcinogenic_substances_into_air_no_LT_matrix_data",
      "nrows": 45,
      "global_index": 1,
      "identifier": [
        "Ecological Scarcity 2021 no LT",
        "emissions to air no LT",
        "carcinogenic substances into air no LT"
      ],
      "category": "vector"
    }
  ],
  "created": "2024-06-16T12:09:01.556142+00:00Z",
  "combinatorial": false,
  "sequential": false,
  "seed": null,
  "sum_intra_duplicates": true,
  "sum_inter_duplicates": false,
  "matrix_serialize_format_type": "numpy"
}