{
  "profile": "data-package",
  "name": "ecological-scarcity-2021ee.f87d5afbae43e6ceb531ee1bc367e2f3.zip",
  "id": "5f041f093d644da5b6fbb47a31220034",
  "licenses": [
    {
      "name": "ODC-PDDL-1.0",
      "path": "http://opendatacommons.org/licenses/pddl/",
      "title": "Open Data Commons Public Domain Dedication and License v1.0"
    }
  ],
  "resources": [
    {
      "profile": "data-resource",
      "format": "npy",
      "mediatype": "application/octet-stream",
      "name": "Ecological_Scarcity_2021_energy_resources_energy_resources_matrix_data.indices",
      "matrix": "characterization_matrix",
      "kind": "indices",
      "path": "Ecological_Scarcity_2021_energy_resources_energy_resources_matrix_data.indices.npy",
      "group": "Ecological_Scarcity_2021_energy_resources_energy_resources_matrix_data",
      "nrows": 12,
      "global_index": 1,
      "identifier": [
        "Ecological Scarcity 2021",
        "energy resources",
        "energy resources"
      ],
      "category": "vector"
    },
    {
      "profile": "data-resource",
      "format": "npy",
      "mediatype": "application/octet-stream",
      "name": "Ecological_Scarcity_2021_energy_resources_energy_resources_matrix_data.data",
      "matrix": "characterization_matrix",
      "kind": "data",
      "path": "Ecological_Scarcity_2021_energy_resources_energy_resources_matrix_data.data.npy",
      "group": "Ecological_Scarcity_2021_energy_resources_energy_resources_matrix_data",
      "nrows": 12,
      "global_index": 1,
      "identifier": [
        "Ecological Scarcity 2021",
        "energy resources",
        "energy resources"
      ],
      "category": "vector"
    }
  ],
  "created": "2024-06-16T12:09:01.612023+00:00Z",
  "combinatorial": false,
  "sequential": false,
  "seed": null,
  "sum_intra_duplicates": true,
  "sum_inter_duplicates": false,
  "matrix_serialize_format_type": "numpy"
}