{
  "profile": "data-package",
  "name": "ef-v31ec.7738317ea31d521f4447bb94aeb2cd45.zip",
  "id": "91291399daf44f34ae2cce4e7013bed3",
  "licenses": [
    {
      "name": "ODC-PDDL-1.0",
      "path": "http://opendatacommons.org/licenses/pddl/",
      "title": "Open Data Commons Public Domain Dedication and License v1.0"
    }
  ],
  "resources": [
    {
      "profile": "data-resource",
      "format": "npy",
      "mediatype": "application/octet-stream",
      "name": "EF_v3.1_ecotoxicity_freshwater_organics_comparative_toxic_unit_for_ecosystems_CTUe_matrix_data.indices",
      "matrix": "characterization_matrix",
      "kind": "indices",
      "path": "EF_v3.1_ecotoxicity_freshwater_organics_comparative_toxic_unit_for_ecosystems_CTUe_matrix_data.indices.npy",
      "group": "EF_v3.1_ecotoxicity_freshwater_organics_comparative_toxic_unit_for_ecosystems_CTUe_matrix_data",
      "nrows": 1833,
      "global_index": 1,
      "identifier": [
        "EF v3.1",
        "ecotoxicity: freshwater, organics",
        "comparative toxic unit for ecosystems (CTUe)"
      ],
      "category": "vector"
    },
    {
      "profile": "data-resource",
      "format": "npy",
      "mediatype": "application/octet-stream",
      "name": "EF_v3.1_ecotoxicity_freshwater_organics_comparative_toxic_unit_for_ecosystems_CTUe_matrix_data.data",
      "matrix": "characterization_matrix",
      "kind": "data",
      "path": "EF_v3.1_ecotoxicity_freshwater_organics_comparative_toxic_unit_for_ecosystems_CTUe_matrix_data.data.npy",
      "group": "EF_v3.1_ecotoxicity_freshwater_organics_comparative_toxic_unit_for_ecosystems_CTUe_matrix_data",
      "nrows": 1833,
      "global_index": 1,
      "identifier": [
        "EF v3.1",
        "ecotoxicity: freshwater, organics",
        "comparative toxic unit for ecosystems (CTUe)"
      ],
      "category": "vector"
    }
  ],
  "created": "2024-06-16T12:09:01.912226+00:00Z",
  "combinatorial": false,
  "sequential": false,
  "seed": null,
  "sum_intra_duplicates": true,
  "sum_inter_duplicates": false,
  "matrix_serialize_format_type": "numpy"
}