{
  "profile": "data-package",
  "name": "ef-v30-en15804aa.05f1d7aa808e3cae95010227efe4090b.zip",
  "id": "a978b22de06b4f9fb470a67bf8460a7c",
  "licenses": [
    {
      "name": "ODC-PDDL-1.0",
      "path": "http://opendatacommons.org/licenses/pddl/",
      "title": "Open Data Commons Public Domain Dedication and License v1.0"
    }
  ],
  "resources": [
    {
      "profile": "data-resource",
      "format": "npy",
      "mediatype": "application/octet-stream",
      "name": "EF_v3.0_EN15804_acidification_accumulated_exceedance_AE_matrix_data.indices",
      "matrix": "characterization_matrix",
      "kind": "indices",
      "path": "EF_v3.0_EN15804_acidification_accumulated_exceedance_AE_matrix_data.indices.npy",
      "group": "EF_v3.0_EN15804_acidification_accumulated_exceedance_AE_matrix_data",
      "nrows": 19,
      "global_index": 1,
      "identifier": [
        "EF v3.0 EN15804",
        "acidification",
        "accumulated exceedance (AE)"
      ],
      "category": "vector"
    },
    {
      "profile": "data-resource",
      "format": "npy",
      "mediatype": "application/octet-stream",
      "name": "EF_v3.0_EN15804_acidification_accumulated_exceedance_AE_matrix_data.data",
      "matrix": "characterization_matrix",
      "kind": "data",
      "path": "EF_v3.0_EN15804_acidification_accumulated_exceedance_AE_matrix_data.data.npy",
      "group": "EF_v3.0_EN15804_acidification_accumulated_exceedance_AE_matrix_data",
      "nrows": 19,
      "global_index": 1,
      "identifier": [
        "EF v3.0 EN15804",
        "acidification",
        "accumulated exceedance (AE)"
      ],
      "category": "vector"
    }
  ],
  "created": "2024-06-16T12:09:03.412943+00:00Z",
  "combinatorial": false,
  "sequential": false,
  "seed": null,
  "sum_intra_duplicates": true,
  "sum_inter_duplicates": false,
  "matrix_serialize_format_type": "numpy"
}