{
  "profile": "data-package",
  "name": "inventory-results-and-indicatorsrw.1b6b3dab01c11aed444777baea8b16c1.zip",
  "id": "24f43ce7cc904467949e8bf55c9f7e7d",
  "licenses": [
    {
      "name": "ODC-PDDL-1.0",
      "path": "http://opendatacommons.org/licenses/pddl/",
      "title": "Open Data Commons Public Domain Dedication and License v1.0"
    }
  ],
  "resources": [
    {
      "profile": "data-resource",
      "format": "npy",
      "mediatype": "application/octet-stream",
      "name": "Inventory_results_and_indicators_resources_water_extraction_saltwater_matrix_data.indices",
      "matrix": "characterization_matrix",
      "kind": "indices",
      "path": "Inventory_results_and_indicators_resources_water_extraction_saltwater_matrix_data.indices.npy",
      "group": "Inventory_results_and_indicators_resources_water_extraction_saltwater_matrix_data",
      "nrows": 2,
      "global_index": 1,
      "identifier": [
        "Inventory results and indicators",
        "resources",
        "water extraction, saltwater"
      ],
      "category": "vector"
    },
    {
      "profile": "data-resource",
      "format": "npy",
      "mediatype": "application/octet-stream",
      "name": "Inventory_results_and_indicators_resources_water_extraction_saltwater_matrix_data.data",
      "matrix": "characterization_matrix",
      "kind": "data",
      "path": "Inventory_results_and_indicators_resources_water_extraction_saltwater_matrix_data.data.npy",
      "group": "Inventory_results_and_indicators_resources_water_extraction_saltwater_matrix_data",
      "nrows": 2,
      "global_index": 1,
      "identifier": [
        "Inventory results and indicators",
        "resources",
        "water extraction, saltwater"
      ],
      "category": "vector"
    }
  ],
  "created": "2024-06-16T12:09:02.060565+00:00Z",
  "combinatorial": false,
  "sequential": false,
  "seed": null,
  "sum_intra_duplicates": true,
  "sum_inter_duplicates": false,
  "matrix_serialize_format_type": "numpy"
}