{
  "profile": "data-package",
  "name": "ipcc-2021cg.ebb21df3f6ec1f83bf0c5952dfaec029.zip",
  "id": "ca3b7e1112234a569fc473eaf2a7359c",
  "licenses": [
    {
      "name": "ODC-PDDL-1.0",
      "path": "http://opendatacommons.org/licenses/pddl/",
      "title": "Open Data Commons Public Domain Dedication and License v1.0"
    }
  ],
  "resources": [
    {
      "profile": "data-resource",
      "format": "npy",
      "mediatype": "application/octet-stream",
      "name": "IPCC_2021_climate_change_biogenic_global_temperature_change_potential_GTP50_matrix_data.indices",
      "matrix": "characterization_matrix",
      "kind": "indices",
      "path": "IPCC_2021_climate_change_biogenic_global_temperature_change_potential_GTP50_matrix_data.indices.npy",
      "group": "IPCC_2021_climate_change_biogenic_global_temperature_change_potential_GTP50_matrix_data",
      "nrows": 4,
      "global_index": 1,
      "identifier": [
        "IPCC 2021",
        "climate change: biogenic",
        "global temperature change potential (GTP50)"
      ],
      "category": "vector"
    },
    {
      "profile": "data-resource",
      "format": "npy",
      "mediatype": "application/octet-stream",
      "name": "IPCC_2021_climate_change_biogenic_global_temperature_change_potential_GTP50_matrix_data.data",
      "matrix": "characterization_matrix",
      "kind": "data",
      "path": "IPCC_2021_climate_change_biogenic_global_temperature_change_potential_GTP50_matrix_data.data.npy",
      "group": "IPCC_2021_climate_change_biogenic_global_temperature_change_potential_GTP50_matrix_data",
      "nrows": 4,
      "global_index": 1,
      "identifier": [
        "IPCC 2021",
        "climate change: biogenic",
        "global temperature change potential (GTP50)"
      ],
      "category": "vector"
    }
  ],
  "created": "2024-06-16T12:09:02.238791+00:00Z",
  "combinatorial": false,
  "sequential": false,
  "seed": null,
  "sum_intra_duplicates": true,
  "sum_inter_duplicates": false,
  "matrix_serialize_format_type": "numpy"
}