{
  "profile": "data-package",
  "name": "ecoinvent_3_10_1_selected_datasets",
  "id": "c094864b83334b9da51f8ca0efc9469c",
  "licenses": [
    {
      "name": "ODC-PDDL-1.0",
      "path": "http://opendatacommons.org/licenses/pddl/",
      "title": "Open Data Commons Public Domain Dedication and License v1.0"
    }
  ],
  "resources": [
    {
      "profile": "data-resource",
      "format": "npy",
      "mediatype": "application/octet-stream",
      "name": "ecoinvent_3_10_1_selected_datasets_inventory_geomapping_matrix.indices",
      "matrix": "inv_geomapping_matrix",
      "kind": "indices",
      "path": "ecoinvent_3_10_1_selected_datasets_inventory_geomapping_matrix.indices.npy",
      "group": "ecoinvent_3_10_1_selected_datasets_inventory_geomapping_matrix",
      "nrows": 44,
      "category": "vector"
    },
    {
      "profile": "data-resource",
      "format": "npy",
      "mediatype": "application/octet-stream",
      "name": "ecoinvent_3_10_1_selected_datasets_inventory_geomapping_matrix.data",
      "matrix": "inv_geomapping_matrix",
      "kind": "data",
      "path": "ecoinvent_3_10_1_selected_datasets_inventory_geomapping_matrix.data.npy",
      "group": "ecoinvent_3_10_1_selected_datasets_inventory_geomapping_matrix",
      "nrows": 44,
      "category": "vector"
    },
    {
      "profile": "data-resource",
      "format": "npy",
      "mediatype": "application/octet-stream",
      "name": "ecoinvent_3_10_1_selected_datasets_biosphere_matrix.indices",
      "matrix": "biosphere_matrix",
      "kind": "indices",
      "path": "ecoinvent_3_10_1_selected_datasets_biosphere_matrix.indices.npy",
      "group": "ecoinvent_3_10_1_selected_datasets_biosphere_matrix",
      "nrows": 99572,
      "category": "vector"
    },
    {
      "profile": "data-resource",
      "format": "npy",
      "mediatype": "application/octet-stream",
      "name": "ecoinvent_3_10_1_selected_datasets_biosphere_matrix.data",
      "matrix": "biosphere_matrix",
      "kind": "data",
      "path": "ecoinvent_3_10_1_selected_datasets_biosphere_matrix.data.npy",
      "group": "ecoinvent_3_10_1_selected_datasets_biosphere_matrix",
      "nrows": 99572,
      "category": "vector"
    },
    {
      "profile": "data-resource",
      "format": "npy",
      "mediatype": "application/octet-stream",
      "name": "ecoinvent_3_10_1_selected_datasets_technosphere_matrix.indices",
      "matrix": "technosphere_matrix",
      "kind": "indices",
      "path": "ecoinvent_3_10_1_selected_datasets_technosphere_matrix.indices.npy",
      "group": "ecoinvent_3_10_1_selected_datasets_technosphere_matrix",
      "nrows": 44,
      "category": "vector"
    },
    {
      "profile": "data-resource",
      "format": "npy",
      "mediatype": "application/octet-stream",
      "name": "ecoinvent_3_10_1_selected_datasets_technosphere_matrix.data",
      "matrix": "technosphere_matrix",
      "kind": "data",
      "path": "ecoinvent_3_10_1_selected_datasets_technosphere_matrix.data.npy",
      "group": "ecoinvent_3_10_1_selected_datasets_technosphere_matrix",
      "nrows": 44,
      "category": "vector"
    }
  ],
  "created": "2025-04-06T09:01:16.406577+00:00Z",
  "combinatorial": false,
  "sequential": false,
  "seed": null,
  "64_bit_indices": true,
  "sum_intra_duplicates": true,
  "sum_inter_duplicates": false,
  "matrix_serialize_format_type": "numpy"
}