{
  "profile": "data-package",
  "name": "ef-v30-en15804oo.53c327671039f88f293f0f3b591aa46d.zip",
  "id": "98c07791459b4992a5f391acf1d8d776",
  "licenses": [
    {
      "name": "ODC-PDDL-1.0",
      "path": "http://opendatacommons.org/licenses/pddl/",
      "title": "Open Data Commons Public Domain Dedication and License v1.0"
    }
  ],
  "resources": [
    {
      "profile": "data-resource",
      "format": "npy",
      "mediatype": "application/octet-stream",
      "name": "EF_v3.0_EN15804_ozone_depletion_ozone_depletion_potential_ODP_matrix_data.indices",
      "matrix": "characterization_matrix",
      "kind": "indices",
      "path": "EF_v3.0_EN15804_ozone_depletion_ozone_depletion_potential_ODP_matrix_data.indices.npy",
      "group": "EF_v3.0_EN15804_ozone_depletion_ozone_depletion_potential_ODP_matrix_data",
      "nrows": 61,
      "global_index": 1,
      "identifier": [
        "EF v3.0 EN15804",
        "ozone depletion",
        "ozone depletion potential (ODP)"
      ],
      "category": "vector"
    },
    {
      "profile": "data-resource",
      "format": "npy",
      "mediatype": "application/octet-stream",
      "name": "EF_v3.0_EN15804_ozone_depletion_ozone_depletion_potential_ODP_matrix_data.data",
      "matrix": "characterization_matrix",
      "kind": "data",
      "path": "EF_v3.0_EN15804_ozone_depletion_ozone_depletion_potential_ODP_matrix_data.data.npy",
      "group": "EF_v3.0_EN15804_ozone_depletion_ozone_depletion_potential_ODP_matrix_data",
      "nrows": 61,
      "global_index": 1,
      "identifier": [
        "EF v3.0 EN15804",
        "ozone depletion",
        "ozone depletion potential (ODP)"
      ],
      "category": "vector"
    }
  ],
  "created": "2024-06-16T12:09:03.480361+00:00Z",
  "combinatorial": false,
  "sequential": false,
  "seed": null,
  "sum_intra_duplicates": true,
  "sum_inter_duplicates": false,
  "matrix_serialize_format_type": "numpy"
}