{
  "profile": "data-package",
  "name": "ef-v31oo.24ecf0ac9220dda9512c1face21d9a36.zip",
  "id": "183ac8721bdb4f1ba99a369f1a5cc171",
  "licenses": [
    {
      "name": "ODC-PDDL-1.0",
      "path": "http://opendatacommons.org/licenses/pddl/",
      "title": "Open Data Commons Public Domain Dedication and License v1.0"
    }
  ],
  "resources": [
    {
      "profile": "data-resource",
      "format": "npy",
      "mediatype": "application/octet-stream",
      "name": "EF_v3.1_ozone_depletion_ozone_depletion_potential_ODP_matrix_data.indices",
      "matrix": "characterization_matrix",
      "kind": "indices",
      "path": "EF_v3.1_ozone_depletion_ozone_depletion_potential_ODP_matrix_data.indices.npy",
      "group": "EF_v3.1_ozone_depletion_ozone_depletion_potential_ODP_matrix_data",
      "nrows": 61,
      "global_index": 1,
      "identifier": [
        "EF v3.1",
        "ozone depletion",
        "ozone depletion potential (ODP)"
      ],
      "category": "vector"
    },
    {
      "profile": "data-resource",
      "format": "npy",
      "mediatype": "application/octet-stream",
      "name": "EF_v3.1_ozone_depletion_ozone_depletion_potential_ODP_matrix_data.data",
      "matrix": "characterization_matrix",
      "kind": "data",
      "path": "EF_v3.1_ozone_depletion_ozone_depletion_potential_ODP_matrix_data.data.npy",
      "group": "EF_v3.1_ozone_depletion_ozone_depletion_potential_ODP_matrix_data",
      "nrows": 61,
      "global_index": 1,
      "identifier": [
        "EF v3.1",
        "ozone depletion",
        "ozone depletion potential (ODP)"
      ],
      "category": "vector"
    }
  ],
  "created": "2024-06-16T12:09:01.963730+00:00Z",
  "combinatorial": false,
  "sequential": false,
  "seed": null,
  "sum_intra_duplicates": true,
  "sum_inter_duplicates": false,
  "matrix_serialize_format_type": "numpy"
}