{
  "profile": "data-package",
  "name": "cumulative-exergy-demand-cexdee.76fc755d65adfde1eed99f0ffb7ef1d7.zip",
  "id": "42026a9846024492bb23f4d1cde50251",
  "licenses": [
    {
      "name": "ODC-PDDL-1.0",
      "path": "http://opendatacommons.org/licenses/pddl/",
      "title": "Open Data Commons Public Domain Dedication and License v1.0"
    }
  ],
  "resources": [
    {
      "profile": "data-resource",
      "format": "npy",
      "mediatype": "application/octet-stream",
      "name": "Cumulative_Exergy_Demand_CExD_energy_resources_non-renewable_fossil_exergy_content_matrix_data.indices",
      "matrix": "characterization_matrix",
      "kind": "indices",
      "path": "Cumulative_Exergy_Demand_CExD_energy_resources_non-renewable_fossil_exergy_content_matrix_data.indices.npy",
      "group": "Cumulative_Exergy_Demand_CExD_energy_resources_non-renewable_fossil_exergy_content_matrix_data",
      "nrows": 6,
      "global_index": 1,
      "identifier": [
        "Cumulative Exergy Demand (CExD)",
        "energy resources: non-renewable, fossil",
        "exergy content"
      ],
      "category": "vector"
    },
    {
      "profile": "data-resource",
      "format": "npy",
      "mediatype": "application/octet-stream",
      "name": "Cumulative_Exergy_Demand_CExD_energy_resources_non-renewable_fossil_exergy_content_matrix_data.data",
      "matrix": "characterization_matrix",
      "kind": "data",
      "path": "Cumulative_Exergy_Demand_CExD_energy_resources_non-renewable_fossil_exergy_content_matrix_data.data.npy",
      "group": "Cumulative_Exergy_Demand_CExD_energy_resources_non-renewable_fossil_exergy_content_matrix_data",
      "nrows": 6,
      "global_index": 1,
      "identifier": [
        "Cumulative Exergy Demand (CExD)",
        "energy resources: non-renewable, fossil",
        "exergy content"
      ],
      "category": "vector"
    }
  ],
  "created": "2024-06-16T12:09:01.528246+00:00Z",
  "combinatorial": false,
  "sequential": false,
  "seed": null,
  "sum_intra_duplicates": true,
  "sum_inter_duplicates": false,
  "matrix_serialize_format_type": "numpy"
}