{
  "profile": "data-package",
  "name": "ef-v31pt.95555b6153df96f07ec8b068a49d2479.zip",
  "id": "9f88166092564612ac244e223d9fa371",
  "licenses": [
    {
      "name": "ODC-PDDL-1.0",
      "path": "http://opendatacommons.org/licenses/pddl/",
      "title": "Open Data Commons Public Domain Dedication and License v1.0"
    }
  ],
  "resources": [
    {
      "profile": "data-resource",
      "format": "npy",
      "mediatype": "application/octet-stream",
      "name": "EF_v3.1_photochemical_oxidant_formation_human_health_tropospheric_ozone_concentration_increase_matrix_data.indices",
      "matrix": "characterization_matrix",
      "kind": "indices",
      "path": "EF_v3.1_photochemical_oxidant_formation_human_health_tropospheric_ozone_concentration_increase_matrix_data.indices.npy",
      "group": "EF_v3.1_photochemical_oxidant_formation_human_health_tropospheric_ozone_concentration_increase_matrix_data",
      "nrows": 255,
      "global_index": 1,
      "identifier": [
        "EF v3.1",
        "photochemical oxidant formation: human health",
        "tropospheric ozone concentration increase"
      ],
      "category": "vector"
    },
    {
      "profile": "data-resource",
      "format": "npy",
      "mediatype": "application/octet-stream",
      "name": "EF_v3.1_photochemical_oxidant_formation_human_health_tropospheric_ozone_concentration_increase_matrix_data.data",
      "matrix": "characterization_matrix",
      "kind": "data",
      "path": "EF_v3.1_photochemical_oxidant_formation_human_health_tropospheric_ozone_concentration_increase_matrix_data.data.npy",
      "group": "EF_v3.1_photochemical_oxidant_formation_human_health_tropospheric_ozone_concentration_increase_matrix_data",
      "nrows": 255,
      "global_index": 1,
      "identifier": [
        "EF v3.1",
        "photochemical oxidant formation: human health",
        "tropospheric ozone concentration increase"
      ],
      "category": "vector"
    }
  ],
  "created": "2024-06-16T12:09:01.967592+00:00Z",
  "combinatorial": false,
  "sequential": false,
  "seed": null,
  "sum_intra_duplicates": true,
  "sum_inter_duplicates": false,
  "matrix_serialize_format_type": "numpy"
}