{
  "profile": "data-package",
  "name": "cumulative-exergy-demand-cexdee.f0a781d1ce4a81a4bbd98620a1af04da.zip",
  "id": "bc35c46026d34d128a0e768a256ab242",
  "licenses": [
    {
      "name": "ODC-PDDL-1.0",
      "path": "http://opendatacommons.org/licenses/pddl/",
      "title": "Open Data Commons Public Domain Dedication and License v1.0"
    }
  ],
  "resources": [
    {
      "profile": "data-resource",
      "format": "npy",
      "mediatype": "application/octet-stream",
      "name": "Cumulative_Exergy_Demand_CExD_energy_resources_renewable_exergy_content_matrix_data.indices",
      "matrix": "characterization_matrix",
      "kind": "indices",
      "path": "Cumulative_Exergy_Demand_CExD_energy_resources_renewable_exergy_content_matrix_data.indices.npy",
      "group": "Cumulative_Exergy_Demand_CExD_energy_resources_renewable_exergy_content_matrix_data",
      "nrows": 4,
      "global_index": 1,
      "identifier": [
        "Cumulative Exergy Demand (CExD)",
        "energy resources: renewable",
        "exergy content"
      ],
      "category": "vector"
    },
    {
      "profile": "data-resource",
      "format": "npy",
      "mediatype": "application/octet-stream",
      "name": "Cumulative_Exergy_Demand_CExD_energy_resources_renewable_exergy_content_matrix_data.data",
      "matrix": "characterization_matrix",
      "kind": "data",
      "path": "Cumulative_Exergy_Demand_CExD_energy_resources_renewable_exergy_content_matrix_data.data.npy",
      "group": "Cumulative_Exergy_Demand_CExD_energy_resources_renewable_exergy_content_matrix_data",
      "nrows": 4,
      "global_index": 1,
      "identifier": [
        "Cumulative Exergy Demand (CExD)",
        "energy resources: renewable",
        "exergy content"
      ],
      "category": "vector"
    }
  ],
  "created": "2024-06-16T12:09:01.531213+00:00Z",
  "combinatorial": false,
  "sequential": false,
  "seed": null,
  "sum_intra_duplicates": true,
  "sum_inter_duplicates": false,
  "matrix_serialize_format_type": "numpy"
}