{
  "profile": "data-package",
  "name": "recipe-2016-v103-endpoint-i-no-lttn.8615eaf93773b30f1c6041d0327cbe77.zip",
  "id": "ccafb1c97bae486fb2ae4c5bd92c4584",
  "licenses": [
    {
      "name": "ODC-PDDL-1.0",
      "path": "http://opendatacommons.org/licenses/pddl/",
      "title": "Open Data Commons Public Domain Dedication and License v1.0"
    }
  ],
  "resources": [
    {
      "profile": "data-resource",
      "format": "npy",
      "mediatype": "application/octet-stream",
      "name": "ReCiPe_2016_v1.03_endpoint_I_no_LT_total_natural_resources_no_LT_natural_resources_no_LT_matrix_data.indices",
      "matrix": "characterization_matrix",
      "kind": "indices",
      "path": "ReCiPe_2016_v1.03_endpoint_I_no_LT_total_natural_resources_no_LT_natural_resources_no_LT_matrix_data.indices.npy",
      "group": "ReCiPe_2016_v1.03_endpoint_I_no_LT_total_natural_resources_no_LT_natural_resources_no_LT_matrix_data",
      "nrows": 63,
      "global_index": 1,
      "identifier": [
        "ReCiPe 2016 v1.03, endpoint (I) no LT",
        "total: natural resources no LT",
        "natural resources no LT"
      ],
      "category": "vector"
    },
    {
      "profile": "data-resource",
      "format": "npy",
      "mediatype": "application/octet-stream",
      "name": "ReCiPe_2016_v1.03_endpoint_I_no_LT_total_natural_resources_no_LT_natural_resources_no_LT_matrix_data.data",
      "matrix": "characterization_matrix",
      "kind": "data",
      "path": "ReCiPe_2016_v1.03_endpoint_I_no_LT_total_natural_resources_no_LT_natural_resources_no_LT_matrix_data.data.npy",
      "group": "ReCiPe_2016_v1.03_endpoint_I_no_LT_total_natural_resources_no_LT_natural_resources_no_LT_matrix_data",
      "nrows": 63,
      "global_index": 1,
      "identifier": [
        "ReCiPe 2016 v1.03, endpoint (I) no LT",
        "total: natural resources no LT",
        "natural resources no LT"
      ],
      "category": "vector"
    }
  ],
  "created": "2024-06-16T12:09:02.750138+00:00Z",
  "combinatorial": false,
  "sequential": false,
  "seed": null,
  "sum_intra_duplicates": true,
  "sum_inter_duplicates": false,
  "matrix_serialize_format_type": "numpy"
}