{
  "profile": "data-package",
  "name": "eps-2020d-no-ltem.328f56b21a3556d77f72c81f28b92233.zip",
  "id": "b7ff258db62c403890f3b3866b9fd3fa",
  "licenses": [
    {
      "name": "ODC-PDDL-1.0",
      "path": "http://opendatacommons.org/licenses/pddl/",
      "title": "Open Data Commons Public Domain Dedication and License v1.0"
    }
  ],
  "resources": [
    {
      "profile": "data-resource",
      "format": "npy",
      "mediatype": "application/octet-stream",
      "name": "EPS_2020d_no_LT_energy_resources_non-renewable_fossil_no_LT_monetary_impact_value_no_LT_matrix_data.indices",
      "matrix": "characterization_matrix",
      "kind": "indices",
      "path": "EPS_2020d_no_LT_energy_resources_non-renewable_fossil_no_LT_monetary_impact_value_no_LT_matrix_data.indices.npy",
      "group": "EPS_2020d_no_LT_energy_resources_non-renewable_fossil_no_LT_monetary_impact_value_no_LT_matrix_data",
      "nrows": 5,
      "global_index": 1,
      "identifier": [
        "EPS 2020d no LT",
        "energy resources: non-renewable, fossil no LT",
        "monetary impact value no LT"
      ],
      "category": "vector"
    },
    {
      "profile": "data-resource",
      "format": "npy",
      "mediatype": "application/octet-stream",
      "name": "EPS_2020d_no_LT_energy_resources_non-renewable_fossil_no_LT_monetary_impact_value_no_LT_matrix_data.data",
      "matrix": "characterization_matrix",
      "kind": "data",
      "path": "EPS_2020d_no_LT_energy_resources_non-renewable_fossil_no_LT_monetary_impact_value_no_LT_matrix_data.data.npy",
      "group": "EPS_2020d_no_LT_energy_resources_non-renewable_fossil_no_LT_monetary_impact_value_no_LT_matrix_data",
      "nrows": 5,
      "global_index": 1,
      "identifier": [
        "EPS 2020d no LT",
        "energy resources: non-renewable, fossil no LT",
        "monetary impact value no LT"
      ],
      "category": "vector"
    }
  ],
  "created": "2024-06-16T12:09:01.984036+00:00Z",
  "combinatorial": false,
  "sequential": false,
  "seed": null,
  "sum_intra_duplicates": true,
  "sum_inter_duplicates": false,
  "matrix_serialize_format_type": "numpy"
}