{
  "profile": "data-package",
  "name": "ecological-scarcity-2021-no-ltll.991821781ef418d2245c22545c13efe3.zip",
  "id": "61f5fd0909ea4fe0bc6170da6908ab93",
  "licenses": [
    {
      "name": "ODC-PDDL-1.0",
      "path": "http://opendatacommons.org/licenses/pddl/",
      "title": "Open Data Commons Public Domain Dedication and License v1.0"
    }
  ],
  "resources": [
    {
      "profile": "data-resource",
      "format": "npy",
      "mediatype": "application/octet-stream",
      "name": "Ecological_Scarcity_2021_no_LT_land_use_no_LT_land_use_no_LT_matrix_data.indices",
      "matrix": "characterization_matrix",
      "kind": "indices",
      "path": "Ecological_Scarcity_2021_no_LT_land_use_no_LT_land_use_no_LT_matrix_data.indices.npy",
      "group": "Ecological_Scarcity_2021_no_LT_land_use_no_LT_land_use_no_LT_matrix_data",
      "nrows": 38,
      "global_index": 1,
      "identifier": [
        "Ecological Scarcity 2021 no LT",
        "land use no LT",
        "land use no LT"
      ],
      "category": "vector"
    },
    {
      "profile": "data-resource",
      "format": "npy",
      "mediatype": "application/octet-stream",
      "name": "Ecological_Scarcity_2021_no_LT_land_use_no_LT_land_use_no_LT_matrix_data.data",
      "matrix": "characterization_matrix",
      "kind": "data",
      "path": "Ecological_Scarcity_2021_no_LT_land_use_no_LT_land_use_no_LT_matrix_data.data.npy",
      "group": "Ecological_Scarcity_2021_no_LT_land_use_no_LT_land_use_no_LT_matrix_data",
      "nrows": 38,
      "global_index": 1,
      "identifier": [
        "Ecological Scarcity 2021 no LT",
        "land use no LT",
        "land use no LT"
      ],
      "category": "vector"
    }
  ],
  "created": "2024-06-16T12:09:01.574688+00:00Z",
  "combinatorial": false,
  "sequential": false,
  "seed": null,
  "sum_intra_duplicates": true,
  "sum_inter_duplicates": false,
  "matrix_serialize_format_type": "numpy"
}