{
  "profile": "data-package",
  "name": "ef-v31-en15804ec.f3f6592735f6092c5590f3d415e1eca2.zip",
  "id": "a127c6e5fb2b488ea8d3875ad61c31d2",
  "licenses": [
    {
      "name": "ODC-PDDL-1.0",
      "path": "http://opendatacommons.org/licenses/pddl/",
      "title": "Open Data Commons Public Domain Dedication and License v1.0"
    }
  ],
  "resources": [
    {
      "profile": "data-resource",
      "format": "npy",
      "mediatype": "application/octet-stream",
      "name": "EF_v3.1_EN15804_ecotoxicity_freshwater_comparative_toxic_unit_for_ecosystems_CTUe_matrix_data.indices",
      "matrix": "characterization_matrix",
      "kind": "indices",
      "path": "EF_v3.1_EN15804_ecotoxicity_freshwater_comparative_toxic_unit_for_ecosystems_CTUe_matrix_data.indices.npy",
      "group": "EF_v3.1_EN15804_ecotoxicity_freshwater_comparative_toxic_unit_for_ecosystems_CTUe_matrix_data",
      "nrows": 2406,
      "global_index": 1,
      "identifier": [
        "EF v3.1 EN15804",
        "ecotoxicity: freshwater",
        "comparative toxic unit for ecosystems (CTUe)"
      ],
      "category": "vector"
    },
    {
      "profile": "data-resource",
      "format": "npy",
      "mediatype": "application/octet-stream",
      "name": "EF_v3.1_EN15804_ecotoxicity_freshwater_comparative_toxic_unit_for_ecosystems_CTUe_matrix_data.data",
      "matrix": "characterization_matrix",
      "kind": "data",
      "path": "EF_v3.1_EN15804_ecotoxicity_freshwater_comparative_toxic_unit_for_ecosystems_CTUe_matrix_data.data.npy",
      "group": "EF_v3.1_EN15804_ecotoxicity_freshwater_comparative_toxic_unit_for_ecosystems_CTUe_matrix_data",
      "nrows": 2406,
      "global_index": 1,
      "identifier": [
        "EF v3.1 EN15804",
        "ecotoxicity: freshwater",
        "comparative toxic unit for ecosystems (CTUe)"
      ],
      "category": "vector"
    }
  ],
  "created": "2024-06-16T12:09:03.516014+00:00Z",
  "combinatorial": false,
  "sequential": false,
  "seed": null,
  "sum_intra_duplicates": true,
  "sum_inter_duplicates": false,
  "matrix_serialize_format_type": "numpy"
}