{
  "profile": "data-package",
  "name": "recipe-2016-v103-midpoint-ihh.264f28b4b12c55d34f62c40c4de8e610.zip",
  "id": "b1d375ae55e543a8b5581d9baa09664d",
  "licenses": [
    {
      "name": "ODC-PDDL-1.0",
      "path": "http://opendatacommons.org/licenses/pddl/",
      "title": "Open Data Commons Public Domain Dedication and License v1.0"
    }
  ],
  "resources": [
    {
      "profile": "data-resource",
      "format": "npy",
      "mediatype": "application/octet-stream",
      "name": "ReCiPe_2016_v1.03_midpoint_I_human_toxicity_carcinogenic_human_toxicity_potential_HTPc_matrix_data.indices",
      "matrix": "characterization_matrix",
      "kind": "indices",
      "path": "ReCiPe_2016_v1.03_midpoint_I_human_toxicity_carcinogenic_human_toxicity_potential_HTPc_matrix_data.indices.npy",
      "group": "ReCiPe_2016_v1.03_midpoint_I_human_toxicity_carcinogenic_human_toxicity_potential_HTPc_matrix_data",
      "nrows": 305,
      "global_index": 1,
      "identifier": [
        "ReCiPe 2016 v1.03, midpoint (I)",
        "human toxicity: carcinogenic",
        "human toxicity potential (HTPc)"
      ],
      "category": "vector"
    },
    {
      "profile": "data-resource",
      "format": "npy",
      "mediatype": "application/octet-stream",
      "name": "ReCiPe_2016_v1.03_midpoint_I_human_toxicity_carcinogenic_human_toxicity_potential_HTPc_matrix_data.data",
      "matrix": "characterization_matrix",
      "kind": "data",
      "path": "ReCiPe_2016_v1.03_midpoint_I_human_toxicity_carcinogenic_human_toxicity_potential_HTPc_matrix_data.data.npy",
      "group": "ReCiPe_2016_v1.03_midpoint_I_human_toxicity_carcinogenic_human_toxicity_potential_HTPc_matrix_data",
      "nrows": 305,
      "global_index": 1,
      "identifier": [
        "ReCiPe 2016 v1.03, midpoint (I)",
        "human toxicity: carcinogenic",
        "human toxicity potential (HTPc)"
      ],
      "category": "vector"
    }
  ],
  "created": "2024-06-16T12:09:03.230959+00:00Z",
  "combinatorial": false,
  "sequential": false,
  "seed": null,
  "sum_intra_duplicates": true,
  "sum_inter_duplicates": false,
  "matrix_serialize_format_type": "numpy"
}