{
  "profile": "data-package",
  "name": "cml-v48-2016aa.dabb63ec4fa65348da4d153bee4888b2.zip",
  "id": "f087175c90b54873a63fde42aed3e3d4",
  "licenses": [
    {
      "name": "ODC-PDDL-1.0",
      "path": "http://opendatacommons.org/licenses/pddl/",
      "title": "Open Data Commons Public Domain Dedication and License v1.0"
    }
  ],
  "resources": [
    {
      "profile": "data-resource",
      "format": "npy",
      "mediatype": "application/octet-stream",
      "name": "CML_v4.8_2016_acidification_acidification_incl._fate_average_Europe_total_A_B_matrix_data.indices",
      "matrix": "characterization_matrix",
      "kind": "indices",
      "path": "CML_v4.8_2016_acidification_acidification_incl._fate_average_Europe_total_A_B_matrix_data.indices.npy",
      "group": "CML_v4.8_2016_acidification_acidification_incl._fate_average_Europe_total_A_B_matrix_data",
      "nrows": 23,
      "global_index": 1,
      "identifier": [
        "CML v4.8 2016",
        "acidification",
        "acidification (incl. fate, average Europe total, A&B)"
      ],
      "category": "vector"
    },
    {
      "profile": "data-resource",
      "format": "npy",
      "mediatype": "application/octet-stream",
      "name": "CML_v4.8_2016_acidification_acidification_incl._fate_average_Europe_total_A_B_matrix_data.data",
      "matrix": "characterization_matrix",
      "kind": "data",
      "path": "CML_v4.8_2016_acidification_acidification_incl._fate_average_Europe_total_A_B_matrix_data.data.npy",
      "group": "CML_v4.8_2016_acidification_acidification_incl._fate_average_Europe_total_A_B_matrix_data",
      "nrows": 23,
      "global_index": 1,
      "identifier": [
        "CML v4.8 2016",
        "acidification",
        "acidification (incl. fate, average Europe total, A&B)"
      ],
      "category": "vector"
    }
  ],
  "created": "2024-06-16T12:09:01.483650+00:00Z",
  "combinatorial": false,
  "sequential": false,
  "seed": null,
  "sum_intra_duplicates": true,
  "sum_inter_duplicates": false,
  "matrix_serialize_format_type": "numpy"
}