{
  "profile": "data-package",
  "name": "traci-v21pm.59f4b54fe3161b3bced56c5c2a03f6c3.zip",
  "id": "6bde3869e11a4ffc845006043c9bbcb5",
  "licenses": [
    {
      "name": "ODC-PDDL-1.0",
      "path": "http://opendatacommons.org/licenses/pddl/",
      "title": "Open Data Commons Public Domain Dedication and License v1.0"
    }
  ],
  "resources": [
    {
      "profile": "data-resource",
      "format": "npy",
      "mediatype": "application/octet-stream",
      "name": "TRACI_v2.1_photochemical_oxidant_formation_maximum_incremental_reactivity_MIR_matrix_data.indices",
      "matrix": "characterization_matrix",
      "kind": "indices",
      "path": "TRACI_v2.1_photochemical_oxidant_formation_maximum_incremental_reactivity_MIR_matrix_data.indices.npy",
      "group": "TRACI_v2.1_photochemical_oxidant_formation_maximum_incremental_reactivity_MIR_matrix_data",
      "nrows": 389,
      "global_index": 1,
      "identifier": [
        "TRACI v2.1",
        "photochemical oxidant formation",
        "maximum incremental reactivity (MIR)"
      ],
      "category": "vector"
    },
    {
      "profile": "data-resource",
      "format": "npy",
      "mediatype": "application/octet-stream",
      "name": "TRACI_v2.1_photochemical_oxidant_formation_maximum_incremental_reactivity_MIR_matrix_data.data",
      "matrix": "characterization_matrix",
      "kind": "data",
      "path": "TRACI_v2.1_photochemical_oxidant_formation_maximum_incremental_reactivity_MIR_matrix_data.data.npy",
      "group": "TRACI_v2.1_photochemical_oxidant_formation_maximum_incremental_reactivity_MIR_matrix_data",
      "nrows": 389,
      "global_index": 1,
      "identifier": [
        "TRACI v2.1",
        "photochemical oxidant formation",
        "maximum incremental reactivity (MIR)"
      ],
      "category": "vector"
    }
  ],
  "created": "2024-06-16T12:09:03.339567+00:00Z",
  "combinatorial": false,
  "sequential": false,
  "seed": null,
  "sum_intra_duplicates": true,
  "sum_inter_duplicates": false,
  "matrix_serialize_format_type": "numpy"
}