{
  "profile": "data-package",
  "name": "ecological-scarcity-2021-no-ltwr.c886d34dd8757066aeb0edc9b977df73.zip",
  "id": "7566b812b6b741bdab302d84cc69437f",
  "licenses": [
    {
      "name": "ODC-PDDL-1.0",
      "path": "http://opendatacommons.org/licenses/pddl/",
      "title": "Open Data Commons Public Domain Dedication and License v1.0"
    }
  ],
  "resources": [
    {
      "profile": "data-resource",
      "format": "npy",
      "mediatype": "application/octet-stream",
      "name": "Ecological_Scarcity_2021_no_LT_waste_disposal_no_LT_radioactive_waste_to_deposit_no_LT_matrix_data.indices",
      "matrix": "characterization_matrix",
      "kind": "indices",
      "path": "Ecological_Scarcity_2021_no_LT_waste_disposal_no_LT_radioactive_waste_to_deposit_no_LT_matrix_data.indices.npy",
      "group": "Ecological_Scarcity_2021_no_LT_waste_disposal_no_LT_radioactive_waste_to_deposit_no_LT_matrix_data",
      "nrows": 2,
      "global_index": 1,
      "identifier": [
        "Ecological Scarcity 2021 no LT",
        "waste disposal no LT",
        "radioactive waste to deposit no LT"
      ],
      "category": "vector"
    },
    {
      "profile": "data-resource",
      "format": "npy",
      "mediatype": "application/octet-stream",
      "name": "Ecological_Scarcity_2021_no_LT_waste_disposal_no_LT_radioactive_waste_to_deposit_no_LT_matrix_data.data",
      "matrix": "characterization_matrix",
      "kind": "data",
      "path": "Ecological_Scarcity_2021_no_LT_waste_disposal_no_LT_radioactive_waste_to_deposit_no_LT_matrix_data.data.npy",
      "group": "Ecological_Scarcity_2021_no_LT_waste_disposal_no_LT_radioactive_waste_to_deposit_no_LT_matrix_data",
      "nrows": 2,
      "global_index": 1,
      "identifier": [
        "Ecological Scarcity 2021 no LT",
        "waste disposal no LT",
        "radioactive waste to deposit no LT"
      ],
      "category": "vector"
    }
  ],
  "created": "2024-06-16T12:09:01.586578+00:00Z",
  "combinatorial": false,
  "sequential": false,
  "seed": null,
  "sum_intra_duplicates": true,
  "sum_inter_duplicates": false,
  "matrix_serialize_format_type": "numpy"
}