{
  "profile": "data-package",
  "name": "ipcc-2021cg.bd5908fca218b3fb9bcdb2db54d3f35e.zip",
  "id": "d4398943ed8a4012a4737fe3956f756b",
  "licenses": [
    {
      "name": "ODC-PDDL-1.0",
      "path": "http://opendatacommons.org/licenses/pddl/",
      "title": "Open Data Commons Public Domain Dedication and License v1.0"
    }
  ],
  "resources": [
    {
      "profile": "data-resource",
      "format": "npy",
      "mediatype": "application/octet-stream",
      "name": "IPCC_2021_climate_change_land_use_including_SLCFs_global_warming_potential_GWP20_matrix_data.indices",
      "matrix": "characterization_matrix",
      "kind": "indices",
      "path": "IPCC_2021_climate_change_land_use_including_SLCFs_global_warming_potential_GWP20_matrix_data.indices.npy",
      "group": "IPCC_2021_climate_change_land_use_including_SLCFs_global_warming_potential_GWP20_matrix_data",
      "nrows": 16,
      "global_index": 1,
      "identifier": [
        "IPCC 2021",
        "climate change: land use, including SLCFs",
        "global warming potential (GWP20)"
      ],
      "category": "vector"
    },
    {
      "profile": "data-resource",
      "format": "npy",
      "mediatype": "application/octet-stream",
      "name": "IPCC_2021_climate_change_land_use_including_SLCFs_global_warming_potential_GWP20_matrix_data.data",
      "matrix": "characterization_matrix",
      "kind": "data",
      "path": "IPCC_2021_climate_change_land_use_including_SLCFs_global_warming_potential_GWP20_matrix_data.data.npy",
      "group": "IPCC_2021_climate_change_land_use_including_SLCFs_global_warming_potential_GWP20_matrix_data",
      "nrows": 16,
      "global_index": 1,
      "identifier": [
        "IPCC 2021",
        "climate change: land use, including SLCFs",
        "global warming potential (GWP20)"
      ],
      "category": "vector"
    }
  ],
  "created": "2024-06-16T12:09:02.306926+00:00Z",
  "combinatorial": false,
  "sequential": false,
  "seed": null,
  "sum_intra_duplicates": true,
  "sum_inter_duplicates": false,
  "matrix_serialize_format_type": "numpy"
}