{
  "profile": "data-package",
  "name": "inventory-results-and-indicatorset.6af681c0789a72fbdcd56294c335daa9.zip",
  "id": "bf8c2d1c6ebe42f1909677304911a9c7",
  "licenses": [
    {
      "name": "ODC-PDDL-1.0",
      "path": "http://opendatacommons.org/licenses/pddl/",
      "title": "Open Data Commons Public Domain Dedication and License v1.0"
    }
  ],
  "resources": [
    {
      "profile": "data-resource",
      "format": "npy",
      "mediatype": "application/octet-stream",
      "name": "Inventory_results_and_indicators_emissions_to_air_total_radioactive_emissions_matrix_data.indices",
      "matrix": "characterization_matrix",
      "kind": "indices",
      "path": "Inventory_results_and_indicators_emissions_to_air_total_radioactive_emissions_matrix_data.indices.npy",
      "group": "Inventory_results_and_indicators_emissions_to_air_total_radioactive_emissions_matrix_data",
      "nrows": 288,
      "global_index": 1,
      "identifier": [
        "Inventory results and indicators",
        "emissions to air",
        "total radioactive emissions"
      ],
      "category": "vector"
    },
    {
      "profile": "data-resource",
      "format": "npy",
      "mediatype": "application/octet-stream",
      "name": "Inventory_results_and_indicators_emissions_to_air_total_radioactive_emissions_matrix_data.data",
      "matrix": "characterization_matrix",
      "kind": "data",
      "path": "Inventory_results_and_indicators_emissions_to_air_total_radioactive_emissions_matrix_data.data.npy",
      "group": "Inventory_results_and_indicators_emissions_to_air_total_radioactive_emissions_matrix_data",
      "nrows": 288,
      "global_index": 1,
      "identifier": [
        "Inventory results and indicators",
        "emissions to air",
        "total radioactive emissions"
      ],
      "category": "vector"
    }
  ],
  "created": "2024-06-16T12:09:02.104039+00:00Z",
  "combinatorial": false,
  "sequential": false,
  "seed": null,
  "sum_intra_duplicates": true,
  "sum_inter_duplicates": false,
  "matrix_serialize_format_type": "numpy"
}