{
  "profile": "data-package",
  "name": "recipe-2016-v103-midpoint-e-no-ltef.5b4926164608fa112bb44273d3755448.zip",
  "id": "e2279139951a42e9ba8792fe9d0adde9",
  "licenses": [
    {
      "name": "ODC-PDDL-1.0",
      "path": "http://opendatacommons.org/licenses/pddl/",
      "title": "Open Data Commons Public Domain Dedication and License v1.0"
    }
  ],
  "resources": [
    {
      "profile": "data-resource",
      "format": "npy",
      "mediatype": "application/octet-stream",
      "name": "ReCiPe_2016_v1.03_midpoint_E_no_LT_ecotoxicity_freshwater_no_LT_freshwater_ecotoxicity_potential_FETP_no_LT_matrix_data.indices",
      "matrix": "characterization_matrix",
      "kind": "indices",
      "path": "ReCiPe_2016_v1.03_midpoint_E_no_LT_ecotoxicity_freshwater_no_LT_freshwater_ecotoxicity_potential_FETP_no_LT_matrix_data.indices.npy",
      "group": "ReCiPe_2016_v1.03_midpoint_E_no_LT_ecotoxicity_freshwater_no_LT_freshwater_ecotoxicity_potential_FETP_no_LT_matrix_data",
      "nrows": 1475,
      "global_index": 1,
      "identifier": [
        "ReCiPe 2016 v1.03, midpoint (E) no LT",
        "ecotoxicity: freshwater no LT",
        "freshwater ecotoxicity potential (FETP) no LT"
      ],
      "category": "vector"
    },
    {
      "profile": "data-resource",
      "format": "npy",
      "mediatype": "application/octet-stream",
      "name": "ReCiPe_2016_v1.03_midpoint_E_no_LT_ecotoxicity_freshwater_no_LT_freshwater_ecotoxicity_potential_FETP_no_LT_matrix_data.data",
      "matrix": "characterization_matrix",
      "kind": "data",
      "path": "ReCiPe_2016_v1.03_midpoint_E_no_LT_ecotoxicity_freshwater_no_LT_freshwater_ecotoxicity_potential_FETP_no_LT_matrix_data.data.npy",
      "group": "ReCiPe_2016_v1.03_midpoint_E_no_LT_ecotoxicity_freshwater_no_LT_freshwater_ecotoxicity_potential_FETP_no_LT_matrix_data",
      "nrows": 1475,
      "global_index": 1,
      "identifier": [
        "ReCiPe 2016 v1.03, midpoint (E) no LT",
        "ecotoxicity: freshwater no LT",
        "freshwater ecotoxicity potential (FETP) no LT"
      ],
      "category": "vector"
    }
  ],
  "created": "2024-06-16T12:09:02.848573+00:00Z",
  "combinatorial": false,
  "sequential": false,
  "seed": null,
  "sum_intra_duplicates": true,
  "sum_inter_duplicates": false,
  "matrix_serialize_format_type": "numpy"
}