{
  "profile": "data-package",
  "name": "ef-v31ma.458aa6cb6d9335c9da89015af4afe157.zip",
  "id": "c4a9d9fa89424646bf09b095415e0b9e",
  "licenses": [
    {
      "name": "ODC-PDDL-1.0",
      "path": "http://opendatacommons.org/licenses/pddl/",
      "title": "Open Data Commons Public Domain Dedication and License v1.0"
    }
  ],
  "resources": [
    {
      "profile": "data-resource",
      "format": "npy",
      "mediatype": "application/octet-stream",
      "name": "EF_v3.1_material_resources_metals_minerals_abiotic_depletion_potential_ADP_elements_ultimate_reserves_matrix_data.indices",
      "matrix": "characterization_matrix",
      "kind": "indices",
      "path": "EF_v3.1_material_resources_metals_minerals_abiotic_depletion_potential_ADP_elements_ultimate_reserves_matrix_data.indices.npy",
      "group": "EF_v3.1_material_resources_metals_minerals_abiotic_depletion_potential_ADP_elements_ultimate_reserves_matrix_data",
      "nrows": 64,
      "global_index": 1,
      "identifier": [
        "EF v3.1",
        "material resources: metals/minerals",
        "abiotic depletion potential (ADP): elements (ultimate reserves)"
      ],
      "category": "vector"
    },
    {
      "profile": "data-resource",
      "format": "npy",
      "mediatype": "application/octet-stream",
      "name": "EF_v3.1_material_resources_metals_minerals_abiotic_depletion_potential_ADP_elements_ultimate_reserves_matrix_data.data",
      "matrix": "characterization_matrix",
      "kind": "data",
      "path": "EF_v3.1_material_resources_metals_minerals_abiotic_depletion_potential_ADP_elements_ultimate_reserves_matrix_data.data.npy",
      "group": "EF_v3.1_material_resources_metals_minerals_abiotic_depletion_potential_ADP_elements_ultimate_reserves_matrix_data",
      "nrows": 64,
      "global_index": 1,
      "identifier": [
        "EF v3.1",
        "material resources: metals/minerals",
        "abiotic depletion potential (ADP): elements (ultimate reserves)"
      ],
      "category": "vector"
    }
  ],
  "created": "2024-06-16T12:09:01.961576+00:00Z",
  "combinatorial": false,
  "sequential": false,
  "seed": null,
  "sum_intra_duplicates": true,
  "sum_inter_duplicates": false,
  "matrix_serialize_format_type": "numpy"
}