{
  "profile": "data-package",
  "name": "en15804im.2b29daa0d4d692f72becd1dcf538f568.zip",
  "id": "9564d8d2b37f4b3d8d3d22f241c84807",
  "licenses": [
    {
      "name": "ODC-PDDL-1.0",
      "path": "http://opendatacommons.org/licenses/pddl/",
      "title": "Open Data Commons Public Domain Dedication and License v1.0"
    }
  ],
  "resources": [
    {
      "profile": "data-resource",
      "format": "npy",
      "mediatype": "application/octet-stream",
      "name": "EN15804_inventory_indicators_ISO21930_materials_for_recycling_matrix_data.indices",
      "matrix": "characterization_matrix",
      "kind": "indices",
      "path": "EN15804_inventory_indicators_ISO21930_materials_for_recycling_matrix_data.indices.npy",
      "group": "EN15804_inventory_indicators_ISO21930_materials_for_recycling_matrix_data",
      "nrows": 1,
      "global_index": 1,
      "identifier": [
        "EN15804",
        "inventory indicators ISO21930",
        "materials for recycling"
      ],
      "category": "vector"
    },
    {
      "profile": "data-resource",
      "format": "npy",
      "mediatype": "application/octet-stream",
      "name": "EN15804_inventory_indicators_ISO21930_materials_for_recycling_matrix_data.data",
      "matrix": "characterization_matrix",
      "kind": "data",
      "path": "EN15804_inventory_indicators_ISO21930_materials_for_recycling_matrix_data.data.npy",
      "group": "EN15804_inventory_indicators_ISO21930_materials_for_recycling_matrix_data",
      "nrows": 1,
      "global_index": 1,
      "identifier": [
        "EN15804",
        "inventory indicators ISO21930",
        "materials for recycling"
      ],
      "category": "vector"
    }
  ],
  "created": "2024-06-16T12:09:03.598332+00:00Z",
  "combinatorial": false,
  "sequential": false,
  "seed": null,
  "sum_intra_duplicates": true,
  "sum_inter_duplicates": false,
  "matrix_serialize_format_type": "numpy"
}