{
  "profile": "data-package",
  "name": "ecological-scarcity-2021-no-ltee.f6ea1b1c1be48f740530c6fc80c7ab66.zip",
  "id": "e3a2196ff6604844aee9e50b7ef208c7",
  "licenses": [
    {
      "name": "ODC-PDDL-1.0",
      "path": "http://opendatacommons.org/licenses/pddl/",
      "title": "Open Data Commons Public Domain Dedication and License v1.0"
    }
  ],
  "resources": [
    {
      "profile": "data-resource",
      "format": "npy",
      "mediatype": "application/octet-stream",
      "name": "Ecological_Scarcity_2021_no_LT_energy_resources_no_LT_energy_resources_no_LT_matrix_data.indices",
      "matrix": "characterization_matrix",
      "kind": "indices",
      "path": "Ecological_Scarcity_2021_no_LT_energy_resources_no_LT_energy_resources_no_LT_matrix_data.indices.npy",
      "group": "Ecological_Scarcity_2021_no_LT_energy_resources_no_LT_energy_resources_no_LT_matrix_data",
      "nrows": 12,
      "global_index": 1,
      "identifier": [
        "Ecological Scarcity 2021 no LT",
        "energy resources no LT",
        "energy resources no LT"
      ],
      "category": "vector"
    },
    {
      "profile": "data-resource",
      "format": "npy",
      "mediatype": "application/octet-stream",
      "name": "Ecological_Scarcity_2021_no_LT_energy_resources_no_LT_energy_resources_no_LT_matrix_data.data",
      "matrix": "characterization_matrix",
      "kind": "data",
      "path": "Ecological_Scarcity_2021_no_LT_energy_resources_no_LT_energy_resources_no_LT_matrix_data.data.npy",
      "group": "Ecological_Scarcity_2021_no_LT_energy_resources_no_LT_energy_resources_no_LT_matrix_data",
      "nrows": 12,
      "global_index": 1,
      "identifier": [
        "Ecological Scarcity 2021 no LT",
        "energy resources no LT",
        "energy resources no LT"
      ],
      "category": "vector"
    }
  ],
  "created": "2024-06-16T12:09:01.573307+00:00Z",
  "combinatorial": false,
  "sequential": false,
  "seed": null,
  "sum_intra_duplicates": true,
  "sum_inter_duplicates": false,
  "matrix_serialize_format_type": "numpy"
}