{
  "profile": "data-package",
  "name": "inventory-results-and-indicatorsrt.75512d366839bc550a6ec43e14224e16.zip",
  "id": "178ec0a8996e4abab6c214b72bfedd69",
  "licenses": [
    {
      "name": "ODC-PDDL-1.0",
      "path": "http://opendatacommons.org/licenses/pddl/",
      "title": "Open Data Commons Public Domain Dedication and License v1.0"
    }
  ],
  "resources": [
    {
      "profile": "data-resource",
      "format": "npy",
      "mediatype": "application/octet-stream",
      "name": "Inventory_results_and_indicators_resources_total_water_extraction_matrix_data.indices",
      "matrix": "characterization_matrix",
      "kind": "indices",
      "path": "Inventory_results_and_indicators_resources_total_water_extraction_matrix_data.indices.npy",
      "group": "Inventory_results_and_indicators_resources_total_water_extraction_matrix_data",
      "nrows": 8,
      "global_index": 1,
      "identifier": [
        "Inventory results and indicators",
        "resources",
        "total water extraction"
      ],
      "category": "vector"
    },
    {
      "profile": "data-resource",
      "format": "npy",
      "mediatype": "application/octet-stream",
      "name": "Inventory_results_and_indicators_resources_total_water_extraction_matrix_data.data",
      "matrix": "characterization_matrix",
      "kind": "data",
      "path": "Inventory_results_and_indicators_resources_total_water_extraction_matrix_data.data.npy",
      "group": "Inventory_results_and_indicators_resources_total_water_extraction_matrix_data",
      "nrows": 8,
      "global_index": 1,
      "identifier": [
        "Inventory results and indicators",
        "resources",
        "total water extraction"
      ],
      "category": "vector"
    }
  ],
  "created": "2024-06-16T12:09:02.052400+00:00Z",
  "combinatorial": false,
  "sequential": false,
  "seed": null,
  "sum_intra_duplicates": true,
  "sum_inter_duplicates": false,
  "matrix_serialize_format_type": "numpy"
}