{
  "profile": "data-package",
  "name": "recipe-2016-v103-endpoint-hee.ba60a981ecfa1e7bd14548638371c375.zip",
  "id": "d6fcbe280a8542609f9d35830f1120f4",
  "licenses": [
    {
      "name": "ODC-PDDL-1.0",
      "path": "http://opendatacommons.org/licenses/pddl/",
      "title": "Open Data Commons Public Domain Dedication and License v1.0"
    }
  ],
  "resources": [
    {
      "profile": "data-resource",
      "format": "npy",
      "mediatype": "application/octet-stream",
      "name": "ReCiPe_2016_v1.03_endpoint_H_ecosystem_quality_eutrophication_freshwater_matrix_data.indices",
      "matrix": "characterization_matrix",
      "kind": "indices",
      "path": "ReCiPe_2016_v1.03_endpoint_H_ecosystem_quality_eutrophication_freshwater_matrix_data.indices.npy",
      "group": "ReCiPe_2016_v1.03_endpoint_H_ecosystem_quality_eutrophication_freshwater_matrix_data",
      "nrows": 13,
      "global_index": 1,
      "identifier": [
        "ReCiPe 2016 v1.03, endpoint (H)",
        "ecosystem quality",
        "eutrophication: freshwater"
      ],
      "category": "vector"
    },
    {
      "profile": "data-resource",
      "format": "npy",
      "mediatype": "application/octet-stream",
      "name": "ReCiPe_2016_v1.03_endpoint_H_ecosystem_quality_eutrophication_freshwater_matrix_data.data",
      "matrix": "characterization_matrix",
      "kind": "data",
      "path": "ReCiPe_2016_v1.03_endpoint_H_ecosystem_quality_eutrophication_freshwater_matrix_data.data.npy",
      "group": "ReCiPe_2016_v1.03_endpoint_H_ecosystem_quality_eutrophication_freshwater_matrix_data",
      "nrows": 13,
      "global_index": 1,
      "identifier": [
        "ReCiPe 2016 v1.03, endpoint (H)",
        "ecosystem quality",
        "eutrophication: freshwater"
      ],
      "category": "vector"
    }
  ],
  "created": "2024-06-16T12:09:02.601032+00:00Z",
  "combinatorial": false,
  "sequential": false,
  "seed": null,
  "sum_intra_duplicates": true,
  "sum_inter_duplicates": false,
  "matrix_serialize_format_type": "numpy"
}