{
  "profile": "data-package",
  "name": "ef-v30-no-ltpt.a6dac43bc8a8384e26ecb463fe7de966.zip",
  "id": "34b0e386a9cf4511bfcb07592de87aac",
  "licenses": [
    {
      "name": "ODC-PDDL-1.0",
      "path": "http://opendatacommons.org/licenses/pddl/",
      "title": "Open Data Commons Public Domain Dedication and License v1.0"
    }
  ],
  "resources": [
    {
      "profile": "data-resource",
      "format": "npy",
      "mediatype": "application/octet-stream",
      "name": "EF_v3.0_no_LT_photochemical_oxidant_formation_human_health_no_LT_tropospheric_ozone_concentration_increase_no_LT_matrix_data.indices",
      "matrix": "characterization_matrix",
      "kind": "indices",
      "path": "EF_v3.0_no_LT_photochemical_oxidant_formation_human_health_no_LT_tropospheric_ozone_concentration_increase_no_LT_matrix_data.indices.npy",
      "group": "EF_v3.0_no_LT_photochemical_oxidant_formation_human_health_no_LT_tropospheric_ozone_concentration_increase_no_LT_matrix_data",
      "nrows": 194,
      "global_index": 1,
      "identifier": [
        "EF v3.0 no LT",
        "photochemical oxidant formation: human health no LT",
        "tropospheric ozone concentration increase no LT"
      ],
      "category": "vector"
    },
    {
      "profile": "data-resource",
      "format": "npy",
      "mediatype": "application/octet-stream",
      "name": "EF_v3.0_no_LT_photochemical_oxidant_formation_human_health_no_LT_tropospheric_ozone_concentration_increase_no_LT_matrix_data.data",
      "matrix": "characterization_matrix",
      "kind": "data",
      "path": "EF_v3.0_no_LT_photochemical_oxidant_formation_human_health_no_LT_tropospheric_ozone_concentration_increase_no_LT_matrix_data.data.npy",
      "group": "EF_v3.0_no_LT_photochemical_oxidant_formation_human_health_no_LT_tropospheric_ozone_concentration_increase_no_LT_matrix_data",
      "nrows": 194,
      "global_index": 1,
      "identifier": [
        "EF v3.0 no LT",
        "photochemical oxidant formation: human health no LT",
        "tropospheric ozone concentration increase no LT"
      ],
      "category": "vector"
    }
  ],
  "created": "2024-06-16T12:09:01.720716+00:00Z",
  "combinatorial": false,
  "sequential": false,
  "seed": null,
  "sum_intra_duplicates": true,
  "sum_inter_duplicates": false,
  "matrix_serialize_format_type": "numpy"
}