{
  "profile": "data-package",
  "name": "cumulative-exergy-demand-cexdte.8f791c3f233ad6e89f980b0d7da94e61.zip",
  "id": "6b8a7024c87b4c11a2a86c88ff009ba8",
  "licenses": [
    {
      "name": "ODC-PDDL-1.0",
      "path": "http://opendatacommons.org/licenses/pddl/",
      "title": "Open Data Commons Public Domain Dedication and License v1.0"
    }
  ],
  "resources": [
    {
      "profile": "data-resource",
      "format": "npy",
      "mediatype": "application/octet-stream",
      "name": "Cumulative_Exergy_Demand_CExD_total_exergy_content_matrix_data.indices",
      "matrix": "characterization_matrix",
      "kind": "indices",
      "path": "Cumulative_Exergy_Demand_CExD_total_exergy_content_matrix_data.indices.npy",
      "group": "Cumulative_Exergy_Demand_CExD_total_exergy_content_matrix_data",
      "nrows": 85,
      "global_index": 1,
      "identifier": [
        "Cumulative Exergy Demand (CExD)",
        "total",
        "exergy content"
      ],
      "category": "vector"
    },
    {
      "profile": "data-resource",
      "format": "npy",
      "mediatype": "application/octet-stream",
      "name": "Cumulative_Exergy_Demand_CExD_total_exergy_content_matrix_data.data",
      "matrix": "characterization_matrix",
      "kind": "data",
      "path": "Cumulative_Exergy_Demand_CExD_total_exergy_content_matrix_data.data.npy",
      "group": "Cumulative_Exergy_Demand_CExD_total_exergy_content_matrix_data",
      "nrows": 85,
      "global_index": 1,
      "identifier": [
        "Cumulative Exergy Demand (CExD)",
        "total",
        "exergy content"
      ],
      "category": "vector"
    }
  ],
  "created": "2024-06-16T12:09:01.545288+00:00Z",
  "combinatorial": false,
  "sequential": false,
  "seed": null,
  "sum_intra_duplicates": true,
  "sum_inter_duplicates": false,
  "matrix_serialize_format_type": "numpy"
}