{
  "profile": "data-package",
  "name": "ef-v31ls.e6192af00690c5bc296f45e80359ae4b.zip",
  "id": "c0da9d8c52424c5d91bb477aaeb568b4",
  "licenses": [
    {
      "name": "ODC-PDDL-1.0",
      "path": "http://opendatacommons.org/licenses/pddl/",
      "title": "Open Data Commons Public Domain Dedication and License v1.0"
    }
  ],
  "resources": [
    {
      "profile": "data-resource",
      "format": "npy",
      "mediatype": "application/octet-stream",
      "name": "EF_v3.1_land_use_soil_quality_index_matrix_data.indices",
      "matrix": "characterization_matrix",
      "kind": "indices",
      "path": "EF_v3.1_land_use_soil_quality_index_matrix_data.indices.npy",
      "group": "EF_v3.1_land_use_soil_quality_index_matrix_data",
      "nrows": 155,
      "global_index": 1,
      "identifier": [
        "EF v3.1",
        "land use",
        "soil quality index"
      ],
      "category": "vector"
    },
    {
      "profile": "data-resource",
      "format": "npy",
      "mediatype": "application/octet-stream",
      "name": "EF_v3.1_land_use_soil_quality_index_matrix_data.data",
      "matrix": "characterization_matrix",
      "kind": "data",
      "path": "EF_v3.1_land_use_soil_quality_index_matrix_data.data.npy",
      "group": "EF_v3.1_land_use_soil_quality_index_matrix_data",
      "nrows": 155,
      "global_index": 1,
      "identifier": [
        "EF v3.1",
        "land use",
        "soil quality index"
      ],
      "category": "vector"
    }
  ],
  "created": "2024-06-16T12:09:01.958929+00:00Z",
  "combinatorial": false,
  "sequential": false,
  "seed": null,
  "sum_intra_duplicates": true,
  "sum_inter_duplicates": false,
  "matrix_serialize_format_type": "numpy"
}