{
  "profile": "data-package",
  "name": "recipe-2016-v103-midpoint-iww.ce150cc14ba2a96df2353e881afba66d.zip",
  "id": "e52471ab1e0d4760857258c4c48761ee",
  "licenses": [
    {
      "name": "ODC-PDDL-1.0",
      "path": "http://opendatacommons.org/licenses/pddl/",
      "title": "Open Data Commons Public Domain Dedication and License v1.0"
    }
  ],
  "resources": [
    {
      "profile": "data-resource",
      "format": "npy",
      "mediatype": "application/octet-stream",
      "name": "ReCiPe_2016_v1.03_midpoint_I_water_use_water_consumption_potential_WCP_matrix_data.indices",
      "matrix": "characterization_matrix",
      "kind": "indices",
      "path": "ReCiPe_2016_v1.03_midpoint_I_water_use_water_consumption_potential_WCP_matrix_data.indices.npy",
      "group": "ReCiPe_2016_v1.03_midpoint_I_water_use_water_consumption_potential_WCP_matrix_data",
      "nrows": 5,
      "global_index": 1,
      "identifier": [
        "ReCiPe 2016 v1.03, midpoint (I)",
        "water use",
        "water consumption potential (WCP)"
      ],
      "category": "vector"
    },
    {
      "profile": "data-resource",
      "format": "npy",
      "mediatype": "application/octet-stream",
      "name": "ReCiPe_2016_v1.03_midpoint_I_water_use_water_consumption_potential_WCP_matrix_data.data",
      "matrix": "characterization_matrix",
      "kind": "data",
      "path": "ReCiPe_2016_v1.03_midpoint_I_water_use_water_consumption_potential_WCP_matrix_data.data.npy",
      "group": "ReCiPe_2016_v1.03_midpoint_I_water_use_water_consumption_potential_WCP_matrix_data",
      "nrows": 5,
      "global_index": 1,
      "identifier": [
        "ReCiPe 2016 v1.03, midpoint (I)",
        "water use",
        "water consumption potential (WCP)"
      ],
      "category": "vector"
    }
  ],
  "created": "2024-06-16T12:09:03.266456+00:00Z",
  "combinatorial": false,
  "sequential": false,
  "seed": null,
  "sum_intra_duplicates": true,
  "sum_inter_duplicates": false,
  "matrix_serialize_format_type": "numpy"
}