{
  "profile": "data-package",
  "name": "cumulative-energy-demand-cedee.54e1efe53242dc8f8a56c6f2c9f7e804.zip",
  "id": "e4d9c147374048f2ac7699be7c6edde5",
  "licenses": [
    {
      "name": "ODC-PDDL-1.0",
      "path": "http://opendatacommons.org/licenses/pddl/",
      "title": "Open Data Commons Public Domain Dedication and License v1.0"
    }
  ],
  "resources": [
    {
      "profile": "data-resource",
      "format": "npy",
      "mediatype": "application/octet-stream",
      "name": "Cumulative_Energy_Demand_CED_energy_resources_non-renewable_nuclear_energy_content_HHV_matrix_data.indices",
      "matrix": "characterization_matrix",
      "kind": "indices",
      "path": "Cumulative_Energy_Demand_CED_energy_resources_non-renewable_nuclear_energy_content_HHV_matrix_data.indices.npy",
      "group": "Cumulative_Energy_Demand_CED_energy_resources_non-renewable_nuclear_energy_content_HHV_matrix_data",
      "nrows": 1,
      "global_index": 1,
      "identifier": [
        "Cumulative Energy Demand (CED)",
        "energy resources: non-renewable, nuclear",
        "energy content (HHV)"
      ],
      "category": "vector"
    },
    {
      "profile": "data-resource",
      "format": "npy",
      "mediatype": "application/octet-stream",
      "name": "Cumulative_Energy_Demand_CED_energy_resources_non-renewable_nuclear_energy_content_HHV_matrix_data.data",
      "matrix": "characterization_matrix",
      "kind": "data",
      "path": "Cumulative_Energy_Demand_CED_energy_resources_non-renewable_nuclear_energy_content_HHV_matrix_data.data.npy",
      "group": "Cumulative_Energy_Demand_CED_energy_resources_non-renewable_nuclear_energy_content_HHV_matrix_data",
      "nrows": 1,
      "global_index": 1,
      "identifier": [
        "Cumulative Energy Demand (CED)",
        "energy resources: non-renewable, nuclear",
        "energy content (HHV)"
      ],
      "category": "vector"
    }
  ],
  "created": "2024-06-16T12:09:01.513198+00:00Z",
  "combinatorial": false,
  "sequential": false,
  "seed": null,
  "sum_intra_duplicates": true,
  "sum_inter_duplicates": false,
  "matrix_serialize_format_type": "numpy"
}