{
  "profile": "data-package",
  "name": "traci-v21ee.64d99a675bc38da228bf01bc4f743c09.zip",
  "id": "647f19e559444483b49c82a6b2bd2c44",
  "licenses": [
    {
      "name": "ODC-PDDL-1.0",
      "path": "http://opendatacommons.org/licenses/pddl/",
      "title": "Open Data Commons Public Domain Dedication and License v1.0"
    }
  ],
  "resources": [
    {
      "profile": "data-resource",
      "format": "npy",
      "mediatype": "application/octet-stream",
      "name": "TRACI_v2.1_eutrophication_eutrophication_potential_matrix_data.indices",
      "matrix": "characterization_matrix",
      "kind": "indices",
      "path": "TRACI_v2.1_eutrophication_eutrophication_potential_matrix_data.indices.npy",
      "group": "TRACI_v2.1_eutrophication_eutrophication_potential_matrix_data",
      "nrows": 64,
      "global_index": 1,
      "identifier": [
        "TRACI v2.1",
        "eutrophication",
        "eutrophication potential"
      ],
      "category": "vector"
    },
    {
      "profile": "data-resource",
      "format": "npy",
      "mediatype": "application/octet-stream",
      "name": "TRACI_v2.1_eutrophication_eutrophication_potential_matrix_data.data",
      "matrix": "characterization_matrix",
      "kind": "data",
      "path": "TRACI_v2.1_eutrophication_eutrophication_potential_matrix_data.data.npy",
      "group": "TRACI_v2.1_eutrophication_eutrophication_potential_matrix_data",
      "nrows": 64,
      "global_index": 1,
      "identifier": [
        "TRACI v2.1",
        "eutrophication",
        "eutrophication potential"
      ],
      "category": "vector"
    }
  ],
  "created": "2024-06-16T12:09:03.319943+00:00Z",
  "combinatorial": false,
  "sequential": false,
  "seed": null,
  "sum_intra_duplicates": true,
  "sum_inter_duplicates": false,
  "matrix_serialize_format_type": "numpy"
}