{
  "profile": "data-package",
  "name": "ef-v30hc.d368d25001515847b4626d90d4f52e9e.zip",
  "id": "9ff84f9001d9445fa89b36371fadc6ba",
  "licenses": [
    {
      "name": "ODC-PDDL-1.0",
      "path": "http://opendatacommons.org/licenses/pddl/",
      "title": "Open Data Commons Public Domain Dedication and License v1.0"
    }
  ],
  "resources": [
    {
      "profile": "data-resource",
      "format": "npy",
      "mediatype": "application/octet-stream",
      "name": "EF_v3.0_human_toxicity_carcinogenic_metals_comparative_toxic_unit_for_human_CTUh_matrix_data.indices",
      "matrix": "characterization_matrix",
      "kind": "indices",
      "path": "EF_v3.0_human_toxicity_carcinogenic_metals_comparative_toxic_unit_for_human_CTUh_matrix_data.indices.npy",
      "group": "EF_v3.0_human_toxicity_carcinogenic_metals_comparative_toxic_unit_for_human_CTUh_matrix_data",
      "nrows": 81,
      "global_index": 1,
      "identifier": [
        "EF v3.0",
        "human toxicity: carcinogenic, metals",
        "comparative toxic unit for human (CTUh)"
      ],
      "category": "vector"
    },
    {
      "profile": "data-resource",
      "format": "npy",
      "mediatype": "application/octet-stream",
      "name": "EF_v3.0_human_toxicity_carcinogenic_metals_comparative_toxic_unit_for_human_CTUh_matrix_data.data",
      "matrix": "characterization_matrix",
      "kind": "data",
      "path": "EF_v3.0_human_toxicity_carcinogenic_metals_comparative_toxic_unit_for_human_CTUh_matrix_data.data.npy",
      "group": "EF_v3.0_human_toxicity_carcinogenic_metals_comparative_toxic_unit_for_human_CTUh_matrix_data",
      "nrows": 81,
      "global_index": 1,
      "identifier": [
        "EF v3.0",
        "human toxicity: carcinogenic, metals",
        "comparative toxic unit for human (CTUh)"
      ],
      "category": "vector"
    }
  ],
  "created": "2024-06-16T12:09:01.766303+00:00Z",
  "combinatorial": false,
  "sequential": false,
  "seed": null,
  "sum_intra_duplicates": true,
  "sum_inter_duplicates": false,
  "matrix_serialize_format_type": "numpy"
}