{
  "profile": "data-package",
  "name": "inventory-results-and-indicatorswt.a32ea1de7fdcc388abd9ae7063b5bfcf.zip",
  "id": "115be83e0de6466e909d4935dc2a932c",
  "licenses": [
    {
      "name": "ODC-PDDL-1.0",
      "path": "http://opendatacommons.org/licenses/pddl/",
      "title": "Open Data Commons Public Domain Dedication and License v1.0"
    }
  ],
  "resources": [
    {
      "profile": "data-resource",
      "format": "npy",
      "mediatype": "application/octet-stream",
      "name": "Inventory_results_and_indicators_waste_disposal_total_area_for_dump_sites_matrix_data.indices",
      "matrix": "characterization_matrix",
      "kind": "indices",
      "path": "Inventory_results_and_indicators_waste_disposal_total_area_for_dump_sites_matrix_data.indices.npy",
      "group": "Inventory_results_and_indicators_waste_disposal_total_area_for_dump_sites_matrix_data",
      "nrows": 5,
      "global_index": 1,
      "identifier": [
        "Inventory results and indicators",
        "waste disposal",
        "total area for dump sites"
      ],
      "category": "vector"
    },
    {
      "profile": "data-resource",
      "format": "npy",
      "mediatype": "application/octet-stream",
      "name": "Inventory_results_and_indicators_waste_disposal_total_area_for_dump_sites_matrix_data.data",
      "matrix": "characterization_matrix",
      "kind": "data",
      "path": "Inventory_results_and_indicators_waste_disposal_total_area_for_dump_sites_matrix_data.data.npy",
      "group": "Inventory_results_and_indicators_waste_disposal_total_area_for_dump_sites_matrix_data",
      "nrows": 5,
      "global_index": 1,
      "identifier": [
        "Inventory results and indicators",
        "waste disposal",
        "total area for dump sites"
      ],
      "category": "vector"
    }
  ],
  "created": "2024-06-16T12:09:02.110145+00:00Z",
  "combinatorial": false,
  "sequential": false,
  "seed": null,
  "sum_intra_duplicates": true,
  "sum_inter_duplicates": false,
  "matrix_serialize_format_type": "numpy"
}