{
  "profile": "data-package",
  "name": "inventory-results-and-indicatorswt.26c59ca154ff72bab45b2ecd43b2d461.zip",
  "id": "40bc67889c5948e3954c942634a7b82b",
  "licenses": [
    {
      "name": "ODC-PDDL-1.0",
      "path": "http://opendatacommons.org/licenses/pddl/",
      "title": "Open Data Commons Public Domain Dedication and License v1.0"
    }
  ],
  "resources": [
    {
      "profile": "data-resource",
      "format": "npy",
      "mediatype": "application/octet-stream",
      "name": "Inventory_results_and_indicators_waste_disposal_total_volume_of_radioactive_waste_matrix_data.indices",
      "matrix": "characterization_matrix",
      "kind": "indices",
      "path": "Inventory_results_and_indicators_waste_disposal_total_volume_of_radioactive_waste_matrix_data.indices.npy",
      "group": "Inventory_results_and_indicators_waste_disposal_total_volume_of_radioactive_waste_matrix_data",
      "nrows": 2,
      "global_index": 1,
      "identifier": [
        "Inventory results and indicators",
        "waste disposal",
        "total volume of radioactive waste"
      ],
      "category": "vector"
    },
    {
      "profile": "data-resource",
      "format": "npy",
      "mediatype": "application/octet-stream",
      "name": "Inventory_results_and_indicators_waste_disposal_total_volume_of_radioactive_waste_matrix_data.data",
      "matrix": "characterization_matrix",
      "kind": "data",
      "path": "Inventory_results_and_indicators_waste_disposal_total_volume_of_radioactive_waste_matrix_data.data.npy",
      "group": "Inventory_results_and_indicators_waste_disposal_total_volume_of_radioactive_waste_matrix_data",
      "nrows": 2,
      "global_index": 1,
      "identifier": [
        "Inventory results and indicators",
        "waste disposal",
        "total volume of radioactive waste"
      ],
      "category": "vector"
    }
  ],
  "created": "2024-06-16T12:09:02.114568+00:00Z",
  "combinatorial": false,
  "sequential": false,
  "seed": null,
  "sum_intra_duplicates": true,
  "sum_inter_duplicates": false,
  "matrix_serialize_format_type": "numpy"
}