{
  "profile": "data-package",
  "name": "ef-v31-no-ltec.9acf06a0466d4e96a48b1626f8c57e94.zip",
  "id": "00695059c42a498f83d7e39e6ed6a224",
  "licenses": [
    {
      "name": "ODC-PDDL-1.0",
      "path": "http://opendatacommons.org/licenses/pddl/",
      "title": "Open Data Commons Public Domain Dedication and License v1.0"
    }
  ],
  "resources": [
    {
      "profile": "data-resource",
      "format": "npy",
      "mediatype": "application/octet-stream",
      "name": "EF_v3.1_no_LT_ecotoxicity_freshwater_inorganics_no_LT_comparative_toxic_unit_for_ecosystems_CTUe_no_LT_matrix_data.indices",
      "matrix": "characterization_matrix",
      "kind": "indices",
      "path": "EF_v3.1_no_LT_ecotoxicity_freshwater_inorganics_no_LT_comparative_toxic_unit_for_ecosystems_CTUe_no_LT_matrix_data.indices.npy",
      "group": "EF_v3.1_no_LT_ecotoxicity_freshwater_inorganics_no_LT_comparative_toxic_unit_for_ecosystems_CTUe_no_LT_matrix_data",
      "nrows": 573,
      "global_index": 1,
      "identifier": [
        "EF v3.1 no LT",
        "ecotoxicity: freshwater, inorganics no LT",
        "comparative toxic unit for ecosystems (CTUe) no LT"
      ],
      "category": "vector"
    },
    {
      "profile": "data-resource",
      "format": "npy",
      "mediatype": "application/octet-stream",
      "name": "EF_v3.1_no_LT_ecotoxicity_freshwater_inorganics_no_LT_comparative_toxic_unit_for_ecosystems_CTUe_no_LT_matrix_data.data",
      "matrix": "characterization_matrix",
      "kind": "data",
      "path": "EF_v3.1_no_LT_ecotoxicity_freshwater_inorganics_no_LT_comparative_toxic_unit_for_ecosystems_CTUe_no_LT_matrix_data.data.npy",
      "group": "EF_v3.1_no_LT_ecotoxicity_freshwater_inorganics_no_LT_comparative_toxic_unit_for_ecosystems_CTUe_no_LT_matrix_data",
      "nrows": 573,
      "global_index": 1,
      "identifier": [
        "EF v3.1 no LT",
        "ecotoxicity: freshwater, inorganics no LT",
        "comparative toxic unit for ecosystems (CTUe) no LT"
      ],
      "category": "vector"
    }
  ],
  "created": "2024-06-16T12:09:01.822639+00:00Z",
  "combinatorial": false,
  "sequential": false,
  "seed": null,
  "sum_intra_duplicates": true,
  "sum_inter_duplicates": false,
  "matrix_serialize_format_type": "numpy"
}