{
  "profile": "data-package",
  "name": "ef-v30-en15804ih.74feba36ee1861c18aac395df76bfd5e.zip",
  "id": "9a1334f482844d799e10cbe9d24f22d7",
  "licenses": [
    {
      "name": "ODC-PDDL-1.0",
      "path": "http://opendatacommons.org/licenses/pddl/",
      "title": "Open Data Commons Public Domain Dedication and License v1.0"
    }
  ],
  "resources": [
    {
      "profile": "data-resource",
      "format": "npy",
      "mediatype": "application/octet-stream",
      "name": "EF_v3.0_EN15804_ionising_radiation_human_health_human_exposure_efficiency_relative_to_u235_matrix_data.indices",
      "matrix": "characterization_matrix",
      "kind": "indices",
      "path": "EF_v3.0_EN15804_ionising_radiation_human_health_human_exposure_efficiency_relative_to_u235_matrix_data.indices.npy",
      "group": "EF_v3.0_EN15804_ionising_radiation_human_health_human_exposure_efficiency_relative_to_u235_matrix_data",
      "nrows": 175,
      "global_index": 1,
      "identifier": [
        "EF v3.0 EN15804",
        "ionising radiation: human health",
        "human exposure efficiency relative to u235"
      ],
      "category": "vector"
    },
    {
      "profile": "data-resource",
      "format": "npy",
      "mediatype": "application/octet-stream",
      "name": "EF_v3.0_EN15804_ionising_radiation_human_health_human_exposure_efficiency_relative_to_u235_matrix_data.data",
      "matrix": "characterization_matrix",
      "kind": "data",
      "path": "EF_v3.0_EN15804_ionising_radiation_human_health_human_exposure_efficiency_relative_to_u235_matrix_data.data.npy",
      "group": "EF_v3.0_EN15804_ionising_radiation_human_health_human_exposure_efficiency_relative_to_u235_matrix_data",
      "nrows": 175,
      "global_index": 1,
      "identifier": [
        "EF v3.0 EN15804",
        "ionising radiation: human health",
        "human exposure efficiency relative to u235"
      ],
      "category": "vector"
    }
  ],
  "created": "2024-06-16T12:09:03.468587+00:00Z",
  "combinatorial": false,
  "sequential": false,
  "seed": null,
  "sum_intra_duplicates": true,
  "sum_inter_duplicates": false,
  "matrix_serialize_format_type": "numpy"
}