{
  "profile": "data-package",
  "name": "recipe-2016-v103-endpoint-ehp.f235cb113e1e1ea00d1a794aaf3f5a74.zip",
  "id": "095169d0258a4b43adf04c76c622f3d7",
  "licenses": [
    {
      "name": "ODC-PDDL-1.0",
      "path": "http://opendatacommons.org/licenses/pddl/",
      "title": "Open Data Commons Public Domain Dedication and License v1.0"
    }
  ],
  "resources": [
    {
      "profile": "data-resource",
      "format": "npy",
      "mediatype": "application/octet-stream",
      "name": "ReCiPe_2016_v1.03_endpoint_E_human_health_photochemical_oxidant_formation_human_health_matrix_data.indices",
      "matrix": "characterization_matrix",
      "kind": "indices",
      "path": "ReCiPe_2016_v1.03_endpoint_E_human_health_photochemical_oxidant_formation_human_health_matrix_data.indices.npy",
      "group": "ReCiPe_2016_v1.03_endpoint_E_human_health_photochemical_oxidant_formation_human_health_matrix_data",
      "nrows": 163,
      "global_index": 1,
      "identifier": [
        "ReCiPe 2016 v1.03, endpoint (E)",
        "human health",
        "photochemical oxidant formation: human health"
      ],
      "category": "vector"
    },
    {
      "profile": "data-resource",
      "format": "npy",
      "mediatype": "application/octet-stream",
      "name": "ReCiPe_2016_v1.03_endpoint_E_human_health_photochemical_oxidant_formation_human_health_matrix_data.data",
      "matrix": "characterization_matrix",
      "kind": "data",
      "path": "ReCiPe_2016_v1.03_endpoint_E_human_health_photochemical_oxidant_formation_human_health_matrix_data.data.npy",
      "group": "ReCiPe_2016_v1.03_endpoint_E_human_health_photochemical_oxidant_formation_human_health_matrix_data",
      "nrows": 163,
      "global_index": 1,
      "identifier": [
        "ReCiPe 2016 v1.03, endpoint (E)",
        "human health",
        "photochemical oxidant formation: human health"
      ],
      "category": "vector"
    }
  ],
  "created": "2024-06-16T12:09:02.461213+00:00Z",
  "combinatorial": false,
  "sequential": false,
  "seed": null,
  "sum_intra_duplicates": true,
  "sum_inter_duplicates": false,
  "matrix_serialize_format_type": "numpy"
}