{
  "profile": "data-package",
  "name": "recipe-2016-v103-endpoint-ehi.0a3912f94ed0e116e85519be1f9c350d.zip",
  "id": "3dbaee46c543481d83fd268ef4a68007",
  "licenses": [
    {
      "name": "ODC-PDDL-1.0",
      "path": "http://opendatacommons.org/licenses/pddl/",
      "title": "Open Data Commons Public Domain Dedication and License v1.0"
    }
  ],
  "resources": [
    {
      "profile": "data-resource",
      "format": "npy",
      "mediatype": "application/octet-stream",
      "name": "ReCiPe_2016_v1.03_endpoint_E_human_health_ionising_radiation_matrix_data.indices",
      "matrix": "characterization_matrix",
      "kind": "indices",
      "path": "ReCiPe_2016_v1.03_endpoint_E_human_health_ionising_radiation_matrix_data.indices.npy",
      "group": "ReCiPe_2016_v1.03_endpoint_E_human_health_ionising_radiation_matrix_data",
      "nrows": 225,
      "global_index": 1,
      "identifier": [
        "ReCiPe 2016 v1.03, endpoint (E)",
        "human health",
        "ionising radiation"
      ],
      "category": "vector"
    },
    {
      "profile": "data-resource",
      "format": "npy",
      "mediatype": "application/octet-stream",
      "name": "ReCiPe_2016_v1.03_endpoint_E_human_health_ionising_radiation_matrix_data.data",
      "matrix": "characterization_matrix",
      "kind": "data",
      "path": "ReCiPe_2016_v1.03_endpoint_E_human_health_ionising_radiation_matrix_data.data.npy",
      "group": "ReCiPe_2016_v1.03_endpoint_E_human_health_ionising_radiation_matrix_data",
      "nrows": 225,
      "global_index": 1,
      "identifier": [
        "ReCiPe 2016 v1.03, endpoint (E)",
        "human health",
        "ionising radiation"
      ],
      "category": "vector"
    }
  ],
  "created": "2024-06-16T12:09:02.452982+00:00Z",
  "combinatorial": false,
  "sequential": false,
  "seed": null,
  "sum_intra_duplicates": true,
  "sum_inter_duplicates": false,
  "matrix_serialize_format_type": "numpy"
}