{
  "profile": "data-package",
  "name": "usetox-v213-midpoint-no-ltec.5f5240949c794f069532c8eb50027f2b.zip",
  "id": "b926450e3be8433f9c6b8fff1cce0d51",
  "licenses": [
    {
      "name": "ODC-PDDL-1.0",
      "path": "http://opendatacommons.org/licenses/pddl/",
      "title": "Open Data Commons Public Domain Dedication and License v1.0"
    }
  ],
  "resources": [
    {
      "profile": "data-resource",
      "format": "npy",
      "mediatype": "application/octet-stream",
      "name": "USEtox_v2.13_midpoint_no_LT_ecotoxicity_freshwater_no_LT_comparative_toxic_unit_for_ecosystems_CTUe_no_LT_matrix_data.indices",
      "matrix": "characterization_matrix",
      "kind": "indices",
      "path": "USEtox_v2.13_midpoint_no_LT_ecotoxicity_freshwater_no_LT_comparative_toxic_unit_for_ecosystems_CTUe_no_LT_matrix_data.indices.npy",
      "group": "USEtox_v2.13_midpoint_no_LT_ecotoxicity_freshwater_no_LT_comparative_toxic_unit_for_ecosystems_CTUe_no_LT_matrix_data",
      "nrows": 1624,
      "global_index": 1,
      "identifier": [
        "USEtox v2.13, midpoint no LT",
        "ecotoxicity: freshwater no LT",
        "comparative toxic unit for ecosystems (CTUe) no LT"
      ],
      "category": "vector"
    },
    {
      "profile": "data-resource",
      "format": "npy",
      "mediatype": "application/octet-stream",
      "name": "USEtox_v2.13_midpoint_no_LT_ecotoxicity_freshwater_no_LT_comparative_toxic_unit_for_ecosystems_CTUe_no_LT_matrix_data.data",
      "matrix": "characterization_matrix",
      "kind": "data",
      "path": "USEtox_v2.13_midpoint_no_LT_ecotoxicity_freshwater_no_LT_comparative_toxic_unit_for_ecosystems_CTUe_no_LT_matrix_data.data.npy",
      "group": "USEtox_v2.13_midpoint_no_LT_ecotoxicity_freshwater_no_LT_comparative_toxic_unit_for_ecosystems_CTUe_no_LT_matrix_data",
      "nrows": 1624,
      "global_index": 1,
      "identifier": [
        "USEtox v2.13, midpoint no LT",
        "ecotoxicity: freshwater no LT",
        "comparative toxic unit for ecosystems (CTUe) no LT"
      ],
      "category": "vector"
    }
  ],
  "created": "2024-06-16T12:09:03.379347+00:00Z",
  "combinatorial": false,
  "sequential": false,
  "seed": null,
  "sum_intra_duplicates": true,
  "sum_inter_duplicates": false,
  "matrix_serialize_format_type": "numpy"
}