{
  "profile": "data-package",
  "name": "usetox-v213-midpointhc.bef042df56e3e6d1356ae84b4634995f.zip",
  "id": "3eda7bf52597464e86fb2c37a6092cc2",
  "licenses": [
    {
      "name": "ODC-PDDL-1.0",
      "path": "http://opendatacommons.org/licenses/pddl/",
      "title": "Open Data Commons Public Domain Dedication and License v1.0"
    }
  ],
  "resources": [
    {
      "profile": "data-resource",
      "format": "npy",
      "mediatype": "application/octet-stream",
      "name": "USEtox_v2.13_midpoint_human_toxicity_non-carcinogenic_comparative_toxic_unit_for_human_CTUh_matrix_data.indices",
      "matrix": "characterization_matrix",
      "kind": "indices",
      "path": "USEtox_v2.13_midpoint_human_toxicity_non-carcinogenic_comparative_toxic_unit_for_human_CTUh_matrix_data.indices.npy",
      "group": "USEtox_v2.13_midpoint_human_toxicity_non-carcinogenic_comparative_toxic_unit_for_human_CTUh_matrix_data",
      "nrows": 1073,
      "global_index": 1,
      "identifier": [
        "USEtox v2.13, midpoint",
        "human toxicity: non-carcinogenic",
        "comparative toxic unit for human (CTUh)"
      ],
      "category": "vector"
    },
    {
      "profile": "data-resource",
      "format": "npy",
      "mediatype": "application/octet-stream",
      "name": "USEtox_v2.13_midpoint_human_toxicity_non-carcinogenic_comparative_toxic_unit_for_human_CTUh_matrix_data.data",
      "matrix": "characterization_matrix",
      "kind": "data",
      "path": "USEtox_v2.13_midpoint_human_toxicity_non-carcinogenic_comparative_toxic_unit_for_human_CTUh_matrix_data.data.npy",
      "group": "USEtox_v2.13_midpoint_human_toxicity_non-carcinogenic_comparative_toxic_unit_for_human_CTUh_matrix_data",
      "nrows": 1073,
      "global_index": 1,
      "identifier": [
        "USEtox v2.13, midpoint",
        "human toxicity: non-carcinogenic",
        "comparative toxic unit for human (CTUh)"
      ],
      "category": "vector"
    }
  ],
  "created": "2024-06-16T12:09:03.407378+00:00Z",
  "combinatorial": false,
  "sequential": false,
  "seed": null,
  "sum_intra_duplicates": true,
  "sum_inter_duplicates": false,
  "matrix_serialize_format_type": "numpy"
}