{
  "profile": "data-package",
  "name": "ef-v30ma.f98bbf57c80a1a8051cb4be3fdcef343.zip",
  "id": "fe891e6237364dc09df8d05bb0854ccf",
  "licenses": [
    {
      "name": "ODC-PDDL-1.0",
      "path": "http://opendatacommons.org/licenses/pddl/",
      "title": "Open Data Commons Public Domain Dedication and License v1.0"
    }
  ],
  "resources": [
    {
      "profile": "data-resource",
      "format": "npy",
      "mediatype": "application/octet-stream",
      "name": "EF_v3.0_material_resources_metals_minerals_abiotic_depletion_potential_ADP_elements_ultimate_reserves_matrix_data.indices",
      "matrix": "characterization_matrix",
      "kind": "indices",
      "path": "EF_v3.0_material_resources_metals_minerals_abiotic_depletion_potential_ADP_elements_ultimate_reserves_matrix_data.indices.npy",
      "group": "EF_v3.0_material_resources_metals_minerals_abiotic_depletion_potential_ADP_elements_ultimate_reserves_matrix_data",
      "nrows": 64,
      "global_index": 1,
      "identifier": [
        "EF v3.0",
        "material resources: metals/minerals",
        "abiotic depletion potential (ADP): elements (ultimate reserves)"
      ],
      "category": "vector"
    },
    {
      "profile": "data-resource",
      "format": "npy",
      "mediatype": "application/octet-stream",
      "name": "EF_v3.0_material_resources_metals_minerals_abiotic_depletion_potential_ADP_elements_ultimate_reserves_matrix_data.data",
      "matrix": "characterization_matrix",
      "kind": "data",
      "path": "EF_v3.0_material_resources_metals_minerals_abiotic_depletion_potential_ADP_elements_ultimate_reserves_matrix_data.data.npy",
      "group": "EF_v3.0_material_resources_metals_minerals_abiotic_depletion_potential_ADP_elements_ultimate_reserves_matrix_data",
      "nrows": 64,
      "global_index": 1,
      "identifier": [
        "EF v3.0",
        "material resources: metals/minerals",
        "abiotic depletion potential (ADP): elements (ultimate reserves)"
      ],
      "category": "vector"
    }
  ],
  "created": "2024-06-16T12:09:01.793982+00:00Z",
  "combinatorial": false,
  "sequential": false,
  "seed": null,
  "sum_intra_duplicates": true,
  "sum_inter_duplicates": false,
  "matrix_serialize_format_type": "numpy"
}