{
  "profile": "data-package",
  "name": "impact-world-v201-footprint-versionef.21bc6a9e6f90465188928717a0ad8eda.zip",
  "id": "a51a97c431244215804b26743ce9c566",
  "licenses": [
    {
      "name": "ODC-PDDL-1.0",
      "path": "http://opendatacommons.org/licenses/pddl/",
      "title": "Open Data Commons Public Domain Dedication and License v1.0"
    }
  ],
  "resources": [
    {
      "profile": "data-resource",
      "format": "npy",
      "mediatype": "application/octet-stream",
      "name": "IMPACT_World_v2.0.1_footprint_version_energy_resources_non-renewable_fossil_and_nuclear_energy_use_matrix_data.indices",
      "matrix": "characterization_matrix",
      "kind": "indices",
      "path": "IMPACT_World_v2.0.1_footprint_version_energy_resources_non-renewable_fossil_and_nuclear_energy_use_matrix_data.indices.npy",
      "group": "IMPACT_World_v2.0.1_footprint_version_energy_resources_non-renewable_fossil_and_nuclear_energy_use_matrix_data",
      "nrows": 7,
      "global_index": 1,
      "identifier": [
        "IMPACT World+ v2.0.1, footprint version",
        "energy resources: non-renewable",
        "fossil and nuclear energy use"
      ],
      "category": "vector"
    },
    {
      "profile": "data-resource",
      "format": "npy",
      "mediatype": "application/octet-stream",
      "name": "IMPACT_World_v2.0.1_footprint_version_energy_resources_non-renewable_fossil_and_nuclear_energy_use_matrix_data.data",
      "matrix": "characterization_matrix",
      "kind": "data",
      "path": "IMPACT_World_v2.0.1_footprint_version_energy_resources_non-renewable_fossil_and_nuclear_energy_use_matrix_data.data.npy",
      "group": "IMPACT_World_v2.0.1_footprint_version_energy_resources_non-renewable_fossil_and_nuclear_energy_use_matrix_data",
      "nrows": 7,
      "global_index": 1,
      "identifier": [
        "IMPACT World+ v2.0.1, footprint version",
        "energy resources: non-renewable",
        "fossil and nuclear energy use"
      ],
      "category": "vector"
    }
  ],
  "created": "2024-06-16T12:09:02.028463+00:00Z",
  "combinatorial": false,
  "sequential": false,
  "seed": null,
  "sum_intra_duplicates": true,
  "sum_inter_duplicates": false,
  "matrix_serialize_format_type": "numpy"
}