{
  "profile": "data-package",
  "name": "ecological-scarcity-2021er.0b570004d4f0ef90b8f6ed6b3061cb62.zip",
  "id": "87809721eb474e21ab9af8fec2784150",
  "licenses": [
    {
      "name": "ODC-PDDL-1.0",
      "path": "http://opendatacommons.org/licenses/pddl/",
      "title": "Open Data Commons Public Domain Dedication and License v1.0"
    }
  ],
  "resources": [
    {
      "profile": "data-resource",
      "format": "npy",
      "mediatype": "application/octet-stream",
      "name": "Ecological_Scarcity_2021_emissions_to_air_radioactive_substances_into_air_matrix_data.indices",
      "matrix": "characterization_matrix",
      "kind": "indices",
      "path": "Ecological_Scarcity_2021_emissions_to_air_radioactive_substances_into_air_matrix_data.indices.npy",
      "group": "Ecological_Scarcity_2021_emissions_to_air_radioactive_substances_into_air_matrix_data",
      "nrows": 96,
      "global_index": 1,
      "identifier": [
        "Ecological Scarcity 2021",
        "emissions to air",
        "radioactive substances into air"
      ],
      "category": "vector"
    },
    {
      "profile": "data-resource",
      "format": "npy",
      "mediatype": "application/octet-stream",
      "name": "Ecological_Scarcity_2021_emissions_to_air_radioactive_substances_into_air_matrix_data.data",
      "matrix": "characterization_matrix",
      "kind": "data",
      "path": "Ecological_Scarcity_2021_emissions_to_air_radioactive_substances_into_air_matrix_data.data.npy",
      "group": "Ecological_Scarcity_2021_emissions_to_air_radioactive_substances_into_air_matrix_data",
      "nrows": 96,
      "global_index": 1,
      "identifier": [
        "Ecological Scarcity 2021",
        "emissions to air",
        "radioactive substances into air"
      ],
      "category": "vector"
    }
  ],
  "created": "2024-06-16T12:09:01.599700+00:00Z",
  "combinatorial": false,
  "sequential": false,
  "seed": null,
  "sum_intra_duplicates": true,
  "sum_inter_duplicates": false,
  "matrix_serialize_format_type": "numpy"
}