{
  "profile": "data-package",
  "name": "ipcc-2013-no-ltcg.fa193e734b7afee063e964dc40da5d10.zip",
  "id": "a686f459be5f49729cf9ba7b7c0d9f21",
  "licenses": [
    {
      "name": "ODC-PDDL-1.0",
      "path": "http://opendatacommons.org/licenses/pddl/",
      "title": "Open Data Commons Public Domain Dedication and License v1.0"
    }
  ],
  "resources": [
    {
      "profile": "data-resource",
      "format": "npy",
      "mediatype": "application/octet-stream",
      "name": "IPCC_2013_no_LT_climate_change_no_LT_global_temperature_change_potential_GTP100_no_LT_matrix_data.indices",
      "matrix": "characterization_matrix",
      "kind": "indices",
      "path": "IPCC_2013_no_LT_climate_change_no_LT_global_temperature_change_potential_GTP100_no_LT_matrix_data.indices.npy",
      "group": "IPCC_2013_no_LT_climate_change_no_LT_global_temperature_change_potential_GTP100_no_LT_matrix_data",
      "nrows": 130,
      "global_index": 1,
      "identifier": [
        "IPCC 2013 no LT",
        "climate change no LT",
        "global temperature change potential (GTP100) no LT"
      ],
      "category": "vector"
    },
    {
      "profile": "data-resource",
      "format": "npy",
      "mediatype": "application/octet-stream",
      "name": "IPCC_2013_no_LT_climate_change_no_LT_global_temperature_change_potential_GTP100_no_LT_matrix_data.data",
      "matrix": "characterization_matrix",
      "kind": "data",
      "path": "IPCC_2013_no_LT_climate_change_no_LT_global_temperature_change_potential_GTP100_no_LT_matrix_data.data.npy",
      "group": "IPCC_2013_no_LT_climate_change_no_LT_global_temperature_change_potential_GTP100_no_LT_matrix_data",
      "nrows": 130,
      "global_index": 1,
      "identifier": [
        "IPCC 2013 no LT",
        "climate change no LT",
        "global temperature change potential (GTP100) no LT"
      ],
      "category": "vector"
    }
  ],
  "created": "2024-06-16T12:09:02.126366+00:00Z",
  "combinatorial": false,
  "sequential": false,
  "seed": null,
  "sum_intra_duplicates": true,
  "sum_inter_duplicates": false,
  "matrix_serialize_format_type": "numpy"
}