{
  "profile": "data-package",
  "name": "ef-v30oo.c57d1293fde5d8985580f091e2985f25.zip",
  "id": "39eeaf86e4684021a24e429fb1306fa3",
  "licenses": [
    {
      "name": "ODC-PDDL-1.0",
      "path": "http://opendatacommons.org/licenses/pddl/",
      "title": "Open Data Commons Public Domain Dedication and License v1.0"
    }
  ],
  "resources": [
    {
      "profile": "data-resource",
      "format": "npy",
      "mediatype": "application/octet-stream",
      "name": "EF_v3.0_ozone_depletion_ozone_depletion_potential_ODP_matrix_data.indices",
      "matrix": "characterization_matrix",
      "kind": "indices",
      "path": "EF_v3.0_ozone_depletion_ozone_depletion_potential_ODP_matrix_data.indices.npy",
      "group": "EF_v3.0_ozone_depletion_ozone_depletion_potential_ODP_matrix_data",
      "nrows": 61,
      "global_index": 1,
      "identifier": [
        "EF v3.0",
        "ozone depletion",
        "ozone depletion potential (ODP)"
      ],
      "category": "vector"
    },
    {
      "profile": "data-resource",
      "format": "npy",
      "mediatype": "application/octet-stream",
      "name": "EF_v3.0_ozone_depletion_ozone_depletion_potential_ODP_matrix_data.data",
      "matrix": "characterization_matrix",
      "kind": "data",
      "path": "EF_v3.0_ozone_depletion_ozone_depletion_potential_ODP_matrix_data.data.npy",
      "group": "EF_v3.0_ozone_depletion_ozone_depletion_potential_ODP_matrix_data",
      "nrows": 61,
      "global_index": 1,
      "identifier": [
        "EF v3.0",
        "ozone depletion",
        "ozone depletion potential (ODP)"
      ],
      "category": "vector"
    }
  ],
  "created": "2024-06-16T12:09:01.796363+00:00Z",
  "combinatorial": false,
  "sequential": false,
  "seed": null,
  "sum_intra_duplicates": true,
  "sum_inter_duplicates": false,
  "matrix_serialize_format_type": "numpy"
}