{
  "profile": "data-package",
  "name": "ecological-scarcity-2021-no-ltep.da653e11a8b992ab8120ba967a602772.zip",
  "id": "6005dbd99a9c440e93a835186439e727",
  "licenses": [
    {
      "name": "ODC-PDDL-1.0",
      "path": "http://opendatacommons.org/licenses/pddl/",
      "title": "Open Data Commons Public Domain Dedication and License v1.0"
    }
  ],
  "resources": [
    {
      "profile": "data-resource",
      "format": "npy",
      "mediatype": "application/octet-stream",
      "name": "Ecological_Scarcity_2021_no_LT_emissions_to_soil_no_LT_pesticides_into_soil_no_LT_matrix_data.indices",
      "matrix": "characterization_matrix",
      "kind": "indices",
      "path": "Ecological_Scarcity_2021_no_LT_emissions_to_soil_no_LT_pesticides_into_soil_no_LT_matrix_data.indices.npy",
      "group": "Ecological_Scarcity_2021_no_LT_emissions_to_soil_no_LT_pesticides_into_soil_no_LT_matrix_data",
      "nrows": 369,
      "global_index": 1,
      "identifier": [
        "Ecological Scarcity 2021 no LT",
        "emissions to soil no LT",
        "pesticides into soil no LT"
      ],
      "category": "vector"
    },
    {
      "profile": "data-resource",
      "format": "npy",
      "mediatype": "application/octet-stream",
      "name": "Ecological_Scarcity_2021_no_LT_emissions_to_soil_no_LT_pesticides_into_soil_no_LT_matrix_data.data",
      "matrix": "characterization_matrix",
      "kind": "data",
      "path": "Ecological_Scarcity_2021_no_LT_emissions_to_soil_no_LT_pesticides_into_soil_no_LT_matrix_data.data.npy",
      "group": "Ecological_Scarcity_2021_no_LT_emissions_to_soil_no_LT_pesticides_into_soil_no_LT_matrix_data",
      "nrows": 369,
      "global_index": 1,
      "identifier": [
        "Ecological Scarcity 2021 no LT",
        "emissions to soil no LT",
        "pesticides into soil no LT"
      ],
      "category": "vector"
    }
  ],
  "created": "2024-06-16T12:09:01.564332+00:00Z",
  "combinatorial": false,
  "sequential": false,
  "seed": null,
  "sum_intra_duplicates": true,
  "sum_inter_duplicates": false,
  "matrix_serialize_format_type": "numpy"
}