{
  "profile": "data-package",
  "name": "recipe-2016-v103-midpoint-ims.14670b0ad1fe5f2e66d09d06326a2e85.zip",
  "id": "08db4b9bb4fc4b3c8d94cabd86e2a302",
  "licenses": [
    {
      "name": "ODC-PDDL-1.0",
      "path": "http://opendatacommons.org/licenses/pddl/",
      "title": "Open Data Commons Public Domain Dedication and License v1.0"
    }
  ],
  "resources": [
    {
      "profile": "data-resource",
      "format": "npy",
      "mediatype": "application/octet-stream",
      "name": "ReCiPe_2016_v1.03_midpoint_I_material_resources_metals_minerals_surplus_ore_potential_SOP_matrix_data.indices",
      "matrix": "characterization_matrix",
      "kind": "indices",
      "path": "ReCiPe_2016_v1.03_midpoint_I_material_resources_metals_minerals_surplus_ore_potential_SOP_matrix_data.indices.npy",
      "group": "ReCiPe_2016_v1.03_midpoint_I_material_resources_metals_minerals_surplus_ore_potential_SOP_matrix_data",
      "nrows": 59,
      "global_index": 1,
      "identifier": [
        "ReCiPe 2016 v1.03, midpoint (I)",
        "material resources: metals/minerals",
        "surplus ore potential (SOP)"
      ],
      "category": "vector"
    },
    {
      "profile": "data-resource",
      "format": "npy",
      "mediatype": "application/octet-stream",
      "name": "ReCiPe_2016_v1.03_midpoint_I_material_resources_metals_minerals_surplus_ore_potential_SOP_matrix_data.data",
      "matrix": "characterization_matrix",
      "kind": "data",
      "path": "ReCiPe_2016_v1.03_midpoint_I_material_resources_metals_minerals_surplus_ore_potential_SOP_matrix_data.data.npy",
      "group": "ReCiPe_2016_v1.03_midpoint_I_material_resources_metals_minerals_surplus_ore_potential_SOP_matrix_data",
      "nrows": 59,
      "global_index": 1,
      "identifier": [
        "ReCiPe 2016 v1.03, midpoint (I)",
        "material resources: metals/minerals",
        "surplus ore potential (SOP)"
      ],
      "category": "vector"
    }
  ],
  "created": "2024-06-16T12:09:03.247517+00:00Z",
  "combinatorial": false,
  "sequential": false,
  "seed": null,
  "sum_intra_duplicates": true,
  "sum_inter_duplicates": false,
  "matrix_serialize_format_type": "numpy"
}