{
  "profile": "data-package",
  "name": "crustal-scarcity-indicator-2020mc.9abeae126e151c80ad0f3b56584a5dc2.zip",
  "id": "6173dae10a2a4d2596231c2d0338a3c9",
  "licenses": [
    {
      "name": "ODC-PDDL-1.0",
      "path": "http://opendatacommons.org/licenses/pddl/",
      "title": "Open Data Commons Public Domain Dedication and License v1.0"
    }
  ],
  "resources": [
    {
      "profile": "data-resource",
      "format": "npy",
      "mediatype": "application/octet-stream",
      "name": "Crustal_Scarcity_Indicator_2020_material_resources_metals_minerals_crustal_scarcity_potential_CSP_matrix_data.indices",
      "matrix": "characterization_matrix",
      "kind": "indices",
      "path": "Crustal_Scarcity_Indicator_2020_material_resources_metals_minerals_crustal_scarcity_potential_CSP_matrix_data.indices.npy",
      "group": "Crustal_Scarcity_Indicator_2020_material_resources_metals_minerals_crustal_scarcity_potential_CSP_matrix_data",
      "nrows": 114,
      "global_index": 1,
      "identifier": [
        "Crustal Scarcity Indicator 2020",
        "material resources: metals/minerals",
        "crustal scarcity potential (CSP)"
      ],
      "category": "vector"
    },
    {
      "profile": "data-resource",
      "format": "npy",
      "mediatype": "application/octet-stream",
      "name": "Crustal_Scarcity_Indicator_2020_material_resources_metals_minerals_crustal_scarcity_potential_CSP_matrix_data.data",
      "matrix": "characterization_matrix",
      "kind": "data",
      "path": "Crustal_Scarcity_Indicator_2020_material_resources_metals_minerals_crustal_scarcity_potential_CSP_matrix_data.data.npy",
      "group": "Crustal_Scarcity_Indicator_2020_material_resources_metals_minerals_crustal_scarcity_potential_CSP_matrix_data",
      "nrows": 114,
      "global_index": 1,
      "identifier": [
        "Crustal Scarcity Indicator 2020",
        "material resources: metals/minerals",
        "crustal scarcity potential (CSP)"
      ],
      "category": "vector"
    }
  ],
  "created": "2024-06-16T12:09:01.507679+00:00Z",
  "combinatorial": false,
  "sequential": false,
  "seed": null,
  "sum_intra_duplicates": true,
  "sum_inter_duplicates": false,
  "matrix_serialize_format_type": "numpy"
}