{
  "profile": "data-package",
  "name": "ecological-footprintlg.c415fc7f002516e45df68ce23a4a8ae7.zip",
  "id": "6bcbd117b9d7416dbf1310bd55902d1e",
  "licenses": [
    {
      "name": "ODC-PDDL-1.0",
      "path": "http://opendatacommons.org/licenses/pddl/",
      "title": "Open Data Commons Public Domain Dedication and License v1.0"
    }
  ],
  "resources": [
    {
      "profile": "data-resource",
      "format": "npy",
      "mediatype": "application/octet-stream",
      "name": "Ecological_Footprint_land_occupation_global_hectares_matrix_data.indices",
      "matrix": "characterization_matrix",
      "kind": "indices",
      "path": "Ecological_Footprint_land_occupation_global_hectares_matrix_data.indices.npy",
      "group": "Ecological_Footprint_land_occupation_global_hectares_matrix_data",
      "nrows": 58,
      "global_index": 1,
      "identifier": [
        "Ecological Footprint",
        "land occupation",
        "global hectares"
      ],
      "category": "vector"
    },
    {
      "profile": "data-resource",
      "format": "npy",
      "mediatype": "application/octet-stream",
      "name": "Ecological_Footprint_land_occupation_global_hectares_matrix_data.data",
      "matrix": "characterization_matrix",
      "kind": "data",
      "path": "Ecological_Footprint_land_occupation_global_hectares_matrix_data.data.npy",
      "group": "Ecological_Footprint_land_occupation_global_hectares_matrix_data",
      "nrows": 58,
      "global_index": 1,
      "identifier": [
        "Ecological Footprint",
        "land occupation",
        "global hectares"
      ],
      "category": "vector"
    }
  ],
  "created": "2024-06-16T12:09:01.548239+00:00Z",
  "combinatorial": false,
  "sequential": false,
  "seed": null,
  "sum_intra_duplicates": true,
  "sum_inter_duplicates": false,
  "matrix_serialize_format_type": "numpy"
}