{
  "profile": "data-package",
  "name": "recipe-2016-v103-midpoint-i-no-lthh.26a01232e1875d79e90cf1630535addc.zip",
  "id": "7f2526c73a6748ecbc0b3ecab6f6f578",
  "licenses": [
    {
      "name": "ODC-PDDL-1.0",
      "path": "http://opendatacommons.org/licenses/pddl/",
      "title": "Open Data Commons Public Domain Dedication and License v1.0"
    }
  ],
  "resources": [
    {
      "profile": "data-resource",
      "format": "npy",
      "mediatype": "application/octet-stream",
      "name": "ReCiPe_2016_v1.03_midpoint_I_no_LT_human_toxicity_carcinogenic_no_LT_human_toxicity_potential_HTPc_no_LT_matrix_data.indices",
      "matrix": "characterization_matrix",
      "kind": "indices",
      "path": "ReCiPe_2016_v1.03_midpoint_I_no_LT_human_toxicity_carcinogenic_no_LT_human_toxicity_potential_HTPc_no_LT_matrix_data.indices.npy",
      "group": "ReCiPe_2016_v1.03_midpoint_I_no_LT_human_toxicity_carcinogenic_no_LT_human_toxicity_potential_HTPc_no_LT_matrix_data",
      "nrows": 247,
      "global_index": 1,
      "identifier": [
        "ReCiPe 2016 v1.03, midpoint (I) no LT",
        "human toxicity: carcinogenic no LT",
        "human toxicity potential (HTPc) no LT"
      ],
      "category": "vector"
    },
    {
      "profile": "data-resource",
      "format": "npy",
      "mediatype": "application/octet-stream",
      "name": "ReCiPe_2016_v1.03_midpoint_I_no_LT_human_toxicity_carcinogenic_no_LT_human_toxicity_potential_HTPc_no_LT_matrix_data.data",
      "matrix": "characterization_matrix",
      "kind": "data",
      "path": "ReCiPe_2016_v1.03_midpoint_I_no_LT_human_toxicity_carcinogenic_no_LT_human_toxicity_potential_HTPc_no_LT_matrix_data.data.npy",
      "group": "ReCiPe_2016_v1.03_midpoint_I_no_LT_human_toxicity_carcinogenic_no_LT_human_toxicity_potential_HTPc_no_LT_matrix_data",
      "nrows": 247,
      "global_index": 1,
      "identifier": [
        "ReCiPe 2016 v1.03, midpoint (I) no LT",
        "human toxicity: carcinogenic no LT",
        "human toxicity potential (HTPc) no LT"
      ],
      "category": "vector"
    }
  ],
  "created": "2024-06-16T12:09:03.159448+00:00Z",
  "combinatorial": false,
  "sequential": false,
  "seed": null,
  "sum_intra_duplicates": true,
  "sum_inter_duplicates": false,
  "matrix_serialize_format_type": "numpy"
}