{
  "profile": "data-package",
  "name": "ef-v30ih.c448704a7fe4e093f19d127b65f664b2.zip",
  "id": "9eb6d7c03ec24392b75b56cd63d91907",
  "licenses": [
    {
      "name": "ODC-PDDL-1.0",
      "path": "http://opendatacommons.org/licenses/pddl/",
      "title": "Open Data Commons Public Domain Dedication and License v1.0"
    }
  ],
  "resources": [
    {
      "profile": "data-resource",
      "format": "npy",
      "mediatype": "application/octet-stream",
      "name": "EF_v3.0_ionising_radiation_human_health_human_exposure_efficiency_relative_to_u235_matrix_data.indices",
      "matrix": "characterization_matrix",
      "kind": "indices",
      "path": "EF_v3.0_ionising_radiation_human_health_human_exposure_efficiency_relative_to_u235_matrix_data.indices.npy",
      "group": "EF_v3.0_ionising_radiation_human_health_human_exposure_efficiency_relative_to_u235_matrix_data",
      "nrows": 175,
      "global_index": 1,
      "identifier": [
        "EF v3.0",
        "ionising radiation: human health",
        "human exposure efficiency relative to u235"
      ],
      "category": "vector"
    },
    {
      "profile": "data-resource",
      "format": "npy",
      "mediatype": "application/octet-stream",
      "name": "EF_v3.0_ionising_radiation_human_health_human_exposure_efficiency_relative_to_u235_matrix_data.data",
      "matrix": "characterization_matrix",
      "kind": "data",
      "path": "EF_v3.0_ionising_radiation_human_health_human_exposure_efficiency_relative_to_u235_matrix_data.data.npy",
      "group": "EF_v3.0_ionising_radiation_human_health_human_exposure_efficiency_relative_to_u235_matrix_data",
      "nrows": 175,
      "global_index": 1,
      "identifier": [
        "EF v3.0",
        "ionising radiation: human health",
        "human exposure efficiency relative to u235"
      ],
      "category": "vector"
    }
  ],
  "created": "2024-06-16T12:09:01.786143+00:00Z",
  "combinatorial": false,
  "sequential": false,
  "seed": null,
  "sum_intra_duplicates": true,
  "sum_inter_duplicates": false,
  "matrix_serialize_format_type": "numpy"
}