{
  "profile": "data-package",
  "name": "ef-v30cg.fc91b07ab84331932f3a5fff158a99d6.zip",
  "id": "59b3a7b38da34197a637691a0f5b025d",
  "licenses": [
    {
      "name": "ODC-PDDL-1.0",
      "path": "http://opendatacommons.org/licenses/pddl/",
      "title": "Open Data Commons Public Domain Dedication and License v1.0"
    }
  ],
  "resources": [
    {
      "profile": "data-resource",
      "format": "npy",
      "mediatype": "application/octet-stream",
      "name": "EF_v3.0_climate_change_global_warming_potential_GWP100_matrix_data.indices",
      "matrix": "characterization_matrix",
      "kind": "indices",
      "path": "EF_v3.0_climate_change_global_warming_potential_GWP100_matrix_data.indices.npy",
      "group": "EF_v3.0_climate_change_global_warming_potential_GWP100_matrix_data",
      "nrows": 164,
      "global_index": 1,
      "identifier": [
        "EF v3.0",
        "climate change",
        "global warming potential (GWP100)"
      ],
      "category": "vector"
    },
    {
      "profile": "data-resource",
      "format": "npy",
      "mediatype": "application/octet-stream",
      "name": "EF_v3.0_climate_change_global_warming_potential_GWP100_matrix_data.data",
      "matrix": "characterization_matrix",
      "kind": "data",
      "path": "EF_v3.0_climate_change_global_warming_potential_GWP100_matrix_data.data.npy",
      "group": "EF_v3.0_climate_change_global_warming_potential_GWP100_matrix_data",
      "nrows": 164,
      "global_index": 1,
      "identifier": [
        "EF v3.0",
        "climate change",
        "global warming potential (GWP100)"
      ],
      "category": "vector"
    }
  ],
  "created": "2024-06-16T12:09:01.726304+00:00Z",
  "combinatorial": false,
  "sequential": false,
  "seed": null,
  "sum_intra_duplicates": true,
  "sum_inter_duplicates": false,
  "matrix_serialize_format_type": "numpy"
}