{
  "profile": "data-package",
  "name": "ef-v30ec.1f10702b4f1a96f3b001933a96f82376.zip",
  "id": "f848a3c30f2b4efea35e54245e8384f4",
  "licenses": [
    {
      "name": "ODC-PDDL-1.0",
      "path": "http://opendatacommons.org/licenses/pddl/",
      "title": "Open Data Commons Public Domain Dedication and License v1.0"
    }
  ],
  "resources": [
    {
      "profile": "data-resource",
      "format": "npy",
      "mediatype": "application/octet-stream",
      "name": "EF_v3.0_ecotoxicity_freshwater_comparative_toxic_unit_for_ecosystems_CTUe_matrix_data.indices",
      "matrix": "characterization_matrix",
      "kind": "indices",
      "path": "EF_v3.0_ecotoxicity_freshwater_comparative_toxic_unit_for_ecosystems_CTUe_matrix_data.indices.npy",
      "group": "EF_v3.0_ecotoxicity_freshwater_comparative_toxic_unit_for_ecosystems_CTUe_matrix_data",
      "nrows": 2422,
      "global_index": 1,
      "identifier": [
        "EF v3.0",
        "ecotoxicity: freshwater",
        "comparative toxic unit for ecosystems (CTUe)"
      ],
      "category": "vector"
    },
    {
      "profile": "data-resource",
      "format": "npy",
      "mediatype": "application/octet-stream",
      "name": "EF_v3.0_ecotoxicity_freshwater_comparative_toxic_unit_for_ecosystems_CTUe_matrix_data.data",
      "matrix": "characterization_matrix",
      "kind": "data",
      "path": "EF_v3.0_ecotoxicity_freshwater_comparative_toxic_unit_for_ecosystems_CTUe_matrix_data.data.npy",
      "group": "EF_v3.0_ecotoxicity_freshwater_comparative_toxic_unit_for_ecosystems_CTUe_matrix_data",
      "nrows": 2422,
      "global_index": 1,
      "identifier": [
        "EF v3.0",
        "ecotoxicity: freshwater",
        "comparative toxic unit for ecosystems (CTUe)"
      ],
      "category": "vector"
    }
  ],
  "created": "2024-06-16T12:09:01.733803+00:00Z",
  "combinatorial": false,
  "sequential": false,
  "seed": null,
  "sum_intra_duplicates": true,
  "sum_inter_duplicates": false,
  "matrix_serialize_format_type": "numpy"
}