{
  "profile": "data-package",
  "name": "cml-v48-2016-no-ltoo.d43247522eec852758c4dc227e9773e9.zip",
  "id": "190c0cf353644512baa7e5c2e06f0e32",
  "licenses": [
    {
      "name": "ODC-PDDL-1.0",
      "path": "http://opendatacommons.org/licenses/pddl/",
      "title": "Open Data Commons Public Domain Dedication and License v1.0"
    }
  ],
  "resources": [
    {
      "profile": "data-resource",
      "format": "npy",
      "mediatype": "application/octet-stream",
      "name": "CML_v4.8_2016_no_LT_ozone_depletion_no_LT_ozone_layer_depletion_ODP_steady_state_no_LT_matrix_data.indices",
      "matrix": "characterization_matrix",
      "kind": "indices",
      "path": "CML_v4.8_2016_no_LT_ozone_depletion_no_LT_ozone_layer_depletion_ODP_steady_state_no_LT_matrix_data.indices.npy",
      "group": "CML_v4.8_2016_no_LT_ozone_depletion_no_LT_ozone_layer_depletion_ODP_steady_state_no_LT_matrix_data",
      "nrows": 49,
      "global_index": 1,
      "identifier": [
        "CML v4.8 2016 no LT",
        "ozone depletion no LT",
        "ozone layer depletion (ODP steady state) no LT"
      ],
      "category": "vector"
    },
    {
      "profile": "data-resource",
      "format": "npy",
      "mediatype": "application/octet-stream",
      "name": "CML_v4.8_2016_no_LT_ozone_depletion_no_LT_ozone_layer_depletion_ODP_steady_state_no_LT_matrix_data.data",
      "matrix": "characterization_matrix",
      "kind": "data",
      "path": "CML_v4.8_2016_no_LT_ozone_depletion_no_LT_ozone_layer_depletion_ODP_steady_state_no_LT_matrix_data.data.npy",
      "group": "CML_v4.8_2016_no_LT_ozone_depletion_no_LT_ozone_layer_depletion_ODP_steady_state_no_LT_matrix_data",
      "nrows": 49,
      "global_index": 1,
      "identifier": [
        "CML v4.8 2016 no LT",
        "ozone depletion no LT",
        "ozone layer depletion (ODP steady state) no LT"
      ],
      "category": "vector"
    }
  ],
  "created": "2024-06-16T12:09:01.480260+00:00Z",
  "combinatorial": false,
  "sequential": false,
  "seed": null,
  "sum_intra_duplicates": true,
  "sum_inter_duplicates": false,
  "matrix_serialize_format_type": "numpy"
}