{
  "profile": "data-package",
  "name": "recipe-2016-v103-midpoint-h-no-ltef.a3e557e46fe448760bf9820303806724.zip",
  "id": "c6ad02431a38493c9f44135e4f2c6935",
  "licenses": [
    {
      "name": "ODC-PDDL-1.0",
      "path": "http://opendatacommons.org/licenses/pddl/",
      "title": "Open Data Commons Public Domain Dedication and License v1.0"
    }
  ],
  "resources": [
    {
      "profile": "data-resource",
      "format": "npy",
      "mediatype": "application/octet-stream",
      "name": "ReCiPe_2016_v1.03_midpoint_H_no_LT_energy_resources_non-renewable_fossil_no_LT_fossil_fuel_potential_FFP_no_LT_matrix_data.indices",
      "matrix": "characterization_matrix",
      "kind": "indices",
      "path": "ReCiPe_2016_v1.03_midpoint_H_no_LT_energy_resources_non-renewable_fossil_no_LT_fossil_fuel_potential_FFP_no_LT_matrix_data.indices.npy",
      "group": "ReCiPe_2016_v1.03_midpoint_H_no_LT_energy_resources_non-renewable_fossil_no_LT_fossil_fuel_potential_FFP_no_LT_matrix_data",
      "nrows": 6,
      "global_index": 1,
      "identifier": [
        "ReCiPe 2016 v1.03, midpoint (H) no LT",
        "energy resources: non-renewable, fossil no LT",
        "fossil fuel potential (FFP) no LT"
      ],
      "category": "vector"
    },
    {
      "profile": "data-resource",
      "format": "npy",
      "mediatype": "application/octet-stream",
      "name": "ReCiPe_2016_v1.03_midpoint_H_no_LT_energy_resources_non-renewable_fossil_no_LT_fossil_fuel_potential_FFP_no_LT_matrix_data.data",
      "matrix": "characterization_matrix",
      "kind": "data",
      "path": "ReCiPe_2016_v1.03_midpoint_H_no_LT_energy_resources_non-renewable_fossil_no_LT_fossil_fuel_potential_FFP_no_LT_matrix_data.data.npy",
      "group": "ReCiPe_2016_v1.03_midpoint_H_no_LT_energy_resources_non-renewable_fossil_no_LT_fossil_fuel_potential_FFP_no_LT_matrix_data",
      "nrows": 6,
      "global_index": 1,
      "identifier": [
        "ReCiPe 2016 v1.03, midpoint (H) no LT",
        "energy resources: non-renewable, fossil no LT",
        "fossil fuel potential (FFP) no LT"
      ],
      "category": "vector"
    }
  ],
  "created": "2024-06-16T12:09:03.005702+00:00Z",
  "combinatorial": false,
  "sequential": false,
  "seed": null,
  "sum_intra_duplicates": true,
  "sum_inter_duplicates": false,
  "matrix_serialize_format_type": "numpy"
}