{
  "profile": "data-package",
  "name": "recipe-2016-v103-midpoint-hii.2018e8cfecc04fd4989e7665e1b64718.zip",
  "id": "a9766241d96d4290b5642c5510c58f1c",
  "licenses": [
    {
      "name": "ODC-PDDL-1.0",
      "path": "http://opendatacommons.org/licenses/pddl/",
      "title": "Open Data Commons Public Domain Dedication and License v1.0"
    }
  ],
  "resources": [
    {
      "profile": "data-resource",
      "format": "npy",
      "mediatype": "application/octet-stream",
      "name": "ReCiPe_2016_v1.03_midpoint_H_ionising_radiation_ionising_radiation_potential_IRP_matrix_data.indices",
      "matrix": "characterization_matrix",
      "kind": "indices",
      "path": "ReCiPe_2016_v1.03_midpoint_H_ionising_radiation_ionising_radiation_potential_IRP_matrix_data.indices.npy",
      "group": "ReCiPe_2016_v1.03_midpoint_H_ionising_radiation_ionising_radiation_potential_IRP_matrix_data",
      "nrows": 166,
      "global_index": 1,
      "identifier": [
        "ReCiPe 2016 v1.03, midpoint (H)",
        "ionising radiation",
        "ionising radiation potential (IRP)"
      ],
      "category": "vector"
    },
    {
      "profile": "data-resource",
      "format": "npy",
      "mediatype": "application/octet-stream",
      "name": "ReCiPe_2016_v1.03_midpoint_H_ionising_radiation_ionising_radiation_potential_IRP_matrix_data.data",
      "matrix": "characterization_matrix",
      "kind": "data",
      "path": "ReCiPe_2016_v1.03_midpoint_H_ionising_radiation_ionising_radiation_potential_IRP_matrix_data.data.npy",
      "group": "ReCiPe_2016_v1.03_midpoint_H_ionising_radiation_ionising_radiation_potential_IRP_matrix_data",
      "nrows": 166,
      "global_index": 1,
      "identifier": [
        "ReCiPe 2016 v1.03, midpoint (H)",
        "ionising radiation",
        "ionising radiation potential (IRP)"
      ],
      "category": "vector"
    }
  ],
  "created": "2024-06-16T12:09:03.100787+00:00Z",
  "combinatorial": false,
  "sequential": false,
  "seed": null,
  "sum_intra_duplicates": true,
  "sum_inter_duplicates": false,
  "matrix_serialize_format_type": "numpy"
}