{
  "profile": "data-package",
  "name": "ecological-footprintcg.e69eeec4f580cf816cae45ab8037c8c6.zip",
  "id": "904879344de5433181288055839445c6",
  "licenses": [
    {
      "name": "ODC-PDDL-1.0",
      "path": "http://opendatacommons.org/licenses/pddl/",
      "title": "Open Data Commons Public Domain Dedication and License v1.0"
    }
  ],
  "resources": [
    {
      "profile": "data-resource",
      "format": "npy",
      "mediatype": "application/octet-stream",
      "name": "Ecological_Footprint_CO2_global_hectares_matrix_data.indices",
      "matrix": "characterization_matrix",
      "kind": "indices",
      "path": "Ecological_Footprint_CO2_global_hectares_matrix_data.indices.npy",
      "group": "Ecological_Footprint_CO2_global_hectares_matrix_data",
      "nrows": 13,
      "global_index": 1,
      "identifier": [
        "Ecological Footprint",
        "CO2",
        "global hectares"
      ],
      "category": "vector"
    },
    {
      "profile": "data-resource",
      "format": "npy",
      "mediatype": "application/octet-stream",
      "name": "Ecological_Footprint_CO2_global_hectares_matrix_data.data",
      "matrix": "characterization_matrix",
      "kind": "data",
      "path": "Ecological_Footprint_CO2_global_hectares_matrix_data.data.npy",
      "group": "Ecological_Footprint_CO2_global_hectares_matrix_data",
      "nrows": 13,
      "global_index": 1,
      "identifier": [
        "Ecological Footprint",
        "CO2",
        "global hectares"
      ],
      "category": "vector"
    }
  ],
  "created": "2024-06-16T12:09:01.546916+00:00Z",
  "combinatorial": false,
  "sequential": false,
  "seed": null,
  "sum_intra_duplicates": true,
  "sum_inter_duplicates": false,
  "matrix_serialize_format_type": "numpy"
}