{
  "profile": "data-package",
  "name": "cml-v48-2016oo.1c9d75a11947940de4b45037a96f3d91.zip",
  "id": "bc30a68a66104346a245f1fc4f2f52d1",
  "licenses": [
    {
      "name": "ODC-PDDL-1.0",
      "path": "http://opendatacommons.org/licenses/pddl/",
      "title": "Open Data Commons Public Domain Dedication and License v1.0"
    }
  ],
  "resources": [
    {
      "profile": "data-resource",
      "format": "npy",
      "mediatype": "application/octet-stream",
      "name": "CML_v4.8_2016_ozone_depletion_ozone_layer_depletion_ODP_steady_state_matrix_data.indices",
      "matrix": "characterization_matrix",
      "kind": "indices",
      "path": "CML_v4.8_2016_ozone_depletion_ozone_layer_depletion_ODP_steady_state_matrix_data.indices.npy",
      "group": "CML_v4.8_2016_ozone_depletion_ozone_layer_depletion_ODP_steady_state_matrix_data",
      "nrows": 65,
      "global_index": 1,
      "identifier": [
        "CML v4.8 2016",
        "ozone depletion",
        "ozone layer depletion (ODP steady state)"
      ],
      "category": "vector"
    },
    {
      "profile": "data-resource",
      "format": "npy",
      "mediatype": "application/octet-stream",
      "name": "CML_v4.8_2016_ozone_depletion_ozone_layer_depletion_ODP_steady_state_matrix_data.data",
      "matrix": "characterization_matrix",
      "kind": "data",
      "path": "CML_v4.8_2016_ozone_depletion_ozone_layer_depletion_ODP_steady_state_matrix_data.data.npy",
      "group": "CML_v4.8_2016_ozone_depletion_ozone_layer_depletion_ODP_steady_state_matrix_data",
      "nrows": 65,
      "global_index": 1,
      "identifier": [
        "CML v4.8 2016",
        "ozone depletion",
        "ozone layer depletion (ODP steady state)"
      ],
      "category": "vector"
    }
  ],
  "created": "2024-06-16T12:09:01.504582+00:00Z",
  "combinatorial": false,
  "sequential": false,
  "seed": null,
  "sum_intra_duplicates": true,
  "sum_inter_duplicates": false,
  "matrix_serialize_format_type": "numpy"
}