{
  "profile": "data-package",
  "name": "recipe-2016-v103-midpoint-h-no-ltcg.61d9ed1e81bb49983178dfab7d8e7286.zip",
  "id": "98c654e3b3ce4ff4adcbfe7d99d4163f",
  "licenses": [
    {
      "name": "ODC-PDDL-1.0",
      "path": "http://opendatacommons.org/licenses/pddl/",
      "title": "Open Data Commons Public Domain Dedication and License v1.0"
    }
  ],
  "resources": [
    {
      "profile": "data-resource",
      "format": "npy",
      "mediatype": "application/octet-stream",
      "name": "ReCiPe_2016_v1.03_midpoint_H_no_LT_climate_change_no_LT_global_warming_potential_GWP100_no_LT_matrix_data.indices",
      "matrix": "characterization_matrix",
      "kind": "indices",
      "path": "ReCiPe_2016_v1.03_midpoint_H_no_LT_climate_change_no_LT_global_warming_potential_GWP100_no_LT_matrix_data.indices.npy",
      "group": "ReCiPe_2016_v1.03_midpoint_H_no_LT_climate_change_no_LT_global_warming_potential_GWP100_no_LT_matrix_data",
      "nrows": 105,
      "global_index": 1,
      "identifier": [
        "ReCiPe 2016 v1.03, midpoint (H) no LT",
        "climate change no LT",
        "global warming potential (GWP100) no LT"
      ],
      "category": "vector"
    },
    {
      "profile": "data-resource",
      "format": "npy",
      "mediatype": "application/octet-stream",
      "name": "ReCiPe_2016_v1.03_midpoint_H_no_LT_climate_change_no_LT_global_warming_potential_GWP100_no_LT_matrix_data.data",
      "matrix": "characterization_matrix",
      "kind": "data",
      "path": "ReCiPe_2016_v1.03_midpoint_H_no_LT_climate_change_no_LT_global_warming_potential_GWP100_no_LT_matrix_data.data.npy",
      "group": "ReCiPe_2016_v1.03_midpoint_H_no_LT_climate_change_no_LT_global_warming_potential_GWP100_no_LT_matrix_data",
      "nrows": 105,
      "global_index": 1,
      "identifier": [
        "ReCiPe 2016 v1.03, midpoint (H) no LT",
        "climate change no LT",
        "global warming potential (GWP100) no LT"
      ],
      "category": "vector"
    }
  ],
  "created": "2024-06-16T12:09:02.983835+00:00Z",
  "combinatorial": false,
  "sequential": false,
  "seed": null,
  "sum_intra_duplicates": true,
  "sum_inter_duplicates": false,
  "matrix_serialize_format_type": "numpy"
}