{
  "profile": "data-package",
  "name": "eps-2020d-no-ltem.26adfb2dd63f5adca3ac6398b38e0ec8.zip",
  "id": "4190f9e658df43bfa8e5f6fca521d95b",
  "licenses": [
    {
      "name": "ODC-PDDL-1.0",
      "path": "http://opendatacommons.org/licenses/pddl/",
      "title": "Open Data Commons Public Domain Dedication and License v1.0"
    }
  ],
  "resources": [
    {
      "profile": "data-resource",
      "format": "npy",
      "mediatype": "application/octet-stream",
      "name": "EPS_2020d_no_LT_emissions_to_water_no_LT_monetary_impact_value_no_LT_matrix_data.indices",
      "matrix": "characterization_matrix",
      "kind": "indices",
      "path": "EPS_2020d_no_LT_emissions_to_water_no_LT_monetary_impact_value_no_LT_matrix_data.indices.npy",
      "group": "EPS_2020d_no_LT_emissions_to_water_no_LT_monetary_impact_value_no_LT_matrix_data",
      "nrows": 20,
      "global_index": 1,
      "identifier": [
        "EPS 2020d no LT",
        "emissions to water no LT",
        "monetary impact value no LT"
      ],
      "category": "vector"
    },
    {
      "profile": "data-resource",
      "format": "npy",
      "mediatype": "application/octet-stream",
      "name": "EPS_2020d_no_LT_emissions_to_water_no_LT_monetary_impact_value_no_LT_matrix_data.data",
      "matrix": "characterization_matrix",
      "kind": "data",
      "path": "EPS_2020d_no_LT_emissions_to_water_no_LT_monetary_impact_value_no_LT_matrix_data.data.npy",
      "group": "EPS_2020d_no_LT_emissions_to_water_no_LT_monetary_impact_value_no_LT_matrix_data",
      "nrows": 20,
      "global_index": 1,
      "identifier": [
        "EPS 2020d no LT",
        "emissions to water no LT",
        "monetary impact value no LT"
      ],
      "category": "vector"
    }
  ],
  "created": "2024-06-16T12:09:01.982159+00:00Z",
  "combinatorial": false,
  "sequential": false,
  "seed": null,
  "sum_intra_duplicates": true,
  "sum_inter_duplicates": false,
  "matrix_serialize_format_type": "numpy"
}