{
  "profile": "data-package",
  "name": "cml-v48-2016hh.726cf7a04a5fc77b79782aa999e27899.zip",
  "id": "4e7eadbd88914b869ea2c323ed4c6e9e",
  "licenses": [
    {
      "name": "ODC-PDDL-1.0",
      "path": "http://opendatacommons.org/licenses/pddl/",
      "title": "Open Data Commons Public Domain Dedication and License v1.0"
    }
  ],
  "resources": [
    {
      "profile": "data-resource",
      "format": "npy",
      "mediatype": "application/octet-stream",
      "name": "CML_v4.8_2016_human_toxicity_human_toxicity_HTP_inf_matrix_data.indices",
      "matrix": "characterization_matrix",
      "kind": "indices",
      "path": "CML_v4.8_2016_human_toxicity_human_toxicity_HTP_inf_matrix_data.indices.npy",
      "group": "CML_v4.8_2016_human_toxicity_human_toxicity_HTP_inf_matrix_data",
      "nrows": 763,
      "global_index": 1,
      "identifier": [
        "CML v4.8 2016",
        "human toxicity",
        "human toxicity (HTP inf)"
      ],
      "category": "vector"
    },
    {
      "profile": "data-resource",
      "format": "npy",
      "mediatype": "application/octet-stream",
      "name": "CML_v4.8_2016_human_toxicity_human_toxicity_HTP_inf_matrix_data.data",
      "matrix": "characterization_matrix",
      "kind": "data",
      "path": "CML_v4.8_2016_human_toxicity_human_toxicity_HTP_inf_matrix_data.data.npy",
      "group": "CML_v4.8_2016_human_toxicity_human_toxicity_HTP_inf_matrix_data",
      "nrows": 763,
      "global_index": 1,
      "identifier": [
        "CML v4.8 2016",
        "human toxicity",
        "human toxicity (HTP inf)"
      ],
      "category": "vector"
    }
  ],
  "created": "2024-06-16T12:09:01.500540+00:00Z",
  "combinatorial": false,
  "sequential": false,
  "seed": null,
  "sum_intra_duplicates": true,
  "sum_inter_duplicates": false,
  "matrix_serialize_format_type": "numpy"
}