{
  "profile": "data-package",
  "name": "ef-v31-no-ltea.4bd2fce21732d256f011d795d8fa4a2d.zip",
  "id": "78a2b31e3e604fc4af88c713181254f8",
  "licenses": [
    {
      "name": "ODC-PDDL-1.0",
      "path": "http://opendatacommons.org/licenses/pddl/",
      "title": "Open Data Commons Public Domain Dedication and License v1.0"
    }
  ],
  "resources": [
    {
      "profile": "data-resource",
      "format": "npy",
      "mediatype": "application/octet-stream",
      "name": "EF_v3.1_no_LT_eutrophication_terrestrial_no_LT_accumulated_exceedance_AE_no_LT_matrix_data.indices",
      "matrix": "characterization_matrix",
      "kind": "indices",
      "path": "EF_v3.1_no_LT_eutrophication_terrestrial_no_LT_accumulated_exceedance_AE_no_LT_matrix_data.indices.npy",
      "group": "EF_v3.1_no_LT_eutrophication_terrestrial_no_LT_accumulated_exceedance_AE_no_LT_matrix_data",
      "nrows": 11,
      "global_index": 1,
      "identifier": [
        "EF v3.1 no LT",
        "eutrophication: terrestrial no LT",
        "accumulated exceedance (AE) no LT"
      ],
      "category": "vector"
    },
    {
      "profile": "data-resource",
      "format": "npy",
      "mediatype": "application/octet-stream",
      "name": "EF_v3.1_no_LT_eutrophication_terrestrial_no_LT_accumulated_exceedance_AE_no_LT_matrix_data.data",
      "matrix": "characterization_matrix",
      "kind": "data",
      "path": "EF_v3.1_no_LT_eutrophication_terrestrial_no_LT_accumulated_exceedance_AE_no_LT_matrix_data.data.npy",
      "group": "EF_v3.1_no_LT_eutrophication_terrestrial_no_LT_accumulated_exceedance_AE_no_LT_matrix_data",
      "nrows": 11,
      "global_index": 1,
      "identifier": [
        "EF v3.1 no LT",
        "eutrophication: terrestrial no LT",
        "accumulated exceedance (AE) no LT"
      ],
      "category": "vector"
    }
  ],
  "created": "2024-06-16T12:09:01.838074+00:00Z",
  "combinatorial": false,
  "sequential": false,
  "seed": null,
  "sum_intra_duplicates": true,
  "sum_inter_duplicates": false,
  "matrix_serialize_format_type": "numpy"
}