{
  "profile": "data-package",
  "name": "inventory-results-and-indicatorswt.475233de69c8ead0ac5c510bbc5825cd.zip",
  "id": "dabe1b549cdb4b6e90a516c97d2f8f02",
  "licenses": [
    {
      "name": "ODC-PDDL-1.0",
      "path": "http://opendatacommons.org/licenses/pddl/",
      "title": "Open Data Commons Public Domain Dedication and License v1.0"
    }
  ],
  "resources": [
    {
      "profile": "data-resource",
      "format": "npy",
      "mediatype": "application/octet-stream",
      "name": "Inventory_results_and_indicators_waste_disposal_total_mass_of_waste_matrix_data.indices",
      "matrix": "characterization_matrix",
      "kind": "indices",
      "path": "Inventory_results_and_indicators_waste_disposal_total_mass_of_waste_matrix_data.indices.npy",
      "group": "Inventory_results_and_indicators_waste_disposal_total_mass_of_waste_matrix_data",
      "nrows": 8,
      "global_index": 1,
      "identifier": [
        "Inventory results and indicators",
        "waste disposal",
        "total mass of waste"
      ],
      "category": "vector"
    },
    {
      "profile": "data-resource",
      "format": "npy",
      "mediatype": "application/octet-stream",
      "name": "Inventory_results_and_indicators_waste_disposal_total_mass_of_waste_matrix_data.data",
      "matrix": "characterization_matrix",
      "kind": "data",
      "path": "Inventory_results_and_indicators_waste_disposal_total_mass_of_waste_matrix_data.data.npy",
      "group": "Inventory_results_and_indicators_waste_disposal_total_mass_of_waste_matrix_data",
      "nrows": 8,
      "global_index": 1,
      "identifier": [
        "Inventory results and indicators",
        "waste disposal",
        "total mass of waste"
      ],
      "category": "vector"
    }
  ],
  "created": "2024-06-16T12:09:02.116718+00:00Z",
  "combinatorial": false,
  "sequential": false,
  "seed": null,
  "sum_intra_duplicates": true,
  "sum_inter_duplicates": false,
  "matrix_serialize_format_type": "numpy"
}