{
  "profile": "data-package",
  "name": "ecological-footprintng.ab19c3d3fc932f42730ede6a3641ca93.zip",
  "id": "81ed39e1c16e4f2c89f8086f00b98c5a",
  "licenses": [
    {
      "name": "ODC-PDDL-1.0",
      "path": "http://opendatacommons.org/licenses/pddl/",
      "title": "Open Data Commons Public Domain Dedication and License v1.0"
    }
  ],
  "resources": [
    {
      "profile": "data-resource",
      "format": "npy",
      "mediatype": "application/octet-stream",
      "name": "Ecological_Footprint_nuclear_global_hectares_matrix_data.indices",
      "matrix": "characterization_matrix",
      "kind": "indices",
      "path": "Ecological_Footprint_nuclear_global_hectares_matrix_data.indices.npy",
      "group": "Ecological_Footprint_nuclear_global_hectares_matrix_data",
      "nrows": 1,
      "global_index": 1,
      "identifier": [
        "Ecological Footprint",
        "nuclear",
        "global hectares"
      ],
      "category": "vector"
    },
    {
      "profile": "data-resource",
      "format": "npy",
      "mediatype": "application/octet-stream",
      "name": "Ecological_Footprint_nuclear_global_hectares_matrix_data.data",
      "matrix": "characterization_matrix",
      "kind": "data",
      "path": "Ecological_Footprint_nuclear_global_hectares_matrix_data.data.npy",
      "group": "Ecological_Footprint_nuclear_global_hectares_matrix_data",
      "nrows": 1,
      "global_index": 1,
      "identifier": [
        "Ecological Footprint",
        "nuclear",
        "global hectares"
      ],
      "category": "vector"
    }
  ],
  "created": "2024-06-16T12:09:01.549553+00:00Z",
  "combinatorial": false,
  "sequential": false,
  "seed": null,
  "sum_intra_duplicates": true,
  "sum_inter_duplicates": false,
  "matrix_serialize_format_type": "numpy"
}