{
  "profile": "data-package",
  "name": "usetox-v213-endpointee.0611a44c954dcd4bf4ee37e954df7ae6.zip",
  "id": "d2abc5549f8e4174acbcab5f90772ae8",
  "licenses": [
    {
      "name": "ODC-PDDL-1.0",
      "path": "http://opendatacommons.org/licenses/pddl/",
      "title": "Open Data Commons Public Domain Dedication and License v1.0"
    }
  ],
  "resources": [
    {
      "profile": "data-resource",
      "format": "npy",
      "mediatype": "application/octet-stream",
      "name": "USEtox_v2.13_endpoint_ecosystem_quality_ecotoxicity_freshwater_matrix_data.indices",
      "matrix": "characterization_matrix",
      "kind": "indices",
      "path": "USEtox_v2.13_endpoint_ecosystem_quality_ecotoxicity_freshwater_matrix_data.indices.npy",
      "group": "USEtox_v2.13_endpoint_ecosystem_quality_ecotoxicity_freshwater_matrix_data",
      "nrows": 1858,
      "global_index": 1,
      "identifier": [
        "USEtox v2.13, endpoint",
        "ecosystem quality",
        "ecotoxicity: freshwater"
      ],
      "category": "vector"
    },
    {
      "profile": "data-resource",
      "format": "npy",
      "mediatype": "application/octet-stream",
      "name": "USEtox_v2.13_endpoint_ecosystem_quality_ecotoxicity_freshwater_matrix_data.data",
      "matrix": "characterization_matrix",
      "kind": "data",
      "path": "USEtox_v2.13_endpoint_ecosystem_quality_ecotoxicity_freshwater_matrix_data.data.npy",
      "group": "USEtox_v2.13_endpoint_ecosystem_quality_ecotoxicity_freshwater_matrix_data",
      "nrows": 1858,
      "global_index": 1,
      "identifier": [
        "USEtox v2.13, endpoint",
        "ecosystem quality",
        "ecotoxicity: freshwater"
      ],
      "category": "vector"
    }
  ],
  "created": "2024-06-16T12:09:03.361208+00:00Z",
  "combinatorial": false,
  "sequential": false,
  "seed": null,
  "sum_intra_duplicates": true,
  "sum_inter_duplicates": false,
  "matrix_serialize_format_type": "numpy"
}