{
  "profile": "data-package",
  "name": "ef-v30-no-lthc.48fb29ce72b1163c8693e46326402fa0.zip",
  "id": "1f6641b8382e41bda3887a2e59ab6a14",
  "licenses": [
    {
      "name": "ODC-PDDL-1.0",
      "path": "http://opendatacommons.org/licenses/pddl/",
      "title": "Open Data Commons Public Domain Dedication and License v1.0"
    }
  ],
  "resources": [
    {
      "profile": "data-resource",
      "format": "npy",
      "mediatype": "application/octet-stream",
      "name": "EF_v3.0_no_LT_human_toxicity_carcinogenic_organics_no_LT_comparative_toxic_unit_for_human_CTUh_no_LT_matrix_data.indices",
      "matrix": "characterization_matrix",
      "kind": "indices",
      "path": "EF_v3.0_no_LT_human_toxicity_carcinogenic_organics_no_LT_comparative_toxic_unit_for_human_CTUh_no_LT_matrix_data.indices.npy",
      "group": "EF_v3.0_no_LT_human_toxicity_carcinogenic_organics_no_LT_comparative_toxic_unit_for_human_CTUh_no_LT_matrix_data",
      "nrows": 360,
      "global_index": 1,
      "identifier": [
        "EF v3.0 no LT",
        "human toxicity: carcinogenic, organics no LT",
        "comparative toxic unit for human (CTUh) no LT"
      ],
      "category": "vector"
    },
    {
      "profile": "data-resource",
      "format": "npy",
      "mediatype": "application/octet-stream",
      "name": "EF_v3.0_no_LT_human_toxicity_carcinogenic_organics_no_LT_comparative_toxic_unit_for_human_CTUh_no_LT_matrix_data.data",
      "matrix": "characterization_matrix",
      "kind": "data",
      "path": "EF_v3.0_no_LT_human_toxicity_carcinogenic_organics_no_LT_comparative_toxic_unit_for_human_CTUh_no_LT_matrix_data.data.npy",
      "group": "EF_v3.0_no_LT_human_toxicity_carcinogenic_organics_no_LT_comparative_toxic_unit_for_human_CTUh_no_LT_matrix_data",
      "nrows": 360,
      "global_index": 1,
      "identifier": [
        "EF v3.0 no LT",
        "human toxicity: carcinogenic, organics no LT",
        "comparative toxic unit for human (CTUh) no LT"
      ],
      "category": "vector"
    }
  ],
  "created": "2024-06-16T12:09:01.689212+00:00Z",
  "combinatorial": false,
  "sequential": false,
  "seed": null,
  "sum_intra_duplicates": true,
  "sum_inter_duplicates": false,
  "matrix_serialize_format_type": "numpy"
}