{
  "profile": "data-package",
  "name": "ipcc-2021-no-ltcg.c911c686fe0dd0ee021026165e29d54f.zip",
  "id": "5e43930e8f7c46e1aaf9b49bbc91334a",
  "licenses": [
    {
      "name": "ODC-PDDL-1.0",
      "path": "http://opendatacommons.org/licenses/pddl/",
      "title": "Open Data Commons Public Domain Dedication and License v1.0"
    }
  ],
  "resources": [
    {
      "profile": "data-resource",
      "format": "npy",
      "mediatype": "application/octet-stream",
      "name": "IPCC_2021_no_LT_climate_change_biogenic_no_LT_global_temperature_change_potential_GTP50_no_LT_matrix_data.indices",
      "matrix": "characterization_matrix",
      "kind": "indices",
      "path": "IPCC_2021_no_LT_climate_change_biogenic_no_LT_global_temperature_change_potential_GTP50_no_LT_matrix_data.indices.npy",
      "group": "IPCC_2021_no_LT_climate_change_biogenic_no_LT_global_temperature_change_potential_GTP50_no_LT_matrix_data",
      "nrows": 3,
      "global_index": 1,
      "identifier": [
        "IPCC 2021 no LT",
        "climate change: biogenic no LT",
        "global temperature change potential (GTP50) no LT"
      ],
      "category": "vector"
    },
    {
      "profile": "data-resource",
      "format": "npy",
      "mediatype": "application/octet-stream",
      "name": "IPCC_2021_no_LT_climate_change_biogenic_no_LT_global_temperature_change_potential_GTP50_no_LT_matrix_data.data",
      "matrix": "characterization_matrix",
      "kind": "data",
      "path": "IPCC_2021_no_LT_climate_change_biogenic_no_LT_global_temperature_change_potential_GTP50_no_LT_matrix_data.data.npy",
      "group": "IPCC_2021_no_LT_climate_change_biogenic_no_LT_global_temperature_change_potential_GTP50_no_LT_matrix_data",
      "nrows": 3,
      "global_index": 1,
      "identifier": [
        "IPCC 2021 no LT",
        "climate change: biogenic no LT",
        "global temperature change potential (GTP50) no LT"
      ],
      "category": "vector"
    }
  ],
  "created": "2024-06-16T12:09:02.159726+00:00Z",
  "combinatorial": false,
  "sequential": false,
  "seed": null,
  "sum_intra_duplicates": true,
  "sum_inter_duplicates": false,
  "matrix_serialize_format_type": "numpy"
}