{
  "profile": "data-package",
  "name": "cml-v48-2016-no-lthh.b4f403b8130c01a5348b7f43fc782454.zip",
  "id": "be443daee0fd494b9c155fd74e8bb43c",
  "licenses": [
    {
      "name": "ODC-PDDL-1.0",
      "path": "http://opendatacommons.org/licenses/pddl/",
      "title": "Open Data Commons Public Domain Dedication and License v1.0"
    }
  ],
  "resources": [
    {
      "profile": "data-resource",
      "format": "npy",
      "mediatype": "application/octet-stream",
      "name": "CML_v4.8_2016_no_LT_human_toxicity_no_LT_human_toxicity_HTP_inf_no_LT_matrix_data.indices",
      "matrix": "characterization_matrix",
      "kind": "indices",
      "path": "CML_v4.8_2016_no_LT_human_toxicity_no_LT_human_toxicity_HTP_inf_no_LT_matrix_data.indices.npy",
      "group": "CML_v4.8_2016_no_LT_human_toxicity_no_LT_human_toxicity_HTP_inf_no_LT_matrix_data",
      "nrows": 652,
      "global_index": 1,
      "identifier": [
        "CML v4.8 2016 no LT",
        "human toxicity no LT",
        "human toxicity (HTP inf) no LT"
      ],
      "category": "vector"
    },
    {
      "profile": "data-resource",
      "format": "npy",
      "mediatype": "application/octet-stream",
      "name": "CML_v4.8_2016_no_LT_human_toxicity_no_LT_human_toxicity_HTP_inf_no_LT_matrix_data.data",
      "matrix": "characterization_matrix",
      "kind": "data",
      "path": "CML_v4.8_2016_no_LT_human_toxicity_no_LT_human_toxicity_HTP_inf_no_LT_matrix_data.data.npy",
      "group": "CML_v4.8_2016_no_LT_human_toxicity_no_LT_human_toxicity_HTP_inf_no_LT_matrix_data",
      "nrows": 652,
      "global_index": 1,
      "identifier": [
        "CML v4.8 2016 no LT",
        "human toxicity no LT",
        "human toxicity (HTP inf) no LT"
      ],
      "category": "vector"
    }
  ],
  "created": "2024-06-16T12:09:01.475720+00:00Z",
  "combinatorial": false,
  "sequential": false,
  "seed": null,
  "sum_intra_duplicates": true,
  "sum_inter_duplicates": false,
  "matrix_serialize_format_type": "numpy"
}