{
  "profile": "data-package",
  "name": "inventory-results-and-indicatorsec.991ffca01fee49f36c72362b93902c13.zip",
  "id": "132e3b5147de4f4bbaa03edb84dfc700",
  "licenses": [
    {
      "name": "ODC-PDDL-1.0",
      "path": "http://opendatacommons.org/licenses/pddl/",
      "title": "Open Data Commons Public Domain Dedication and License v1.0"
    }
  ],
  "resources": [
    {
      "profile": "data-resource",
      "format": "npy",
      "mediatype": "application/octet-stream",
      "name": "Inventory_results_and_indicators_emissions_to_air_carbon_dioxide_fossil_and_land_use_matrix_data.indices",
      "matrix": "characterization_matrix",
      "kind": "indices",
      "path": "Inventory_results_and_indicators_emissions_to_air_carbon_dioxide_fossil_and_land_use_matrix_data.indices.npy",
      "group": "Inventory_results_and_indicators_emissions_to_air_carbon_dioxide_fossil_and_land_use_matrix_data",
      "nrows": 10,
      "global_index": 1,
      "identifier": [
        "Inventory results and indicators",
        "emissions to air",
        "carbon dioxide, fossil and land use"
      ],
      "category": "vector"
    },
    {
      "profile": "data-resource",
      "format": "npy",
      "mediatype": "application/octet-stream",
      "name": "Inventory_results_and_indicators_emissions_to_air_carbon_dioxide_fossil_and_land_use_matrix_data.data",
      "matrix": "characterization_matrix",
      "kind": "data",
      "path": "Inventory_results_and_indicators_emissions_to_air_carbon_dioxide_fossil_and_land_use_matrix_data.data.npy",
      "group": "Inventory_results_and_indicators_emissions_to_air_carbon_dioxide_fossil_and_land_use_matrix_data",
      "nrows": 10,
      "global_index": 1,
      "identifier": [
        "Inventory results and indicators",
        "emissions to air",
        "carbon dioxide, fossil and land use"
      ],
      "category": "vector"
    }
  ],
  "created": "2024-06-16T12:09:02.071967+00:00Z",
  "combinatorial": false,
  "sequential": false,
  "seed": null,
  "sum_intra_duplicates": true,
  "sum_inter_duplicates": false,
  "matrix_serialize_format_type": "numpy"
}