{
  "profile": "data-package",
  "name": "ef-v30-no-ltef.2c5dcb4b58afb98b91edfe338c520e8b.zip",
  "id": "4b75906107f44ef99d75095cbda8bde2",
  "licenses": [
    {
      "name": "ODC-PDDL-1.0",
      "path": "http://opendatacommons.org/licenses/pddl/",
      "title": "Open Data Commons Public Domain Dedication and License v1.0"
    }
  ],
  "resources": [
    {
      "profile": "data-resource",
      "format": "npy",
      "mediatype": "application/octet-stream",
      "name": "EF_v3.0_no_LT_eutrophication_freshwater_no_LT_fraction_of_nutrients_reaching_freshwater_end_compartment_P_no_LT_matrix_data.indices",
      "matrix": "characterization_matrix",
      "kind": "indices",
      "path": "EF_v3.0_no_LT_eutrophication_freshwater_no_LT_fraction_of_nutrients_reaching_freshwater_end_compartment_P_no_LT_matrix_data.indices.npy",
      "group": "EF_v3.0_no_LT_eutrophication_freshwater_no_LT_fraction_of_nutrients_reaching_freshwater_end_compartment_P_no_LT_matrix_data",
      "nrows": 11,
      "global_index": 1,
      "identifier": [
        "EF v3.0 no LT",
        "eutrophication: freshwater no LT",
        "fraction of nutrients reaching freshwater end compartment (P) no LT"
      ],
      "category": "vector"
    },
    {
      "profile": "data-resource",
      "format": "npy",
      "mediatype": "application/octet-stream",
      "name": "EF_v3.0_no_LT_eutrophication_freshwater_no_LT_fraction_of_nutrients_reaching_freshwater_end_compartment_P_no_LT_matrix_data.data",
      "matrix": "characterization_matrix",
      "kind": "data",
      "path": "EF_v3.0_no_LT_eutrophication_freshwater_no_LT_fraction_of_nutrients_reaching_freshwater_end_compartment_P_no_LT_matrix_data.data.npy",
      "group": "EF_v3.0_no_LT_eutrophication_freshwater_no_LT_fraction_of_nutrients_reaching_freshwater_end_compartment_P_no_LT_matrix_data",
      "nrows": 11,
      "global_index": 1,
      "identifier": [
        "EF v3.0 no LT",
        "eutrophication: freshwater no LT",
        "fraction of nutrients reaching freshwater end compartment (P) no LT"
      ],
      "category": "vector"
    }
  ],
  "created": "2024-06-16T12:09:01.668740+00:00Z",
  "combinatorial": false,
  "sequential": false,
  "seed": null,
  "sum_intra_duplicates": true,
  "sum_inter_duplicates": false,
  "matrix_serialize_format_type": "numpy"
}