{
  "profile": "data-package",
  "name": "traci-v21-no-ltpm.9a2cb1a208c3ee51ac2458a05d5e42ad.zip",
  "id": "4c3357e9f383480385ac93951b59d37f",
  "licenses": [
    {
      "name": "ODC-PDDL-1.0",
      "path": "http://opendatacommons.org/licenses/pddl/",
      "title": "Open Data Commons Public Domain Dedication and License v1.0"
    }
  ],
  "resources": [
    {
      "profile": "data-resource",
      "format": "npy",
      "mediatype": "application/octet-stream",
      "name": "TRACI_v2.1_no_LT_photochemical_oxidant_formation_no_LT_maximum_incremental_reactivity_MIR_no_LT_matrix_data.indices",
      "matrix": "characterization_matrix",
      "kind": "indices",
      "path": "TRACI_v2.1_no_LT_photochemical_oxidant_formation_no_LT_maximum_incremental_reactivity_MIR_no_LT_matrix_data.indices.npy",
      "group": "TRACI_v2.1_no_LT_photochemical_oxidant_formation_no_LT_maximum_incremental_reactivity_MIR_no_LT_matrix_data",
      "nrows": 296,
      "global_index": 1,
      "identifier": [
        "TRACI v2.1 no LT",
        "photochemical oxidant formation no LT",
        "maximum incremental reactivity (MIR) no LT"
      ],
      "category": "vector"
    },
    {
      "profile": "data-resource",
      "format": "npy",
      "mediatype": "application/octet-stream",
      "name": "TRACI_v2.1_no_LT_photochemical_oxidant_formation_no_LT_maximum_incremental_reactivity_MIR_no_LT_matrix_data.data",
      "matrix": "characterization_matrix",
      "kind": "data",
      "path": "TRACI_v2.1_no_LT_photochemical_oxidant_formation_no_LT_maximum_incremental_reactivity_MIR_no_LT_matrix_data.data.npy",
      "group": "TRACI_v2.1_no_LT_photochemical_oxidant_formation_no_LT_maximum_incremental_reactivity_MIR_no_LT_matrix_data",
      "nrows": 296,
      "global_index": 1,
      "identifier": [
        "TRACI v2.1 no LT",
        "photochemical oxidant formation no LT",
        "maximum incremental reactivity (MIR) no LT"
      ],
      "category": "vector"
    }
  ],
  "created": "2024-06-16T12:09:03.302198+00:00Z",
  "combinatorial": false,
  "sequential": false,
  "seed": null,
  "sum_intra_duplicates": true,
  "sum_inter_duplicates": false,
  "matrix_serialize_format_type": "numpy"
}