{
  "profile": "data-package",
  "name": "cml-v48-2016ef.803983b018c3cc9559cabea0ee94323f.zip",
  "id": "0be3921f651c4937b5c5609ce5a01528",
  "licenses": [
    {
      "name": "ODC-PDDL-1.0",
      "path": "http://opendatacommons.org/licenses/pddl/",
      "title": "Open Data Commons Public Domain Dedication and License v1.0"
    }
  ],
  "resources": [
    {
      "profile": "data-resource",
      "format": "npy",
      "mediatype": "application/octet-stream",
      "name": "CML_v4.8_2016_ecotoxicity_freshwater_freshwater_aquatic_ecotoxicity_FAETP_inf_matrix_data.indices",
      "matrix": "characterization_matrix",
      "kind": "indices",
      "path": "CML_v4.8_2016_ecotoxicity_freshwater_freshwater_aquatic_ecotoxicity_FAETP_inf_matrix_data.indices.npy",
      "group": "CML_v4.8_2016_ecotoxicity_freshwater_freshwater_aquatic_ecotoxicity_FAETP_inf_matrix_data",
      "nrows": 772,
      "global_index": 1,
      "identifier": [
        "CML v4.8 2016",
        "ecotoxicity: freshwater",
        "freshwater aquatic ecotoxicity (FAETP inf)"
      ],
      "category": "vector"
    },
    {
      "profile": "data-resource",
      "format": "npy",
      "mediatype": "application/octet-stream",
      "name": "CML_v4.8_2016_ecotoxicity_freshwater_freshwater_aquatic_ecotoxicity_FAETP_inf_matrix_data.data",
      "matrix": "characterization_matrix",
      "kind": "data",
      "path": "CML_v4.8_2016_ecotoxicity_freshwater_freshwater_aquatic_ecotoxicity_FAETP_inf_matrix_data.data.npy",
      "group": "CML_v4.8_2016_ecotoxicity_freshwater_freshwater_aquatic_ecotoxicity_FAETP_inf_matrix_data",
      "nrows": 772,
      "global_index": 1,
      "identifier": [
        "CML v4.8 2016",
        "ecotoxicity: freshwater",
        "freshwater aquatic ecotoxicity (FAETP inf)"
      ],
      "category": "vector"
    }
  ],
  "created": "2024-06-16T12:09:01.486545+00:00Z",
  "combinatorial": false,
  "sequential": false,
  "seed": null,
  "sum_intra_duplicates": true,
  "sum_inter_duplicates": false,
  "matrix_serialize_format_type": "numpy"
}