{
  "profile": "data-package",
  "name": "traci-v21hh.8204be8ff2e8b468425f24990c5b85d0.zip",
  "id": "20897102d9434705a85481d3e2ce4a4b",
  "licenses": [
    {
      "name": "ODC-PDDL-1.0",
      "path": "http://opendatacommons.org/licenses/pddl/",
      "title": "Open Data Commons Public Domain Dedication and License v1.0"
    }
  ],
  "resources": [
    {
      "profile": "data-resource",
      "format": "npy",
      "mediatype": "application/octet-stream",
      "name": "TRACI_v2.1_human_toxicity_carcinogenic_human_toxicity_carcinogenic_matrix_data.indices",
      "matrix": "characterization_matrix",
      "kind": "indices",
      "path": "TRACI_v2.1_human_toxicity_carcinogenic_human_toxicity_carcinogenic_matrix_data.indices.npy",
      "group": "TRACI_v2.1_human_toxicity_carcinogenic_human_toxicity_carcinogenic_matrix_data",
      "nrows": 478,
      "global_index": 1,
      "identifier": [
        "TRACI v2.1",
        "human toxicity: carcinogenic",
        "human toxicity: carcinogenic"
      ],
      "category": "vector"
    },
    {
      "profile": "data-resource",
      "format": "npy",
      "mediatype": "application/octet-stream",
      "name": "TRACI_v2.1_human_toxicity_carcinogenic_human_toxicity_carcinogenic_matrix_data.data",
      "matrix": "characterization_matrix",
      "kind": "data",
      "path": "TRACI_v2.1_human_toxicity_carcinogenic_human_toxicity_carcinogenic_matrix_data.data.npy",
      "group": "TRACI_v2.1_human_toxicity_carcinogenic_human_toxicity_carcinogenic_matrix_data",
      "nrows": 478,
      "global_index": 1,
      "identifier": [
        "TRACI v2.1",
        "human toxicity: carcinogenic",
        "human toxicity: carcinogenic"
      ],
      "category": "vector"
    }
  ],
  "created": "2024-06-16T12:09:03.323265+00:00Z",
  "combinatorial": false,
  "sequential": false,
  "seed": null,
  "sum_intra_duplicates": true,
  "sum_inter_duplicates": false,
  "matrix_serialize_format_type": "numpy"
}