{
  "profile": "data-package",
  "name": "recipe-2016-v103-endpoint-i-no-ltep.85933ada1584035df9f1f83f73960675.zip",
  "id": "aa03ad9f27104b44a830274ec6abd5e0",
  "licenses": [
    {
      "name": "ODC-PDDL-1.0",
      "path": "http://opendatacommons.org/licenses/pddl/",
      "title": "Open Data Commons Public Domain Dedication and License v1.0"
    }
  ],
  "resources": [
    {
      "profile": "data-resource",
      "format": "npy",
      "mediatype": "application/octet-stream",
      "name": "ReCiPe_2016_v1.03_endpoint_I_no_LT_ecosystem_quality_no_LT_photochemical_oxidant_formation_terrestrial_ecosystems_no_LT_matrix_data.indices",
      "matrix": "characterization_matrix",
      "kind": "indices",
      "path": "ReCiPe_2016_v1.03_endpoint_I_no_LT_ecosystem_quality_no_LT_photochemical_oxidant_formation_terrestrial_ecosystems_no_LT_matrix_data.indices.npy",
      "group": "ReCiPe_2016_v1.03_endpoint_I_no_LT_ecosystem_quality_no_LT_photochemical_oxidant_formation_terrestrial_ecosystems_no_LT_matrix_data",
      "nrows": 150,
      "global_index": 1,
      "identifier": [
        "ReCiPe 2016 v1.03, endpoint (I) no LT",
        "ecosystem quality no LT",
        "photochemical oxidant formation: terrestrial ecosystems no LT"
      ],
      "category": "vector"
    },
    {
      "profile": "data-resource",
      "format": "npy",
      "mediatype": "application/octet-stream",
      "name": "ReCiPe_2016_v1.03_endpoint_I_no_LT_ecosystem_quality_no_LT_photochemical_oxidant_formation_terrestrial_ecosystems_no_LT_matrix_data.data",
      "matrix": "characterization_matrix",
      "kind": "data",
      "path": "ReCiPe_2016_v1.03_endpoint_I_no_LT_ecosystem_quality_no_LT_photochemical_oxidant_formation_terrestrial_ecosystems_no_LT_matrix_data.data.npy",
      "group": "ReCiPe_2016_v1.03_endpoint_I_no_LT_ecosystem_quality_no_LT_photochemical_oxidant_formation_terrestrial_ecosystems_no_LT_matrix_data",
      "nrows": 150,
      "global_index": 1,
      "identifier": [
        "ReCiPe 2016 v1.03, endpoint (I) no LT",
        "ecosystem quality no LT",
        "photochemical oxidant formation: terrestrial ecosystems no LT"
      ],
      "category": "vector"
    }
  ],
  "created": "2024-06-16T12:09:02.700582+00:00Z",
  "combinatorial": false,
  "sequential": false,
  "seed": null,
  "sum_intra_duplicates": true,
  "sum_inter_duplicates": false,
  "matrix_serialize_format_type": "numpy"
}