{
  "profile": "data-package",
  "name": "eps-2020dem.f893031a044b07ca2f81514e13406b04.zip",
  "id": "fc4ed3085187416ea6bf0e311cc33489",
  "licenses": [
    {
      "name": "ODC-PDDL-1.0",
      "path": "http://opendatacommons.org/licenses/pddl/",
      "title": "Open Data Commons Public Domain Dedication and License v1.0"
    }
  ],
  "resources": [
    {
      "profile": "data-resource",
      "format": "npy",
      "mediatype": "application/octet-stream",
      "name": "EPS_2020d_emissions_to_soil_monetary_impact_value_matrix_data.indices",
      "matrix": "characterization_matrix",
      "kind": "indices",
      "path": "EPS_2020d_emissions_to_soil_monetary_impact_value_matrix_data.indices.npy",
      "group": "EPS_2020d_emissions_to_soil_monetary_impact_value_matrix_data",
      "nrows": 181,
      "global_index": 1,
      "identifier": [
        "EPS 2020d",
        "emissions to soil",
        "monetary impact value"
      ],
      "category": "vector"
    },
    {
      "profile": "data-resource",
      "format": "npy",
      "mediatype": "application/octet-stream",
      "name": "EPS_2020d_emissions_to_soil_monetary_impact_value_matrix_data.data",
      "matrix": "characterization_matrix",
      "kind": "data",
      "path": "EPS_2020d_emissions_to_soil_monetary_impact_value_matrix_data.data.npy",
      "group": "EPS_2020d_emissions_to_soil_monetary_impact_value_matrix_data",
      "nrows": 181,
      "global_index": 1,
      "identifier": [
        "EPS 2020d",
        "emissions to soil",
        "monetary impact value"
      ],
      "category": "vector"
    }
  ],
  "created": "2024-06-16T12:09:01.998710+00:00Z",
  "combinatorial": false,
  "sequential": false,
  "seed": null,
  "sum_intra_duplicates": true,
  "sum_inter_duplicates": false,
  "matrix_serialize_format_type": "numpy"
}