{
  "profile": "data-package",
  "name": "ipcc-2021cg.73213d1e84536f135bf76a19c5460178.zip",
  "id": "b0807526c7b94476bad80235f4f800c1",
  "licenses": [
    {
      "name": "ODC-PDDL-1.0",
      "path": "http://opendatacommons.org/licenses/pddl/",
      "title": "Open Data Commons Public Domain Dedication and License v1.0"
    }
  ],
  "resources": [
    {
      "profile": "data-resource",
      "format": "npy",
      "mediatype": "application/octet-stream",
      "name": "IPCC_2021_climate_change_fossil_including_SLCFs_global_temperature_change_potential_GTP100_matrix_data.indices",
      "matrix": "characterization_matrix",
      "kind": "indices",
      "path": "IPCC_2021_climate_change_fossil_including_SLCFs_global_temperature_change_potential_GTP100_matrix_data.indices.npy",
      "group": "IPCC_2021_climate_change_fossil_including_SLCFs_global_temperature_change_potential_GTP100_matrix_data",
      "nrows": 175,
      "global_index": 1,
      "identifier": [
        "IPCC 2021",
        "climate change: fossil, including SLCFs",
        "global temperature change potential (GTP100)"
      ],
      "category": "vector"
    },
    {
      "profile": "data-resource",
      "format": "npy",
      "mediatype": "application/octet-stream",
      "name": "IPCC_2021_climate_change_fossil_including_SLCFs_global_temperature_change_potential_GTP100_matrix_data.data",
      "matrix": "characterization_matrix",
      "kind": "data",
      "path": "IPCC_2021_climate_change_fossil_including_SLCFs_global_temperature_change_potential_GTP100_matrix_data.data.npy",
      "group": "IPCC_2021_climate_change_fossil_including_SLCFs_global_temperature_change_potential_GTP100_matrix_data",
      "nrows": 175,
      "global_index": 1,
      "identifier": [
        "IPCC 2021",
        "climate change: fossil, including SLCFs",
        "global temperature change potential (GTP100)"
      ],
      "category": "vector"
    }
  ],
  "created": "2024-06-16T12:09:02.271695+00:00Z",
  "combinatorial": false,
  "sequential": false,
  "seed": null,
  "sum_intra_duplicates": true,
  "sum_inter_duplicates": false,
  "matrix_serialize_format_type": "numpy"
}