{
  "profile": "data-package",
  "name": "cml-v48-2016et.58a9c4f9714f0591bc0ed845bbf010a5.zip",
  "id": "38998f39f8ee484c92d34cf1df91dcd6",
  "licenses": [
    {
      "name": "ODC-PDDL-1.0",
      "path": "http://opendatacommons.org/licenses/pddl/",
      "title": "Open Data Commons Public Domain Dedication and License v1.0"
    }
  ],
  "resources": [
    {
      "profile": "data-resource",
      "format": "npy",
      "mediatype": "application/octet-stream",
      "name": "CML_v4.8_2016_ecotoxicity_terrestrial_terrestrial_ecotoxicity_TETP_inf_matrix_data.indices",
      "matrix": "characterization_matrix",
      "kind": "indices",
      "path": "CML_v4.8_2016_ecotoxicity_terrestrial_terrestrial_ecotoxicity_TETP_inf_matrix_data.indices.npy",
      "group": "CML_v4.8_2016_ecotoxicity_terrestrial_terrestrial_ecotoxicity_TETP_inf_matrix_data",
      "nrows": 772,
      "global_index": 1,
      "identifier": [
        "CML v4.8 2016",
        "ecotoxicity: terrestrial",
        "terrestrial ecotoxicity (TETP inf)"
      ],
      "category": "vector"
    },
    {
      "profile": "data-resource",
      "format": "npy",
      "mediatype": "application/octet-stream",
      "name": "CML_v4.8_2016_ecotoxicity_terrestrial_terrestrial_ecotoxicity_TETP_inf_matrix_data.data",
      "matrix": "characterization_matrix",
      "kind": "data",
      "path": "CML_v4.8_2016_ecotoxicity_terrestrial_terrestrial_ecotoxicity_TETP_inf_matrix_data.data.npy",
      "group": "CML_v4.8_2016_ecotoxicity_terrestrial_terrestrial_ecotoxicity_TETP_inf_matrix_data",
      "nrows": 772,
      "global_index": 1,
      "identifier": [
        "CML v4.8 2016",
        "ecotoxicity: terrestrial",
        "terrestrial ecotoxicity (TETP inf)"
      ],
      "category": "vector"
    }
  ],
  "created": "2024-06-16T12:09:01.494670+00:00Z",
  "combinatorial": false,
  "sequential": false,
  "seed": null,
  "sum_intra_duplicates": true,
  "sum_inter_duplicates": false,
  "matrix_serialize_format_type": "numpy"
}