{
  "profile": "data-package",
  "name": "recipe-2016-v103-endpoint-e-no-lthp.a4acc2de5455519211cb205d3476aaf5.zip",
  "id": "e37e306d2e564a4b8dd65a6984d8723a",
  "licenses": [
    {
      "name": "ODC-PDDL-1.0",
      "path": "http://opendatacommons.org/licenses/pddl/",
      "title": "Open Data Commons Public Domain Dedication and License v1.0"
    }
  ],
  "resources": [
    {
      "profile": "data-resource",
      "format": "npy",
      "mediatype": "application/octet-stream",
      "name": "ReCiPe_2016_v1.03_endpoint_E_no_LT_human_health_no_LT_particulate_matter_formation_no_LT_matrix_data.indices",
      "matrix": "characterization_matrix",
      "kind": "indices",
      "path": "ReCiPe_2016_v1.03_endpoint_E_no_LT_human_health_no_LT_particulate_matter_formation_no_LT_matrix_data.indices.npy",
      "group": "ReCiPe_2016_v1.03_endpoint_E_no_LT_human_health_no_LT_particulate_matter_formation_no_LT_matrix_data",
      "nrows": 23,
      "global_index": 1,
      "identifier": [
        "ReCiPe 2016 v1.03, endpoint (E) no LT",
        "human health no LT",
        "particulate matter formation no LT"
      ],
      "category": "vector"
    },
    {
      "profile": "data-resource",
      "format": "npy",
      "mediatype": "application/octet-stream",
      "name": "ReCiPe_2016_v1.03_endpoint_E_no_LT_human_health_no_LT_particulate_matter_formation_no_LT_matrix_data.data",
      "matrix": "characterization_matrix",
      "kind": "data",
      "path": "ReCiPe_2016_v1.03_endpoint_E_no_LT_human_health_no_LT_particulate_matter_formation_no_LT_matrix_data.data.npy",
      "group": "ReCiPe_2016_v1.03_endpoint_E_no_LT_human_health_no_LT_particulate_matter_formation_no_LT_matrix_data",
      "nrows": 23,
      "global_index": 1,
      "identifier": [
        "ReCiPe 2016 v1.03, endpoint (E) no LT",
        "human health no LT",
        "particulate matter formation no LT"
      ],
      "category": "vector"
    }
  ],
  "created": "2024-06-16T12:09:02.370204+00:00Z",
  "combinatorial": false,
  "sequential": false,
  "seed": null,
  "sum_intra_duplicates": true,
  "sum_inter_duplicates": false,
  "matrix_serialize_format_type": "numpy"
}