{
  "profile": "data-package",
  "name": "impact-world-v201-footprint-versioner.e1af6e6dc6065ff7a99aa59b0cf0776d.zip",
  "id": "c7b1ee8b90504ec8acd5bd946a8b68a7",
  "licenses": [
    {
      "name": "ODC-PDDL-1.0",
      "path": "http://opendatacommons.org/licenses/pddl/",
      "title": "Open Data Commons Public Domain Dedication and License v1.0"
    }
  ],
  "resources": [
    {
      "profile": "data-resource",
      "format": "npy",
      "mediatype": "application/octet-stream",
      "name": "IMPACT_World_v2.0.1_footprint_version_ecosystem_quality_remaining_ecosystem_quality_damage_matrix_data.indices",
      "matrix": "characterization_matrix",
      "kind": "indices",
      "path": "IMPACT_World_v2.0.1_footprint_version_ecosystem_quality_remaining_ecosystem_quality_damage_matrix_data.indices.npy",
      "group": "IMPACT_World_v2.0.1_footprint_version_ecosystem_quality_remaining_ecosystem_quality_damage_matrix_data",
      "nrows": 1766,
      "global_index": 1,
      "identifier": [
        "IMPACT World+ v2.0.1, footprint version",
        "ecosystem quality",
        "remaining ecosystem quality damage"
      ],
      "category": "vector"
    },
    {
      "profile": "data-resource",
      "format": "npy",
      "mediatype": "application/octet-stream",
      "name": "IMPACT_World_v2.0.1_footprint_version_ecosystem_quality_remaining_ecosystem_quality_damage_matrix_data.data",
      "matrix": "characterization_matrix",
      "kind": "data",
      "path": "IMPACT_World_v2.0.1_footprint_version_ecosystem_quality_remaining_ecosystem_quality_damage_matrix_data.data.npy",
      "group": "IMPACT_World_v2.0.1_footprint_version_ecosystem_quality_remaining_ecosystem_quality_damage_matrix_data",
      "nrows": 1766,
      "global_index": 1,
      "identifier": [
        "IMPACT World+ v2.0.1, footprint version",
        "ecosystem quality",
        "remaining ecosystem quality damage"
      ],
      "category": "vector"
    }
  ],
  "created": "2024-06-16T12:09:02.022873+00:00Z",
  "combinatorial": false,
  "sequential": false,
  "seed": null,
  "sum_intra_duplicates": true,
  "sum_inter_duplicates": false,
  "matrix_serialize_format_type": "numpy"
}