{
  "profile": "data-package",
  "name": "recipe-2016-v103-midpoint-iat.62551e5cfcf4bb7095c4eb15bbe8e477.zip",
  "id": "a9ade794fdec4d19a44fd73c55732fbc",
  "licenses": [
    {
      "name": "ODC-PDDL-1.0",
      "path": "http://opendatacommons.org/licenses/pddl/",
      "title": "Open Data Commons Public Domain Dedication and License v1.0"
    }
  ],
  "resources": [
    {
      "profile": "data-resource",
      "format": "npy",
      "mediatype": "application/octet-stream",
      "name": "ReCiPe_2016_v1.03_midpoint_I_acidification_terrestrial_terrestrial_acidification_potential_TAP_matrix_data.indices",
      "matrix": "characterization_matrix",
      "kind": "indices",
      "path": "ReCiPe_2016_v1.03_midpoint_I_acidification_terrestrial_terrestrial_acidification_potential_TAP_matrix_data.indices.npy",
      "group": "ReCiPe_2016_v1.03_midpoint_I_acidification_terrestrial_terrestrial_acidification_potential_TAP_matrix_data",
      "nrows": 28,
      "global_index": 1,
      "identifier": [
        "ReCiPe 2016 v1.03, midpoint (I)",
        "acidification: terrestrial",
        "terrestrial acidification potential (TAP)"
      ],
      "category": "vector"
    },
    {
      "profile": "data-resource",
      "format": "npy",
      "mediatype": "application/octet-stream",
      "name": "ReCiPe_2016_v1.03_midpoint_I_acidification_terrestrial_terrestrial_acidification_potential_TAP_matrix_data.data",
      "matrix": "characterization_matrix",
      "kind": "data",
      "path": "ReCiPe_2016_v1.03_midpoint_I_acidification_terrestrial_terrestrial_acidification_potential_TAP_matrix_data.data.npy",
      "group": "ReCiPe_2016_v1.03_midpoint_I_acidification_terrestrial_terrestrial_acidification_potential_TAP_matrix_data",
      "nrows": 28,
      "global_index": 1,
      "identifier": [
        "ReCiPe 2016 v1.03, midpoint (I)",
        "acidification: terrestrial",
        "terrestrial acidification potential (TAP)"
      ],
      "category": "vector"
    }
  ],
  "created": "2024-06-16T12:09:03.195423+00:00Z",
  "combinatorial": false,
  "sequential": false,
  "seed": null,
  "sum_intra_duplicates": true,
  "sum_inter_duplicates": false,
  "matrix_serialize_format_type": "numpy"
}