{
  "profile": "data-package",
  "name": "recipe-2016-v103-midpoint-e-no-lthh.8011879c51a2eab528c43d23d02688e1.zip",
  "id": "123b3cb937364102bba6a51fa6add2be",
  "licenses": [
    {
      "name": "ODC-PDDL-1.0",
      "path": "http://opendatacommons.org/licenses/pddl/",
      "title": "Open Data Commons Public Domain Dedication and License v1.0"
    }
  ],
  "resources": [
    {
      "profile": "data-resource",
      "format": "npy",
      "mediatype": "application/octet-stream",
      "name": "ReCiPe_2016_v1.03_midpoint_E_no_LT_human_toxicity_non-carcinogenic_no_LT_human_toxicity_potential_HTPnc_no_LT_matrix_data.indices",
      "matrix": "characterization_matrix",
      "kind": "indices",
      "path": "ReCiPe_2016_v1.03_midpoint_E_no_LT_human_toxicity_non-carcinogenic_no_LT_human_toxicity_potential_HTPnc_no_LT_matrix_data.indices.npy",
      "group": "ReCiPe_2016_v1.03_midpoint_E_no_LT_human_toxicity_non-carcinogenic_no_LT_human_toxicity_potential_HTPnc_no_LT_matrix_data",
      "nrows": 984,
      "global_index": 1,
      "identifier": [
        "ReCiPe 2016 v1.03, midpoint (E) no LT",
        "human toxicity: non-carcinogenic no LT",
        "human toxicity potential (HTPnc) no LT"
      ],
      "category": "vector"
    },
    {
      "profile": "data-resource",
      "format": "npy",
      "mediatype": "application/octet-stream",
      "name": "ReCiPe_2016_v1.03_midpoint_E_no_LT_human_toxicity_non-carcinogenic_no_LT_human_toxicity_potential_HTPnc_no_LT_matrix_data.data",
      "matrix": "characterization_matrix",
      "kind": "data",
      "path": "ReCiPe_2016_v1.03_midpoint_E_no_LT_human_toxicity_non-carcinogenic_no_LT_human_toxicity_potential_HTPnc_no_LT_matrix_data.data.npy",
      "group": "ReCiPe_2016_v1.03_midpoint_E_no_LT_human_toxicity_non-carcinogenic_no_LT_human_toxicity_potential_HTPnc_no_LT_matrix_data",
      "nrows": 984,
      "global_index": 1,
      "identifier": [
        "ReCiPe 2016 v1.03, midpoint (E) no LT",
        "human toxicity: non-carcinogenic no LT",
        "human toxicity potential (HTPnc) no LT"
      ],
      "category": "vector"
    }
  ],
  "created": "2024-06-16T12:09:02.881430+00:00Z",
  "combinatorial": false,
  "sequential": false,
  "seed": null,
  "sum_intra_duplicates": true,
  "sum_inter_duplicates": false,
  "matrix_serialize_format_type": "numpy"
}