{
  "profile": "data-package",
  "name": "eps-2020d-no-ltmm.e3c55689d3e5f84b4e7b39c7e3a2dbcd.zip",
  "id": "78cac697ab8f458880abd0a1c5829341",
  "licenses": [
    {
      "name": "ODC-PDDL-1.0",
      "path": "http://opendatacommons.org/licenses/pddl/",
      "title": "Open Data Commons Public Domain Dedication and License v1.0"
    }
  ],
  "resources": [
    {
      "profile": "data-resource",
      "format": "npy",
      "mediatype": "application/octet-stream",
      "name": "EPS_2020d_no_LT_material_resources_metals_no_LT_monetary_impact_value_no_LT_matrix_data.indices",
      "matrix": "characterization_matrix",
      "kind": "indices",
      "path": "EPS_2020d_no_LT_material_resources_metals_no_LT_monetary_impact_value_no_LT_matrix_data.indices.npy",
      "group": "EPS_2020d_no_LT_material_resources_metals_no_LT_monetary_impact_value_no_LT_matrix_data",
      "nrows": 67,
      "global_index": 1,
      "identifier": [
        "EPS 2020d no LT",
        "material resources: metals no LT",
        "monetary impact value no LT"
      ],
      "category": "vector"
    },
    {
      "profile": "data-resource",
      "format": "npy",
      "mediatype": "application/octet-stream",
      "name": "EPS_2020d_no_LT_material_resources_metals_no_LT_monetary_impact_value_no_LT_matrix_data.data",
      "matrix": "characterization_matrix",
      "kind": "data",
      "path": "EPS_2020d_no_LT_material_resources_metals_no_LT_monetary_impact_value_no_LT_matrix_data.data.npy",
      "group": "EPS_2020d_no_LT_material_resources_metals_no_LT_monetary_impact_value_no_LT_matrix_data",
      "nrows": 67,
      "global_index": 1,
      "identifier": [
        "EPS 2020d no LT",
        "material resources: metals no LT",
        "monetary impact value no LT"
      ],
      "category": "vector"
    }
  ],
  "created": "2024-06-16T12:09:01.988499+00:00Z",
  "combinatorial": false,
  "sequential": false,
  "seed": null,
  "sum_intra_duplicates": true,
  "sum_inter_duplicates": false,
  "matrix_serialize_format_type": "numpy"
}