{
  "profile": "data-package",
  "name": "cml-v48-2016-no-ltee.0760034aaafd25e8435d412d66977108.zip",
  "id": "455c29128b854a0aaced86e938b41533",
  "licenses": [
    {
      "name": "ODC-PDDL-1.0",
      "path": "http://opendatacommons.org/licenses/pddl/",
      "title": "Open Data Commons Public Domain Dedication and License v1.0"
    }
  ],
  "resources": [
    {
      "profile": "data-resource",
      "format": "npy",
      "mediatype": "application/octet-stream",
      "name": "CML_v4.8_2016_no_LT_eutrophication_no_LT_eutrophication_fate_not_incl._no_LT_matrix_data.indices",
      "matrix": "characterization_matrix",
      "kind": "indices",
      "path": "CML_v4.8_2016_no_LT_eutrophication_no_LT_eutrophication_fate_not_incl._no_LT_matrix_data.indices.npy",
      "group": "CML_v4.8_2016_no_LT_eutrophication_no_LT_eutrophication_fate_not_incl._no_LT_matrix_data",
      "nrows": 69,
      "global_index": 1,
      "identifier": [
        "CML v4.8 2016 no LT",
        "eutrophication no LT",
        "eutrophication (fate not incl.) no LT"
      ],
      "category": "vector"
    },
    {
      "profile": "data-resource",
      "format": "npy",
      "mediatype": "application/octet-stream",
      "name": "CML_v4.8_2016_no_LT_eutrophication_no_LT_eutrophication_fate_not_incl._no_LT_matrix_data.data",
      "matrix": "characterization_matrix",
      "kind": "data",
      "path": "CML_v4.8_2016_no_LT_eutrophication_no_LT_eutrophication_fate_not_incl._no_LT_matrix_data.data.npy",
      "group": "CML_v4.8_2016_no_LT_eutrophication_no_LT_eutrophication_fate_not_incl._no_LT_matrix_data",
      "nrows": 69,
      "global_index": 1,
      "identifier": [
        "CML v4.8 2016 no LT",
        "eutrophication no LT",
        "eutrophication (fate not incl.) no LT"
      ],
      "category": "vector"
    }
  ],
  "created": "2024-06-16T12:09:01.474277+00:00Z",
  "combinatorial": false,
  "sequential": false,
  "seed": null,
  "sum_intra_duplicates": true,
  "sum_inter_duplicates": false,
  "matrix_serialize_format_type": "numpy"
}