{
  "profile": "data-package",
  "name": "recipe-2016-v103-midpoint-h-no-ltet.77762c0a567dae1ba9efe5f1f80d5ba7.zip",
  "id": "ba09a696cd554c0eb78bda6dfd94ae32",
  "licenses": [
    {
      "name": "ODC-PDDL-1.0",
      "path": "http://opendatacommons.org/licenses/pddl/",
      "title": "Open Data Commons Public Domain Dedication and License v1.0"
    }
  ],
  "resources": [
    {
      "profile": "data-resource",
      "format": "npy",
      "mediatype": "application/octet-stream",
      "name": "ReCiPe_2016_v1.03_midpoint_H_no_LT_ecotoxicity_terrestrial_no_LT_terrestrial_ecotoxicity_potential_TETP_no_LT_matrix_data.indices",
      "matrix": "characterization_matrix",
      "kind": "indices",
      "path": "ReCiPe_2016_v1.03_midpoint_H_no_LT_ecotoxicity_terrestrial_no_LT_terrestrial_ecotoxicity_potential_TETP_no_LT_matrix_data.indices.npy",
      "group": "ReCiPe_2016_v1.03_midpoint_H_no_LT_ecotoxicity_terrestrial_no_LT_terrestrial_ecotoxicity_potential_TETP_no_LT_matrix_data",
      "nrows": 1472,
      "global_index": 1,
      "identifier": [
        "ReCiPe 2016 v1.03, midpoint (H) no LT",
        "ecotoxicity: terrestrial no LT",
        "terrestrial ecotoxicity potential (TETP) no LT"
      ],
      "category": "vector"
    },
    {
      "profile": "data-resource",
      "format": "npy",
      "mediatype": "application/octet-stream",
      "name": "ReCiPe_2016_v1.03_midpoint_H_no_LT_ecotoxicity_terrestrial_no_LT_terrestrial_ecotoxicity_potential_TETP_no_LT_matrix_data.data",
      "matrix": "characterization_matrix",
      "kind": "data",
      "path": "ReCiPe_2016_v1.03_midpoint_H_no_LT_ecotoxicity_terrestrial_no_LT_terrestrial_ecotoxicity_potential_TETP_no_LT_matrix_data.data.npy",
      "group": "ReCiPe_2016_v1.03_midpoint_H_no_LT_ecotoxicity_terrestrial_no_LT_terrestrial_ecotoxicity_potential_TETP_no_LT_matrix_data",
      "nrows": 1472,
      "global_index": 1,
      "identifier": [
        "ReCiPe 2016 v1.03, midpoint (H) no LT",
        "ecotoxicity: terrestrial no LT",
        "terrestrial ecotoxicity potential (TETP) no LT"
      ],
      "category": "vector"
    }
  ],
  "created": "2024-06-16T12:09:02.999936+00:00Z",
  "combinatorial": false,
  "sequential": false,
  "seed": null,
  "sum_intra_duplicates": true,
  "sum_inter_duplicates": false,
  "matrix_serialize_format_type": "numpy"
}