{
  "profile": "data-package",
  "name": "cml-v48-2016-no-ltma.05c512de653374fa57d4c1b96105aaa4.zip",
  "id": "2681ab14f8154efb9789b13f9d43c052",
  "licenses": [
    {
      "name": "ODC-PDDL-1.0",
      "path": "http://opendatacommons.org/licenses/pddl/",
      "title": "Open Data Commons Public Domain Dedication and License v1.0"
    }
  ],
  "resources": [
    {
      "profile": "data-resource",
      "format": "npy",
      "mediatype": "application/octet-stream",
      "name": "CML_v4.8_2016_no_LT_material_resources_metals_minerals_no_LT_abiotic_depletion_potential_ADP_elements_ultimate_reserves_no_LT_matrix_data.indices",
      "matrix": "characterization_matrix",
      "kind": "indices",
      "path": "CML_v4.8_2016_no_LT_material_resources_metals_minerals_no_LT_abiotic_depletion_potential_ADP_elements_ultimate_reserves_no_LT_matrix_data.indices.npy",
      "group": "CML_v4.8_2016_no_LT_material_resources_metals_minerals_no_LT_abiotic_depletion_potential_ADP_elements_ultimate_reserves_no_LT_matrix_data",
      "nrows": 49,
      "global_index": 1,
      "identifier": [
        "CML v4.8 2016 no LT",
        "material resources: metals/minerals no LT",
        "abiotic depletion potential (ADP): elements (ultimate reserves) no LT"
      ],
      "category": "vector"
    },
    {
      "profile": "data-resource",
      "format": "npy",
      "mediatype": "application/octet-stream",
      "name": "CML_v4.8_2016_no_LT_material_resources_metals_minerals_no_LT_abiotic_depletion_potential_ADP_elements_ultimate_reserves_no_LT_matrix_data.data",
      "matrix": "characterization_matrix",
      "kind": "data",
      "path": "CML_v4.8_2016_no_LT_material_resources_metals_minerals_no_LT_abiotic_depletion_potential_ADP_elements_ultimate_reserves_no_LT_matrix_data.data.npy",
      "group": "CML_v4.8_2016_no_LT_material_resources_metals_minerals_no_LT_abiotic_depletion_potential_ADP_elements_ultimate_reserves_no_LT_matrix_data",
      "nrows": 49,
      "global_index": 1,
      "identifier": [
        "CML v4.8 2016 no LT",
        "material resources: metals/minerals no LT",
        "abiotic depletion potential (ADP): elements (ultimate reserves) no LT"
      ],
      "category": "vector"
    }
  ],
  "created": "2024-06-16T12:09:01.478351+00:00Z",
  "combinatorial": false,
  "sequential": false,
  "seed": null,
  "sum_intra_duplicates": true,
  "sum_inter_duplicates": false,
  "matrix_serialize_format_type": "numpy"
}