{
  "profile": "data-package",
  "name": "recipe-2016-v103-endpoint-i-no-lthp.9353b9c3b90538648f0a7f0c98af3aa4.zip",
  "id": "6a4e96a184fa483a9c561cb9d1ca27e4",
  "licenses": [
    {
      "name": "ODC-PDDL-1.0",
      "path": "http://opendatacommons.org/licenses/pddl/",
      "title": "Open Data Commons Public Domain Dedication and License v1.0"
    }
  ],
  "resources": [
    {
      "profile": "data-resource",
      "format": "npy",
      "mediatype": "application/octet-stream",
      "name": "ReCiPe_2016_v1.03_endpoint_I_no_LT_human_health_no_LT_particulate_matter_formation_no_LT_matrix_data.indices",
      "matrix": "characterization_matrix",
      "kind": "indices",
      "path": "ReCiPe_2016_v1.03_endpoint_I_no_LT_human_health_no_LT_particulate_matter_formation_no_LT_matrix_data.indices.npy",
      "group": "ReCiPe_2016_v1.03_endpoint_I_no_LT_human_health_no_LT_particulate_matter_formation_no_LT_matrix_data",
      "nrows": 4,
      "global_index": 1,
      "identifier": [
        "ReCiPe 2016 v1.03, endpoint (I) no LT",
        "human health no LT",
        "particulate matter formation no LT"
      ],
      "category": "vector"
    },
    {
      "profile": "data-resource",
      "format": "npy",
      "mediatype": "application/octet-stream",
      "name": "ReCiPe_2016_v1.03_endpoint_I_no_LT_human_health_no_LT_particulate_matter_formation_no_LT_matrix_data.data",
      "matrix": "characterization_matrix",
      "kind": "data",
      "path": "ReCiPe_2016_v1.03_endpoint_I_no_LT_human_health_no_LT_particulate_matter_formation_no_LT_matrix_data.data.npy",
      "group": "ReCiPe_2016_v1.03_endpoint_I_no_LT_human_health_no_LT_particulate_matter_formation_no_LT_matrix_data",
      "nrows": 4,
      "global_index": 1,
      "identifier": [
        "ReCiPe 2016 v1.03, endpoint (I) no LT",
        "human health no LT",
        "particulate matter formation no LT"
      ],
      "category": "vector"
    }
  ],
  "created": "2024-06-16T12:09:02.722968+00:00Z",
  "combinatorial": false,
  "sequential": false,
  "seed": null,
  "sum_intra_duplicates": true,
  "sum_inter_duplicates": false,
  "matrix_serialize_format_type": "numpy"
}