{
  "profile": "data-package",
  "name": "recipe-2016-v103-midpoint-iem.986da9fb2ca3515834472b106162f37f.zip",
  "id": "cbfd6d3056934410918a74dde210ac84",
  "licenses": [
    {
      "name": "ODC-PDDL-1.0",
      "path": "http://opendatacommons.org/licenses/pddl/",
      "title": "Open Data Commons Public Domain Dedication and License v1.0"
    }
  ],
  "resources": [
    {
      "profile": "data-resource",
      "format": "npy",
      "mediatype": "application/octet-stream",
      "name": "ReCiPe_2016_v1.03_midpoint_I_ecotoxicity_marine_marine_ecotoxicity_potential_METP_matrix_data.indices",
      "matrix": "characterization_matrix",
      "kind": "indices",
      "path": "ReCiPe_2016_v1.03_midpoint_I_ecotoxicity_marine_marine_ecotoxicity_potential_METP_matrix_data.indices.npy",
      "group": "ReCiPe_2016_v1.03_midpoint_I_ecotoxicity_marine_marine_ecotoxicity_potential_METP_matrix_data",
      "nrows": 1359,
      "global_index": 1,
      "identifier": [
        "ReCiPe 2016 v1.03, midpoint (I)",
        "ecotoxicity: marine",
        "marine ecotoxicity potential (METP)"
      ],
      "category": "vector"
    },
    {
      "profile": "data-resource",
      "format": "npy",
      "mediatype": "application/octet-stream",
      "name": "ReCiPe_2016_v1.03_midpoint_I_ecotoxicity_marine_marine_ecotoxicity_potential_METP_matrix_data.data",
      "matrix": "characterization_matrix",
      "kind": "data",
      "path": "ReCiPe_2016_v1.03_midpoint_I_ecotoxicity_marine_marine_ecotoxicity_potential_METP_matrix_data.data.npy",
      "group": "ReCiPe_2016_v1.03_midpoint_I_ecotoxicity_marine_marine_ecotoxicity_potential_METP_matrix_data",
      "nrows": 1359,
      "global_index": 1,
      "identifier": [
        "ReCiPe 2016 v1.03, midpoint (I)",
        "ecotoxicity: marine",
        "marine ecotoxicity potential (METP)"
      ],
      "category": "vector"
    }
  ],
  "created": "2024-06-16T12:09:03.208887+00:00Z",
  "combinatorial": false,
  "sequential": false,
  "seed": null,
  "sum_intra_duplicates": true,
  "sum_inter_duplicates": false,
  "matrix_serialize_format_type": "numpy"
}