{
  "profile": "data-package",
  "name": "cml-v48-2016-no-ltpp.654348e86b17aa314d1324a109a9defe.zip",
  "id": "d65d0f649b68410daa05db7e720901a2",
  "licenses": [
    {
      "name": "ODC-PDDL-1.0",
      "path": "http://opendatacommons.org/licenses/pddl/",
      "title": "Open Data Commons Public Domain Dedication and License v1.0"
    }
  ],
  "resources": [
    {
      "profile": "data-resource",
      "format": "npy",
      "mediatype": "application/octet-stream",
      "name": "CML_v4.8_2016_no_LT_photochemical_oxidant_formation_no_LT_photochemical_oxidation_high_NOx_no_LT_matrix_data.indices",
      "matrix": "characterization_matrix",
      "kind": "indices",
      "path": "CML_v4.8_2016_no_LT_photochemical_oxidant_formation_no_LT_photochemical_oxidation_high_NOx_no_LT_matrix_data.indices.npy",
      "group": "CML_v4.8_2016_no_LT_photochemical_oxidant_formation_no_LT_photochemical_oxidation_high_NOx_no_LT_matrix_data",
      "nrows": 194,
      "global_index": 1,
      "identifier": [
        "CML v4.8 2016 no LT",
        "photochemical oxidant formation no LT",
        "photochemical oxidation (high NOx) no LT"
      ],
      "category": "vector"
    },
    {
      "profile": "data-resource",
      "format": "npy",
      "mediatype": "application/octet-stream",
      "name": "CML_v4.8_2016_no_LT_photochemical_oxidant_formation_no_LT_photochemical_oxidation_high_NOx_no_LT_matrix_data.data",
      "matrix": "characterization_matrix",
      "kind": "data",
      "path": "CML_v4.8_2016_no_LT_photochemical_oxidant_formation_no_LT_photochemical_oxidation_high_NOx_no_LT_matrix_data.data.npy",
      "group": "CML_v4.8_2016_no_LT_photochemical_oxidant_formation_no_LT_photochemical_oxidation_high_NOx_no_LT_matrix_data",
      "nrows": 194,
      "global_index": 1,
      "identifier": [
        "CML v4.8 2016 no LT",
        "photochemical oxidant formation no LT",
        "photochemical oxidation (high NOx) no LT"
      ],
      "category": "vector"
    }
  ],
  "created": "2024-06-16T12:09:01.481881+00:00Z",
  "combinatorial": false,
  "sequential": false,
  "seed": null,
  "sum_intra_duplicates": true,
  "sum_inter_duplicates": false,
  "matrix_serialize_format_type": "numpy"
}