{
  "profile": "data-package",
  "name": "inventory-results-and-indicatorsrs.a55bcf301beb525616eef9dc74e1a858.zip",
  "id": "705541a7612142759cfafe0c72d7d56f",
  "licenses": [
    {
      "name": "ODC-PDDL-1.0",
      "path": "http://opendatacommons.org/licenses/pddl/",
      "title": "Open Data Commons Public Domain Dedication and License v1.0"
    }
  ],
  "resources": [
    {
      "profile": "data-resource",
      "format": "npy",
      "mediatype": "application/octet-stream",
      "name": "Inventory_results_and_indicators_resources_seabed_occupation_matrix_data.indices",
      "matrix": "characterization_matrix",
      "kind": "indices",
      "path": "Inventory_results_and_indicators_resources_seabed_occupation_matrix_data.indices.npy",
      "group": "Inventory_results_and_indicators_resources_seabed_occupation_matrix_data",
      "nrows": 4,
      "global_index": 1,
      "identifier": [
        "Inventory results and indicators",
        "resources",
        "seabed occupation"
      ],
      "category": "vector"
    },
    {
      "profile": "data-resource",
      "format": "npy",
      "mediatype": "application/octet-stream",
      "name": "Inventory_results_and_indicators_resources_seabed_occupation_matrix_data.data",
      "matrix": "characterization_matrix",
      "kind": "data",
      "path": "Inventory_results_and_indicators_resources_seabed_occupation_matrix_data.data.npy",
      "group": "Inventory_results_and_indicators_resources_seabed_occupation_matrix_data",
      "nrows": 4,
      "global_index": 1,
      "identifier": [
        "Inventory results and indicators",
        "resources",
        "seabed occupation"
      ],
      "category": "vector"
    }
  ],
  "created": "2024-06-16T12:09:02.050191+00:00Z",
  "combinatorial": false,
  "sequential": false,
  "seed": null,
  "sum_intra_duplicates": true,
  "sum_inter_duplicates": false,
  "matrix_serialize_format_type": "numpy"
}