{
  "profile": "data-package",
  "name": "inventory-results-and-indicatorswt.8ca8a4add2e46d03af141de575004662.zip",
  "id": "5d61cceaa03944cab7757b5ca6e8be64",
  "licenses": [
    {
      "name": "ODC-PDDL-1.0",
      "path": "http://opendatacommons.org/licenses/pddl/",
      "title": "Open Data Commons Public Domain Dedication and License v1.0"
    }
  ],
  "resources": [
    {
      "profile": "data-resource",
      "format": "npy",
      "mediatype": "application/octet-stream",
      "name": "Inventory_results_and_indicators_waste_disposal_total_mass_for_underground_deposits_matrix_data.indices",
      "matrix": "characterization_matrix",
      "kind": "indices",
      "path": "Inventory_results_and_indicators_waste_disposal_total_mass_for_underground_deposits_matrix_data.indices.npy",
      "group": "Inventory_results_and_indicators_waste_disposal_total_mass_for_underground_deposits_matrix_data",
      "nrows": 3,
      "global_index": 1,
      "identifier": [
        "Inventory results and indicators",
        "waste disposal",
        "total mass for underground deposits"
      ],
      "category": "vector"
    },
    {
      "profile": "data-resource",
      "format": "npy",
      "mediatype": "application/octet-stream",
      "name": "Inventory_results_and_indicators_waste_disposal_total_mass_for_underground_deposits_matrix_data.data",
      "matrix": "characterization_matrix",
      "kind": "data",
      "path": "Inventory_results_and_indicators_waste_disposal_total_mass_for_underground_deposits_matrix_data.data.npy",
      "group": "Inventory_results_and_indicators_waste_disposal_total_mass_for_underground_deposits_matrix_data",
      "nrows": 3,
      "global_index": 1,
      "identifier": [
        "Inventory results and indicators",
        "waste disposal",
        "total mass for underground deposits"
      ],
      "category": "vector"
    }
  ],
  "created": "2024-06-16T12:09:02.120791+00:00Z",
  "combinatorial": false,
  "sequential": false,
  "seed": null,
  "sum_intra_duplicates": true,
  "sum_inter_duplicates": false,
  "matrix_serialize_format_type": "numpy"
}