{
  "profile": "data-package",
  "name": "traci-v21-no-ltaa.48ce2ab0097b60554a7a7b15ddbea84b.zip",
  "id": "6508cc6554004af9af1ea133ab26e585",
  "licenses": [
    {
      "name": "ODC-PDDL-1.0",
      "path": "http://opendatacommons.org/licenses/pddl/",
      "title": "Open Data Commons Public Domain Dedication and License v1.0"
    }
  ],
  "resources": [
    {
      "profile": "data-resource",
      "format": "npy",
      "mediatype": "application/octet-stream",
      "name": "TRACI_v2.1_no_LT_acidification_no_LT_acidification_potential_AP_no_LT_matrix_data.indices",
      "matrix": "characterization_matrix",
      "kind": "indices",
      "path": "TRACI_v2.1_no_LT_acidification_no_LT_acidification_potential_AP_no_LT_matrix_data.indices.npy",
      "group": "TRACI_v2.1_no_LT_acidification_no_LT_acidification_potential_AP_no_LT_matrix_data",
      "nrows": 33,
      "global_index": 1,
      "identifier": [
        "TRACI v2.1 no LT",
        "acidification no LT",
        "acidification potential (AP) no LT"
      ],
      "category": "vector"
    },
    {
      "profile": "data-resource",
      "format": "npy",
      "mediatype": "application/octet-stream",
      "name": "TRACI_v2.1_no_LT_acidification_no_LT_acidification_potential_AP_no_LT_matrix_data.data",
      "matrix": "characterization_matrix",
      "kind": "data",
      "path": "TRACI_v2.1_no_LT_acidification_no_LT_acidification_potential_AP_no_LT_matrix_data.data.npy",
      "group": "TRACI_v2.1_no_LT_acidification_no_LT_acidification_potential_AP_no_LT_matrix_data",
      "nrows": 33,
      "global_index": 1,
      "identifier": [
        "TRACI v2.1 no LT",
        "acidification no LT",
        "acidification potential (AP) no LT"
      ],
      "category": "vector"
    }
  ],
  "created": "2024-06-16T12:09:03.269526+00:00Z",
  "combinatorial": false,
  "sequential": false,
  "seed": null,
  "sum_intra_duplicates": true,
  "sum_inter_duplicates": false,
  "matrix_serialize_format_type": "numpy"
}