{
  "profile": "data-package",
  "name": "eps-2020dmm.4f9215b17109c9eb624b21492fc054f2.zip",
  "id": "86f9479e0a6548549fcde980ae9e601f",
  "licenses": [
    {
      "name": "ODC-PDDL-1.0",
      "path": "http://opendatacommons.org/licenses/pddl/",
      "title": "Open Data Commons Public Domain Dedication and License v1.0"
    }
  ],
  "resources": [
    {
      "profile": "data-resource",
      "format": "npy",
      "mediatype": "application/octet-stream",
      "name": "EPS_2020d_material_resources_metals_monetary_impact_value_matrix_data.indices",
      "matrix": "characterization_matrix",
      "kind": "indices",
      "path": "EPS_2020d_material_resources_metals_monetary_impact_value_matrix_data.indices.npy",
      "group": "EPS_2020d_material_resources_metals_monetary_impact_value_matrix_data",
      "nrows": 67,
      "global_index": 1,
      "identifier": [
        "EPS 2020d",
        "material resources: metals",
        "monetary impact value"
      ],
      "category": "vector"
    },
    {
      "profile": "data-resource",
      "format": "npy",
      "mediatype": "application/octet-stream",
      "name": "EPS_2020d_material_resources_metals_monetary_impact_value_matrix_data.data",
      "matrix": "characterization_matrix",
      "kind": "data",
      "path": "EPS_2020d_material_resources_metals_monetary_impact_value_matrix_data.data.npy",
      "group": "EPS_2020d_material_resources_metals_monetary_impact_value_matrix_data",
      "nrows": 67,
      "global_index": 1,
      "identifier": [
        "EPS 2020d",
        "material resources: metals",
        "monetary impact value"
      ],
      "category": "vector"
    }
  ],
  "created": "2024-06-16T12:09:02.013092+00:00Z",
  "combinatorial": false,
  "sequential": false,
  "seed": null,
  "sum_intra_duplicates": true,
  "sum_inter_duplicates": false,
  "matrix_serialize_format_type": "numpy"
}