{
  "profile": "data-package",
  "name": "ipcc-2013cg.5113c3190025c8c9ee99fb76edab1783.zip",
  "id": "7058c10aec3a49249eb4f9fc8e8784d3",
  "licenses": [
    {
      "name": "ODC-PDDL-1.0",
      "path": "http://opendatacommons.org/licenses/pddl/",
      "title": "Open Data Commons Public Domain Dedication and License v1.0"
    }
  ],
  "resources": [
    {
      "profile": "data-resource",
      "format": "npy",
      "mediatype": "application/octet-stream",
      "name": "IPCC_2013_climate_change_global_warming_potential_GWP20_matrix_data.indices",
      "matrix": "characterization_matrix",
      "kind": "indices",
      "path": "IPCC_2013_climate_change_global_warming_potential_GWP20_matrix_data.indices.npy",
      "group": "IPCC_2013_climate_change_global_warming_potential_GWP20_matrix_data",
      "nrows": 170,
      "global_index": 1,
      "identifier": [
        "IPCC 2013",
        "climate change",
        "global warming potential (GWP20)"
      ],
      "category": "vector"
    },
    {
      "profile": "data-resource",
      "format": "npy",
      "mediatype": "application/octet-stream",
      "name": "IPCC_2013_climate_change_global_warming_potential_GWP20_matrix_data.data",
      "matrix": "characterization_matrix",
      "kind": "data",
      "path": "IPCC_2013_climate_change_global_warming_potential_GWP20_matrix_data.data.npy",
      "group": "IPCC_2013_climate_change_global_warming_potential_GWP20_matrix_data",
      "nrows": 170,
      "global_index": 1,
      "identifier": [
        "IPCC 2013",
        "climate change",
        "global warming potential (GWP20)"
      ],
      "category": "vector"
    }
  ],
  "created": "2024-06-16T12:09:02.143407+00:00Z",
  "combinatorial": false,
  "sequential": false,
  "seed": null,
  "sum_intra_duplicates": true,
  "sum_inter_duplicates": false,
  "matrix_serialize_format_type": "numpy"
}