{
  "profile": "data-package",
  "name": "en15804ir.41c51e35ea25d6f7262198745ac8a62d.zip",
  "id": "c2dcbf1d27454e1f8a12529f7d89612a",
  "licenses": [
    {
      "name": "ODC-PDDL-1.0",
      "path": "http://opendatacommons.org/licenses/pddl/",
      "title": "Open Data Commons Public Domain Dedication and License v1.0"
    }
  ],
  "resources": [
    {
      "profile": "data-resource",
      "format": "npy",
      "mediatype": "application/octet-stream",
      "name": "EN15804_inventory_indicators_ISO21930_recovered_energy_matrix_data.indices",
      "matrix": "characterization_matrix",
      "kind": "indices",
      "path": "EN15804_inventory_indicators_ISO21930_recovered_energy_matrix_data.indices.npy",
      "group": "EN15804_inventory_indicators_ISO21930_recovered_energy_matrix_data",
      "nrows": 1,
      "global_index": 1,
      "identifier": [
        "EN15804",
        "inventory indicators ISO21930",
        "recovered energy"
      ],
      "category": "vector"
    },
    {
      "profile": "data-resource",
      "format": "npy",
      "mediatype": "application/octet-stream",
      "name": "EN15804_inventory_indicators_ISO21930_recovered_energy_matrix_data.data",
      "matrix": "characterization_matrix",
      "kind": "data",
      "path": "EN15804_inventory_indicators_ISO21930_recovered_energy_matrix_data.data.npy",
      "group": "EN15804_inventory_indicators_ISO21930_recovered_energy_matrix_data",
      "nrows": 1,
      "global_index": 1,
      "identifier": [
        "EN15804",
        "inventory indicators ISO21930",
        "recovered energy"
      ],
      "category": "vector"
    }
  ],
  "created": "2024-06-16T12:09:03.605001+00:00Z",
  "combinatorial": false,
  "sequential": false,
  "seed": null,
  "sum_intra_duplicates": true,
  "sum_inter_duplicates": false,
  "matrix_serialize_format_type": "numpy"
}