{
  "profile": "data-package",
  "name": "ef-v31-en15804aa.135223ef5be93cd5040075772d7d5d76.zip",
  "id": "a7f3cebcb3b84f2d99f6d8374677a8cc",
  "licenses": [
    {
      "name": "ODC-PDDL-1.0",
      "path": "http://opendatacommons.org/licenses/pddl/",
      "title": "Open Data Commons Public Domain Dedication and License v1.0"
    }
  ],
  "resources": [
    {
      "profile": "data-resource",
      "format": "npy",
      "mediatype": "application/octet-stream",
      "name": "EF_v3.1_EN15804_acidification_accumulated_exceedance_AE_matrix_data.indices",
      "matrix": "characterization_matrix",
      "kind": "indices",
      "path": "EF_v3.1_EN15804_acidification_accumulated_exceedance_AE_matrix_data.indices.npy",
      "group": "EF_v3.1_EN15804_acidification_accumulated_exceedance_AE_matrix_data",
      "nrows": 20,
      "global_index": 1,
      "identifier": [
        "EF v3.1 EN15804",
        "acidification",
        "accumulated exceedance (AE)"
      ],
      "category": "vector"
    },
    {
      "profile": "data-resource",
      "format": "npy",
      "mediatype": "application/octet-stream",
      "name": "EF_v3.1_EN15804_acidification_accumulated_exceedance_AE_matrix_data.data",
      "matrix": "characterization_matrix",
      "kind": "data",
      "path": "EF_v3.1_EN15804_acidification_accumulated_exceedance_AE_matrix_data.data.npy",
      "group": "EF_v3.1_EN15804_acidification_accumulated_exceedance_AE_matrix_data",
      "nrows": 20,
      "global_index": 1,
      "identifier": [
        "EF v3.1 EN15804",
        "acidification",
        "accumulated exceedance (AE)"
      ],
      "category": "vector"
    }
  ],
  "created": "2024-06-16T12:09:03.494265+00:00Z",
  "combinatorial": false,
  "sequential": false,
  "seed": null,
  "sum_intra_duplicates": true,
  "sum_inter_duplicates": false,
  "matrix_serialize_format_type": "numpy"
}