{
  "profile": "data-package",
  "name": "ipcc-2021cg.bef6605ce518d3ce23bcb497dfa7e0ee.zip",
  "id": "f30eff95d5754534807c52080640d362",
  "licenses": [
    {
      "name": "ODC-PDDL-1.0",
      "path": "http://opendatacommons.org/licenses/pddl/",
      "title": "Open Data Commons Public Domain Dedication and License v1.0"
    }
  ],
  "resources": [
    {
      "profile": "data-resource",
      "format": "npy",
      "mediatype": "application/octet-stream",
      "name": "IPCC_2021_climate_change_biogenic_global_warming_potential_GWP20_matrix_data.indices",
      "matrix": "characterization_matrix",
      "kind": "indices",
      "path": "IPCC_2021_climate_change_biogenic_global_warming_potential_GWP20_matrix_data.indices.npy",
      "group": "IPCC_2021_climate_change_biogenic_global_warming_potential_GWP20_matrix_data",
      "nrows": 4,
      "global_index": 1,
      "identifier": [
        "IPCC 2021",
        "climate change: biogenic",
        "global warming potential (GWP20)"
      ],
      "category": "vector"
    },
    {
      "profile": "data-resource",
      "format": "npy",
      "mediatype": "application/octet-stream",
      "name": "IPCC_2021_climate_change_biogenic_global_warming_potential_GWP20_matrix_data.data",
      "matrix": "characterization_matrix",
      "kind": "data",
      "path": "IPCC_2021_climate_change_biogenic_global_warming_potential_GWP20_matrix_data.data.npy",
      "group": "IPCC_2021_climate_change_biogenic_global_warming_potential_GWP20_matrix_data",
      "nrows": 4,
      "global_index": 1,
      "identifier": [
        "IPCC 2021",
        "climate change: biogenic",
        "global warming potential (GWP20)"
      ],
      "category": "vector"
    }
  ],
  "created": "2024-06-16T12:09:02.243174+00:00Z",
  "combinatorial": false,
  "sequential": false,
  "seed": null,
  "sum_intra_duplicates": true,
  "sum_inter_duplicates": false,
  "matrix_serialize_format_type": "numpy"
}