{
  "profile": "data-package",
  "name": "ecological-scarcity-2021ea.bf636c0d3448e65da201690b6c6106e1.zip",
  "id": "dfa6bd0523ad4573a1084b20415f3506",
  "licenses": [
    {
      "name": "ODC-PDDL-1.0",
      "path": "http://opendatacommons.org/licenses/pddl/",
      "title": "Open Data Commons Public Domain Dedication and License v1.0"
    }
  ],
  "resources": [
    {
      "profile": "data-resource",
      "format": "npy",
      "mediatype": "application/octet-stream",
      "name": "Ecological_Scarcity_2021_emissions_to_air_air_pollutants_and_PM_matrix_data.indices",
      "matrix": "characterization_matrix",
      "kind": "indices",
      "path": "Ecological_Scarcity_2021_emissions_to_air_air_pollutants_and_PM_matrix_data.indices.npy",
      "group": "Ecological_Scarcity_2021_emissions_to_air_air_pollutants_and_PM_matrix_data",
      "nrows": 359,
      "global_index": 1,
      "identifier": [
        "Ecological Scarcity 2021",
        "emissions to air",
        "air pollutants and PM"
      ],
      "category": "vector"
    },
    {
      "profile": "data-resource",
      "format": "npy",
      "mediatype": "application/octet-stream",
      "name": "Ecological_Scarcity_2021_emissions_to_air_air_pollutants_and_PM_matrix_data.data",
      "matrix": "characterization_matrix",
      "kind": "data",
      "path": "Ecological_Scarcity_2021_emissions_to_air_air_pollutants_and_PM_matrix_data.data.npy",
      "group": "Ecological_Scarcity_2021_emissions_to_air_air_pollutants_and_PM_matrix_data",
      "nrows": 359,
      "global_index": 1,
      "identifier": [
        "Ecological Scarcity 2021",
        "emissions to air",
        "air pollutants and PM"
      ],
      "category": "vector"
    }
  ],
  "created": "2024-06-16T12:09:01.593878+00:00Z",
  "combinatorial": false,
  "sequential": false,
  "seed": null,
  "sum_intra_duplicates": true,
  "sum_inter_duplicates": false,
  "matrix_serialize_format_type": "numpy"
}