{
  "profile": "data-package",
  "name": "cml-v48-2016-no-ltcg.ef26e472ac5329eeba834f793ba181a9.zip",
  "id": "55a260dec76a4c048fa2b0485f672620",
  "licenses": [
    {
      "name": "ODC-PDDL-1.0",
      "path": "http://opendatacommons.org/licenses/pddl/",
      "title": "Open Data Commons Public Domain Dedication and License v1.0"
    }
  ],
  "resources": [
    {
      "profile": "data-resource",
      "format": "npy",
      "mediatype": "application/octet-stream",
      "name": "CML_v4.8_2016_no_LT_climate_change_no_LT_global_warming_potential_GWP100_no_LT_matrix_data.indices",
      "matrix": "characterization_matrix",
      "kind": "indices",
      "path": "CML_v4.8_2016_no_LT_climate_change_no_LT_global_warming_potential_GWP100_no_LT_matrix_data.indices.npy",
      "group": "CML_v4.8_2016_no_LT_climate_change_no_LT_global_warming_potential_GWP100_no_LT_matrix_data",
      "nrows": 115,
      "global_index": 1,
      "identifier": [
        "CML v4.8 2016 no LT",
        "climate change no LT",
        "global warming potential (GWP100) no LT"
      ],
      "category": "vector"
    },
    {
      "profile": "data-resource",
      "format": "npy",
      "mediatype": "application/octet-stream",
      "name": "CML_v4.8_2016_no_LT_climate_change_no_LT_global_warming_potential_GWP100_no_LT_matrix_data.data",
      "matrix": "characterization_matrix",
      "kind": "data",
      "path": "CML_v4.8_2016_no_LT_climate_change_no_LT_global_warming_potential_GWP100_no_LT_matrix_data.data.npy",
      "group": "CML_v4.8_2016_no_LT_climate_change_no_LT_global_warming_potential_GWP100_no_LT_matrix_data",
      "nrows": 115,
      "global_index": 1,
      "identifier": [
        "CML v4.8 2016 no LT",
        "climate change no LT",
        "global warming potential (GWP100) no LT"
      ],
      "category": "vector"
    }
  ],
  "created": "2024-06-16T12:09:01.461958+00:00Z",
  "combinatorial": false,
  "sequential": false,
  "seed": null,
  "sum_intra_duplicates": true,
  "sum_inter_duplicates": false,
  "matrix_serialize_format_type": "numpy"
}