{
  "profile": "data-package",
  "name": "cumulative-energy-demand-cedee.cf2069e2e31e1939a43785f274858b25.zip",
  "id": "4ca1f9170f3044b79970b630c23e1ed8",
  "licenses": [
    {
      "name": "ODC-PDDL-1.0",
      "path": "http://opendatacommons.org/licenses/pddl/",
      "title": "Open Data Commons Public Domain Dedication and License v1.0"
    }
  ],
  "resources": [
    {
      "profile": "data-resource",
      "format": "npy",
      "mediatype": "application/octet-stream",
      "name": "Cumulative_Energy_Demand_CED_energy_resources_renewable_geothermal_solar_wind_energy_content_HHV_matrix_data.indices",
      "matrix": "characterization_matrix",
      "kind": "indices",
      "path": "Cumulative_Energy_Demand_CED_energy_resources_renewable_geothermal_solar_wind_energy_content_HHV_matrix_data.indices.npy",
      "group": "Cumulative_Energy_Demand_CED_energy_resources_renewable_geothermal_solar_wind_energy_content_HHV_matrix_data",
      "nrows": 3,
      "global_index": 1,
      "identifier": [
        "Cumulative Energy Demand (CED)",
        "energy resources: renewable, geothermal, solar, wind",
        "energy content (HHV)"
      ],
      "category": "vector"
    },
    {
      "profile": "data-resource",
      "format": "npy",
      "mediatype": "application/octet-stream",
      "name": "Cumulative_Energy_Demand_CED_energy_resources_renewable_geothermal_solar_wind_energy_content_HHV_matrix_data.data",
      "matrix": "characterization_matrix",
      "kind": "data",
      "path": "Cumulative_Energy_Demand_CED_energy_resources_renewable_geothermal_solar_wind_energy_content_HHV_matrix_data.data.npy",
      "group": "Cumulative_Energy_Demand_CED_energy_resources_renewable_geothermal_solar_wind_energy_content_HHV_matrix_data",
      "nrows": 3,
      "global_index": 1,
      "identifier": [
        "Cumulative Energy Demand (CED)",
        "energy resources: renewable, geothermal, solar, wind",
        "energy content (HHV)"
      ],
      "category": "vector"
    }
  ],
  "created": "2024-06-16T12:09:01.518729+00:00Z",
  "combinatorial": false,
  "sequential": false,
  "seed": null,
  "sum_intra_duplicates": true,
  "sum_inter_duplicates": false,
  "matrix_serialize_format_type": "numpy"
}