{
  "profile": "data-package",
  "name": "inventory-results-and-indicatorset.6931862f30f3886aae6d8ea19087eb4b.zip",
  "id": "166a725730f04cc280f067d80114266b",
  "licenses": [
    {
      "name": "ODC-PDDL-1.0",
      "path": "http://opendatacommons.org/licenses/pddl/",
      "title": "Open Data Commons Public Domain Dedication and License v1.0"
    }
  ],
  "resources": [
    {
      "profile": "data-resource",
      "format": "npy",
      "mediatype": "application/octet-stream",
      "name": "Inventory_results_and_indicators_emissions_to_water_total_radioactive_emissions_matrix_data.indices",
      "matrix": "characterization_matrix",
      "kind": "indices",
      "path": "Inventory_results_and_indicators_emissions_to_water_total_radioactive_emissions_matrix_data.indices.npy",
      "group": "Inventory_results_and_indicators_emissions_to_water_total_radioactive_emissions_matrix_data",
      "nrows": 315,
      "global_index": 1,
      "identifier": [
        "Inventory results and indicators",
        "emissions to water",
        "total radioactive emissions"
      ],
      "category": "vector"
    },
    {
      "profile": "data-resource",
      "format": "npy",
      "mediatype": "application/octet-stream",
      "name": "Inventory_results_and_indicators_emissions_to_water_total_radioactive_emissions_matrix_data.data",
      "matrix": "characterization_matrix",
      "kind": "data",
      "path": "Inventory_results_and_indicators_emissions_to_water_total_radioactive_emissions_matrix_data.data.npy",
      "group": "Inventory_results_and_indicators_emissions_to_water_total_radioactive_emissions_matrix_data",
      "nrows": 315,
      "global_index": 1,
      "identifier": [
        "Inventory results and indicators",
        "emissions to water",
        "total radioactive emissions"
      ],
      "category": "vector"
    }
  ],
  "created": "2024-06-16T12:09:02.107339+00:00Z",
  "combinatorial": false,
  "sequential": false,
  "seed": null,
  "sum_intra_duplicates": true,
  "sum_inter_duplicates": false,
  "matrix_serialize_format_type": "numpy"
}