{
  "profile": "data-package",
  "name": "recipe-2016-v103-midpoint-h-no-ltoo.daf8277b488fc78c34fdee7453c20b22.zip",
  "id": "2f62f22f631f4c0e9712b25d87e50cb1",
  "licenses": [
    {
      "name": "ODC-PDDL-1.0",
      "path": "http://opendatacommons.org/licenses/pddl/",
      "title": "Open Data Commons Public Domain Dedication and License v1.0"
    }
  ],
  "resources": [
    {
      "profile": "data-resource",
      "format": "npy",
      "mediatype": "application/octet-stream",
      "name": "ReCiPe_2016_v1.03_midpoint_H_no_LT_ozone_depletion_no_LT_ozone_depletion_potential_ODPinfinite_no_LT_matrix_data.indices",
      "matrix": "characterization_matrix",
      "kind": "indices",
      "path": "ReCiPe_2016_v1.03_midpoint_H_no_LT_ozone_depletion_no_LT_ozone_depletion_potential_ODPinfinite_no_LT_matrix_data.indices.npy",
      "group": "ReCiPe_2016_v1.03_midpoint_H_no_LT_ozone_depletion_no_LT_ozone_depletion_potential_ODPinfinite_no_LT_matrix_data",
      "nrows": 43,
      "global_index": 1,
      "identifier": [
        "ReCiPe 2016 v1.03, midpoint (H) no LT",
        "ozone depletion no LT",
        "ozone depletion potential (ODPinfinite) no LT"
      ],
      "category": "vector"
    },
    {
      "profile": "data-resource",
      "format": "npy",
      "mediatype": "application/octet-stream",
      "name": "ReCiPe_2016_v1.03_midpoint_H_no_LT_ozone_depletion_no_LT_ozone_depletion_potential_ODPinfinite_no_LT_matrix_data.data",
      "matrix": "characterization_matrix",
      "kind": "data",
      "path": "ReCiPe_2016_v1.03_midpoint_H_no_LT_ozone_depletion_no_LT_ozone_depletion_potential_ODPinfinite_no_LT_matrix_data.data.npy",
      "group": "ReCiPe_2016_v1.03_midpoint_H_no_LT_ozone_depletion_no_LT_ozone_depletion_potential_ODPinfinite_no_LT_matrix_data",
      "nrows": 43,
      "global_index": 1,
      "identifier": [
        "ReCiPe 2016 v1.03, midpoint (H) no LT",
        "ozone depletion no LT",
        "ozone depletion potential (ODPinfinite) no LT"
      ],
      "category": "vector"
    }
  ],
  "created": "2024-06-16T12:09:03.035401+00:00Z",
  "combinatorial": false,
  "sequential": false,
  "seed": null,
  "sum_intra_duplicates": true,
  "sum_inter_duplicates": false,
  "matrix_serialize_format_type": "numpy"
}