{
  "profile": "data-package",
  "name": "inventory-results-and-indicatorsrw.e82159debf9108dc1febc3f4674f5e3f.zip",
  "id": "b7a9d9118b464d00a122df4a85b25752",
  "licenses": [
    {
      "name": "ODC-PDDL-1.0",
      "path": "http://opendatacommons.org/licenses/pddl/",
      "title": "Open Data Commons Public Domain Dedication and License v1.0"
    }
  ],
  "resources": [
    {
      "profile": "data-resource",
      "format": "npy",
      "mediatype": "application/octet-stream",
      "name": "Inventory_results_and_indicators_resources_water_extraction_undefined_matrix_data.indices",
      "matrix": "characterization_matrix",
      "kind": "indices",
      "path": "Inventory_results_and_indicators_resources_water_extraction_undefined_matrix_data.indices.npy",
      "group": "Inventory_results_and_indicators_resources_water_extraction_undefined_matrix_data",
      "nrows": 1,
      "global_index": 1,
      "identifier": [
        "Inventory results and indicators",
        "resources",
        "water extraction, undefined"
      ],
      "category": "vector"
    },
    {
      "profile": "data-resource",
      "format": "npy",
      "mediatype": "application/octet-stream",
      "name": "Inventory_results_and_indicators_resources_water_extraction_undefined_matrix_data.data",
      "matrix": "characterization_matrix",
      "kind": "data",
      "path": "Inventory_results_and_indicators_resources_water_extraction_undefined_matrix_data.data.npy",
      "group": "Inventory_results_and_indicators_resources_water_extraction_undefined_matrix_data",
      "nrows": 1,
      "global_index": 1,
      "identifier": [
        "Inventory results and indicators",
        "resources",
        "water extraction, undefined"
      ],
      "category": "vector"
    }
  ],
  "created": "2024-06-16T12:09:02.062628+00:00Z",
  "combinatorial": false,
  "sequential": false,
  "seed": null,
  "sum_intra_duplicates": true,
  "sum_inter_duplicates": false,
  "matrix_serialize_format_type": "numpy"
}