{
  "profile": "data-package",
  "name": "ef-v30-no-ltoo.bb0448c930bc5071a7fc85d9937a2c10.zip",
  "id": "01c2b52d2eeb4345ac62b7a866b7e879",
  "licenses": [
    {
      "name": "ODC-PDDL-1.0",
      "path": "http://opendatacommons.org/licenses/pddl/",
      "title": "Open Data Commons Public Domain Dedication and License v1.0"
    }
  ],
  "resources": [
    {
      "profile": "data-resource",
      "format": "npy",
      "mediatype": "application/octet-stream",
      "name": "EF_v3.0_no_LT_ozone_depletion_no_LT_ozone_depletion_potential_ODP_no_LT_matrix_data.indices",
      "matrix": "characterization_matrix",
      "kind": "indices",
      "path": "EF_v3.0_no_LT_ozone_depletion_no_LT_ozone_depletion_potential_ODP_no_LT_matrix_data.indices.npy",
      "group": "EF_v3.0_no_LT_ozone_depletion_no_LT_ozone_depletion_potential_ODP_no_LT_matrix_data",
      "nrows": 46,
      "global_index": 1,
      "identifier": [
        "EF v3.0 no LT",
        "ozone depletion no LT",
        "ozone depletion potential (ODP) no LT"
      ],
      "category": "vector"
    },
    {
      "profile": "data-resource",
      "format": "npy",
      "mediatype": "application/octet-stream",
      "name": "EF_v3.0_no_LT_ozone_depletion_no_LT_ozone_depletion_potential_ODP_no_LT_matrix_data.data",
      "matrix": "characterization_matrix",
      "kind": "data",
      "path": "EF_v3.0_no_LT_ozone_depletion_no_LT_ozone_depletion_potential_ODP_no_LT_matrix_data.data.npy",
      "group": "EF_v3.0_no_LT_ozone_depletion_no_LT_ozone_depletion_potential_ODP_no_LT_matrix_data",
      "nrows": 46,
      "global_index": 1,
      "identifier": [
        "EF v3.0 no LT",
        "ozone depletion no LT",
        "ozone depletion potential (ODP) no LT"
      ],
      "category": "vector"
    }
  ],
  "created": "2024-06-16T12:09:01.716212+00:00Z",
  "combinatorial": false,
  "sequential": false,
  "seed": null,
  "sum_intra_duplicates": true,
  "sum_inter_duplicates": false,
  "matrix_serialize_format_type": "numpy"
}