{
  "profile": "data-package",
  "name": "ef-v31-en15804pi.5bfeb7d5bb0388dfdcbd6356bd3cadc0.zip",
  "id": "fd1b6cdf6bfe425381cee421899f1ead",
  "licenses": [
    {
      "name": "ODC-PDDL-1.0",
      "path": "http://opendatacommons.org/licenses/pddl/",
      "title": "Open Data Commons Public Domain Dedication and License v1.0"
    }
  ],
  "resources": [
    {
      "profile": "data-resource",
      "format": "npy",
      "mediatype": "application/octet-stream",
      "name": "EF_v3.1_EN15804_particulate_matter_formation_impact_on_human_health_matrix_data.indices",
      "matrix": "characterization_matrix",
      "kind": "indices",
      "path": "EF_v3.1_EN15804_particulate_matter_formation_impact_on_human_health_matrix_data.indices.npy",
      "group": "EF_v3.1_EN15804_particulate_matter_formation_impact_on_human_health_matrix_data",
      "nrows": 27,
      "global_index": 1,
      "identifier": [
        "EF v3.1 EN15804",
        "particulate matter formation",
        "impact on human health"
      ],
      "category": "vector"
    },
    {
      "profile": "data-resource",
      "format": "npy",
      "mediatype": "application/octet-stream",
      "name": "EF_v3.1_EN15804_particulate_matter_formation_impact_on_human_health_matrix_data.data",
      "matrix": "characterization_matrix",
      "kind": "data",
      "path": "EF_v3.1_EN15804_particulate_matter_formation_impact_on_human_health_matrix_data.data.npy",
      "group": "EF_v3.1_EN15804_particulate_matter_formation_impact_on_human_health_matrix_data",
      "nrows": 27,
      "global_index": 1,
      "identifier": [
        "EF v3.1 EN15804",
        "particulate matter formation",
        "impact on human health"
      ],
      "category": "vector"
    }
  ],
  "created": "2024-06-16T12:09:03.566109+00:00Z",
  "combinatorial": false,
  "sequential": false,
  "seed": null,
  "sum_intra_duplicates": true,
  "sum_inter_duplicates": false,
  "matrix_serialize_format_type": "numpy"
}