{
  "profile": "data-package",
  "name": "ipcc-2021-no-ltcg.3193d049c6e9a855f68d80a9aa3c8a69.zip",
  "id": "9e0231a423dd4427a7ff3f2e8933c89c",
  "licenses": [
    {
      "name": "ODC-PDDL-1.0",
      "path": "http://opendatacommons.org/licenses/pddl/",
      "title": "Open Data Commons Public Domain Dedication and License v1.0"
    }
  ],
  "resources": [
    {
      "profile": "data-resource",
      "format": "npy",
      "mediatype": "application/octet-stream",
      "name": "IPCC_2021_no_LT_climate_change_fossil_including_SLCFs_no_LT_global_warming_potential_GWP100_no_LT_matrix_data.indices",
      "matrix": "characterization_matrix",
      "kind": "indices",
      "path": "IPCC_2021_no_LT_climate_change_fossil_including_SLCFs_no_LT_global_warming_potential_GWP100_no_LT_matrix_data.indices.npy",
      "group": "IPCC_2021_no_LT_climate_change_fossil_including_SLCFs_no_LT_global_warming_potential_GWP100_no_LT_matrix_data",
      "nrows": 133,
      "global_index": 1,
      "identifier": [
        "IPCC 2021 no LT",
        "climate change: fossil, including SLCFs no LT",
        "global warming potential (GWP100) no LT"
      ],
      "category": "vector"
    },
    {
      "profile": "data-resource",
      "format": "npy",
      "mediatype": "application/octet-stream",
      "name": "IPCC_2021_no_LT_climate_change_fossil_including_SLCFs_no_LT_global_warming_potential_GWP100_no_LT_matrix_data.data",
      "matrix": "characterization_matrix",
      "kind": "data",
      "path": "IPCC_2021_no_LT_climate_change_fossil_including_SLCFs_no_LT_global_warming_potential_GWP100_no_LT_matrix_data.data.npy",
      "group": "IPCC_2021_no_LT_climate_change_fossil_including_SLCFs_no_LT_global_warming_potential_GWP100_no_LT_matrix_data",
      "nrows": 133,
      "global_index": 1,
      "identifier": [
        "IPCC 2021 no LT",
        "climate change: fossil, including SLCFs no LT",
        "global warming potential (GWP100) no LT"
      ],
      "category": "vector"
    }
  ],
  "created": "2024-06-16T12:09:02.193330+00:00Z",
  "combinatorial": false,
  "sequential": false,
  "seed": null,
  "sum_intra_duplicates": true,
  "sum_inter_duplicates": false,
  "matrix_serialize_format_type": "numpy"
}