{
  "profile": "data-package",
  "name": "recipe-2016-v103-endpoint-eee.14e6857940d2d44cd8b31a5685b395b7.zip",
  "id": "effe0a749c624951bd44217328405d48",
  "licenses": [
    {
      "name": "ODC-PDDL-1.0",
      "path": "http://opendatacommons.org/licenses/pddl/",
      "title": "Open Data Commons Public Domain Dedication and License v1.0"
    }
  ],
  "resources": [
    {
      "profile": "data-resource",
      "format": "npy",
      "mediatype": "application/octet-stream",
      "name": "ReCiPe_2016_v1.03_endpoint_E_ecosystem_quality_eutrophication_marine_matrix_data.indices",
      "matrix": "characterization_matrix",
      "kind": "indices",
      "path": "ReCiPe_2016_v1.03_endpoint_E_ecosystem_quality_eutrophication_marine_matrix_data.indices.npy",
      "group": "ReCiPe_2016_v1.03_endpoint_E_ecosystem_quality_eutrophication_marine_matrix_data",
      "nrows": 22,
      "global_index": 1,
      "identifier": [
        "ReCiPe 2016 v1.03, endpoint (E)",
        "ecosystem quality",
        "eutrophication: marine"
      ],
      "category": "vector"
    },
    {
      "profile": "data-resource",
      "format": "npy",
      "mediatype": "application/octet-stream",
      "name": "ReCiPe_2016_v1.03_endpoint_E_ecosystem_quality_eutrophication_marine_matrix_data.data",
      "matrix": "characterization_matrix",
      "kind": "data",
      "path": "ReCiPe_2016_v1.03_endpoint_E_ecosystem_quality_eutrophication_marine_matrix_data.data.npy",
      "group": "ReCiPe_2016_v1.03_endpoint_E_ecosystem_quality_eutrophication_marine_matrix_data",
      "nrows": 22,
      "global_index": 1,
      "identifier": [
        "ReCiPe 2016 v1.03, endpoint (E)",
        "ecosystem quality",
        "eutrophication: marine"
      ],
      "category": "vector"
    }
  ],
  "created": "2024-06-16T12:09:02.428400+00:00Z",
  "combinatorial": false,
  "sequential": false,
  "seed": null,
  "sum_intra_duplicates": true,
  "sum_inter_duplicates": false,
  "matrix_serialize_format_type": "numpy"
}