{
  "profile": "data-package",
  "name": "usetox-v213-midpoint-no-lthc.471fc608a62404f67838bd6d13b85002.zip",
  "id": "548c6039a9b6408c9f74f26eb8021c19",
  "licenses": [
    {
      "name": "ODC-PDDL-1.0",
      "path": "http://opendatacommons.org/licenses/pddl/",
      "title": "Open Data Commons Public Domain Dedication and License v1.0"
    }
  ],
  "resources": [
    {
      "profile": "data-resource",
      "format": "npy",
      "mediatype": "application/octet-stream",
      "name": "USEtox_v2.13_midpoint_no_LT_human_toxicity_non-carcinogenic_no_LT_comparative_toxic_unit_for_human_CTUh_no_LT_matrix_data.indices",
      "matrix": "characterization_matrix",
      "kind": "indices",
      "path": "USEtox_v2.13_midpoint_no_LT_human_toxicity_non-carcinogenic_no_LT_comparative_toxic_unit_for_human_CTUh_no_LT_matrix_data.indices.npy",
      "group": "USEtox_v2.13_midpoint_no_LT_human_toxicity_non-carcinogenic_no_LT_comparative_toxic_unit_for_human_CTUh_no_LT_matrix_data",
      "nrows": 937,
      "global_index": 1,
      "identifier": [
        "USEtox v2.13, midpoint no LT",
        "human toxicity: non-carcinogenic no LT",
        "comparative toxic unit for human (CTUh) no LT"
      ],
      "category": "vector"
    },
    {
      "profile": "data-resource",
      "format": "npy",
      "mediatype": "application/octet-stream",
      "name": "USEtox_v2.13_midpoint_no_LT_human_toxicity_non-carcinogenic_no_LT_comparative_toxic_unit_for_human_CTUh_no_LT_matrix_data.data",
      "matrix": "characterization_matrix",
      "kind": "data",
      "path": "USEtox_v2.13_midpoint_no_LT_human_toxicity_non-carcinogenic_no_LT_comparative_toxic_unit_for_human_CTUh_no_LT_matrix_data.data.npy",
      "group": "USEtox_v2.13_midpoint_no_LT_human_toxicity_non-carcinogenic_no_LT_comparative_toxic_unit_for_human_CTUh_no_LT_matrix_data",
      "nrows": 937,
      "global_index": 1,
      "identifier": [
        "USEtox v2.13, midpoint no LT",
        "human toxicity: non-carcinogenic no LT",
        "comparative toxic unit for human (CTUh) no LT"
      ],
      "category": "vector"
    }
  ],
  "created": "2024-06-16T12:09:03.390135+00:00Z",
  "combinatorial": false,
  "sequential": false,
  "seed": null,
  "sum_intra_duplicates": true,
  "sum_inter_duplicates": false,
  "matrix_serialize_format_type": "numpy"
}