{
  "profile": "data-package",
  "name": "traci-v21oo.0706f7e8c43cba628c1e12f871c4daf0.zip",
  "id": "fbf75bff1c9649c1b3cf3ac4aed4b31c",
  "licenses": [
    {
      "name": "ODC-PDDL-1.0",
      "path": "http://opendatacommons.org/licenses/pddl/",
      "title": "Open Data Commons Public Domain Dedication and License v1.0"
    }
  ],
  "resources": [
    {
      "profile": "data-resource",
      "format": "npy",
      "mediatype": "application/octet-stream",
      "name": "TRACI_v2.1_ozone_depletion_ozone_depletion_potential_ODP_matrix_data.indices",
      "matrix": "characterization_matrix",
      "kind": "indices",
      "path": "TRACI_v2.1_ozone_depletion_ozone_depletion_potential_ODP_matrix_data.indices.npy",
      "group": "TRACI_v2.1_ozone_depletion_ozone_depletion_potential_ODP_matrix_data",
      "nrows": 77,
      "global_index": 1,
      "identifier": [
        "TRACI v2.1",
        "ozone depletion",
        "ozone depletion potential (ODP)"
      ],
      "category": "vector"
    },
    {
      "profile": "data-resource",
      "format": "npy",
      "mediatype": "application/octet-stream",
      "name": "TRACI_v2.1_ozone_depletion_ozone_depletion_potential_ODP_matrix_data.data",
      "matrix": "characterization_matrix",
      "kind": "data",
      "path": "TRACI_v2.1_ozone_depletion_ozone_depletion_potential_ODP_matrix_data.data.npy",
      "group": "TRACI_v2.1_ozone_depletion_ozone_depletion_potential_ODP_matrix_data",
      "nrows": 77,
      "global_index": 1,
      "identifier": [
        "TRACI v2.1",
        "ozone depletion",
        "ozone depletion potential (ODP)"
      ],
      "category": "vector"
    }
  ],
  "created": "2024-06-16T12:09:03.333257+00:00Z",
  "combinatorial": false,
  "sequential": false,
  "seed": null,
  "sum_intra_duplicates": true,
  "sum_inter_duplicates": false,
  "matrix_serialize_format_type": "numpy"
}