{
  "profile": "data-package",
  "name": "traci-v21ee.b58d40700555079c1b8ce5d18ce06a49.zip",
  "id": "172d52de2e2a4b6196981f1487910435",
  "licenses": [
    {
      "name": "ODC-PDDL-1.0",
      "path": "http://opendatacommons.org/licenses/pddl/",
      "title": "Open Data Commons Public Domain Dedication and License v1.0"
    }
  ],
  "resources": [
    {
      "profile": "data-resource",
      "format": "npy",
      "mediatype": "application/octet-stream",
      "name": "TRACI_v2.1_ecotoxicity_freshwater_ecotoxicity_freshwater_matrix_data.indices",
      "matrix": "characterization_matrix",
      "kind": "indices",
      "path": "TRACI_v2.1_ecotoxicity_freshwater_ecotoxicity_freshwater_matrix_data.indices.npy",
      "group": "TRACI_v2.1_ecotoxicity_freshwater_ecotoxicity_freshwater_matrix_data",
      "nrows": 1879,
      "global_index": 1,
      "identifier": [
        "TRACI v2.1",
        "ecotoxicity: freshwater",
        "ecotoxicity: freshwater"
      ],
      "category": "vector"
    },
    {
      "profile": "data-resource",
      "format": "npy",
      "mediatype": "application/octet-stream",
      "name": "TRACI_v2.1_ecotoxicity_freshwater_ecotoxicity_freshwater_matrix_data.data",
      "matrix": "characterization_matrix",
      "kind": "data",
      "path": "TRACI_v2.1_ecotoxicity_freshwater_ecotoxicity_freshwater_matrix_data.data.npy",
      "group": "TRACI_v2.1_ecotoxicity_freshwater_ecotoxicity_freshwater_matrix_data",
      "nrows": 1879,
      "global_index": 1,
      "identifier": [
        "TRACI v2.1",
        "ecotoxicity: freshwater",
        "ecotoxicity: freshwater"
      ],
      "category": "vector"
    }
  ],
  "created": "2024-06-16T12:09:03.313054+00:00Z",
  "combinatorial": false,
  "sequential": false,
  "seed": null,
  "sum_intra_duplicates": true,
  "sum_inter_duplicates": false,
  "matrix_serialize_format_type": "numpy"
}