{
  "profile": "data-package",
  "name": "recipe-2016-v103-midpoint-h-no-ltii.b7ab7bca8cb17d6281fd508b4b787c3e.zip",
  "id": "5841549b0b5b4613919b8a5f60dab685",
  "licenses": [
    {
      "name": "ODC-PDDL-1.0",
      "path": "http://opendatacommons.org/licenses/pddl/",
      "title": "Open Data Commons Public Domain Dedication and License v1.0"
    }
  ],
  "resources": [
    {
      "profile": "data-resource",
      "format": "npy",
      "mediatype": "application/octet-stream",
      "name": "ReCiPe_2016_v1.03_midpoint_H_no_LT_ionising_radiation_no_LT_ionising_radiation_potential_IRP_no_LT_matrix_data.indices",
      "matrix": "characterization_matrix",
      "kind": "indices",
      "path": "ReCiPe_2016_v1.03_midpoint_H_no_LT_ionising_radiation_no_LT_ionising_radiation_potential_IRP_no_LT_matrix_data.indices.npy",
      "group": "ReCiPe_2016_v1.03_midpoint_H_no_LT_ionising_radiation_no_LT_ionising_radiation_potential_IRP_no_LT_matrix_data",
      "nrows": 129,
      "global_index": 1,
      "identifier": [
        "ReCiPe 2016 v1.03, midpoint (H) no LT",
        "ionising radiation no LT",
        "ionising radiation potential (IRP) no LT"
      ],
      "category": "vector"
    },
    {
      "profile": "data-resource",
      "format": "npy",
      "mediatype": "application/octet-stream",
      "name": "ReCiPe_2016_v1.03_midpoint_H_no_LT_ionising_radiation_no_LT_ionising_radiation_potential_IRP_no_LT_matrix_data.data",
      "matrix": "characterization_matrix",
      "kind": "data",
      "path": "ReCiPe_2016_v1.03_midpoint_H_no_LT_ionising_radiation_no_LT_ionising_radiation_potential_IRP_no_LT_matrix_data.data.npy",
      "group": "ReCiPe_2016_v1.03_midpoint_H_no_LT_ionising_radiation_no_LT_ionising_radiation_potential_IRP_no_LT_matrix_data",
      "nrows": 129,
      "global_index": 1,
      "identifier": [
        "ReCiPe 2016 v1.03, midpoint (H) no LT",
        "ionising radiation no LT",
        "ionising radiation potential (IRP) no LT"
      ],
      "category": "vector"
    }
  ],
  "created": "2024-06-16T12:09:03.023901+00:00Z",
  "combinatorial": false,
  "sequential": false,
  "seed": null,
  "sum_intra_duplicates": true,
  "sum_inter_duplicates": false,
  "matrix_serialize_format_type": "numpy"
}