{
  "profile": "data-package",
  "name": "recipe-2016-v103-endpoint-iho.5492d25edd5f90f5e582042a9b30b739.zip",
  "id": "6cc43cd38e8748d395125f109b947b3d",
  "licenses": [
    {
      "name": "ODC-PDDL-1.0",
      "path": "http://opendatacommons.org/licenses/pddl/",
      "title": "Open Data Commons Public Domain Dedication and License v1.0"
    }
  ],
  "resources": [
    {
      "profile": "data-resource",
      "format": "npy",
      "mediatype": "application/octet-stream",
      "name": "ReCiPe_2016_v1.03_endpoint_I_human_health_ozone_depletion_matrix_data.indices",
      "matrix": "characterization_matrix",
      "kind": "indices",
      "path": "ReCiPe_2016_v1.03_endpoint_I_human_health_ozone_depletion_matrix_data.indices.npy",
      "group": "ReCiPe_2016_v1.03_endpoint_I_human_health_ozone_depletion_matrix_data",
      "nrows": 50,
      "global_index": 1,
      "identifier": [
        "ReCiPe 2016 v1.03, endpoint (I)",
        "human health",
        "ozone depletion"
      ],
      "category": "vector"
    },
    {
      "profile": "data-resource",
      "format": "npy",
      "mediatype": "application/octet-stream",
      "name": "ReCiPe_2016_v1.03_endpoint_I_human_health_ozone_depletion_matrix_data.data",
      "matrix": "characterization_matrix",
      "kind": "data",
      "path": "ReCiPe_2016_v1.03_endpoint_I_human_health_ozone_depletion_matrix_data.data.npy",
      "group": "ReCiPe_2016_v1.03_endpoint_I_human_health_ozone_depletion_matrix_data",
      "nrows": 50,
      "global_index": 1,
      "identifier": [
        "ReCiPe 2016 v1.03, endpoint (I)",
        "human health",
        "ozone depletion"
      ],
      "category": "vector"
    }
  ],
  "created": "2024-06-16T12:09:02.809781+00:00Z",
  "combinatorial": false,
  "sequential": false,
  "seed": null,
  "sum_intra_duplicates": true,
  "sum_inter_duplicates": false,
  "matrix_serialize_format_type": "numpy"
}