{
  "profile": "data-package",
  "name": "ecosystem-damage-potentialte.2237ccc1b3fc347f6633ba83fc0795e4.zip",
  "id": "2bcabaf98206409dbd09b11740c849de",
  "licenses": [
    {
      "name": "ODC-PDDL-1.0",
      "path": "http://opendatacommons.org/licenses/pddl/",
      "title": "Open Data Commons Public Domain Dedication and License v1.0"
    }
  ],
  "resources": [
    {
      "profile": "data-resource",
      "format": "npy",
      "mediatype": "application/octet-stream",
      "name": "Ecosystem_Damage_Potential_total_ecosystem_damage_potential_matrix_data.indices",
      "matrix": "characterization_matrix",
      "kind": "indices",
      "path": "Ecosystem_Damage_Potential_total_ecosystem_damage_potential_matrix_data.indices.npy",
      "group": "Ecosystem_Damage_Potential_total_ecosystem_damage_potential_matrix_data",
      "nrows": 165,
      "global_index": 1,
      "identifier": [
        "Ecosystem Damage Potential",
        "total",
        "ecosystem damage potential"
      ],
      "category": "vector"
    },
    {
      "profile": "data-resource",
      "format": "npy",
      "mediatype": "application/octet-stream",
      "name": "Ecosystem_Damage_Potential_total_ecosystem_damage_potential_matrix_data.data",
      "matrix": "characterization_matrix",
      "kind": "data",
      "path": "Ecosystem_Damage_Potential_total_ecosystem_damage_potential_matrix_data.data.npy",
      "group": "Ecosystem_Damage_Potential_total_ecosystem_damage_potential_matrix_data",
      "nrows": 165,
      "global_index": 1,
      "identifier": [
        "Ecosystem Damage Potential",
        "total",
        "ecosystem damage potential"
      ],
      "category": "vector"
    }
  ],
  "created": "2024-06-16T12:09:01.632390+00:00Z",
  "combinatorial": false,
  "sequential": false,
  "seed": null,
  "sum_intra_duplicates": true,
  "sum_inter_duplicates": false,
  "matrix_serialize_format_type": "numpy"
}