{
  "profile": "data-package",
  "name": "inventory-results-and-indicatorsec.a665d8b4647a084e530e497920a51c25.zip",
  "id": "4f90c8d4fa11417da85842dcef842e7a",
  "licenses": [
    {
      "name": "ODC-PDDL-1.0",
      "path": "http://opendatacommons.org/licenses/pddl/",
      "title": "Open Data Commons Public Domain Dedication and License v1.0"
    }
  ],
  "resources": [
    {
      "profile": "data-resource",
      "format": "npy",
      "mediatype": "application/octet-stream",
      "name": "Inventory_results_and_indicators_emissions_to_air_carbon_non-fossil_fixed_matrix_data.indices",
      "matrix": "characterization_matrix",
      "kind": "indices",
      "path": "Inventory_results_and_indicators_emissions_to_air_carbon_non-fossil_fixed_matrix_data.indices.npy",
      "group": "Inventory_results_and_indicators_emissions_to_air_carbon_non-fossil_fixed_matrix_data",
      "nrows": 14,
      "global_index": 1,
      "identifier": [
        "Inventory results and indicators",
        "emissions to air",
        "carbon, non-fossil, fixed"
      ],
      "category": "vector"
    },
    {
      "profile": "data-resource",
      "format": "npy",
      "mediatype": "application/octet-stream",
      "name": "Inventory_results_and_indicators_emissions_to_air_carbon_non-fossil_fixed_matrix_data.data",
      "matrix": "characterization_matrix",
      "kind": "data",
      "path": "Inventory_results_and_indicators_emissions_to_air_carbon_non-fossil_fixed_matrix_data.data.npy",
      "group": "Inventory_results_and_indicators_emissions_to_air_carbon_non-fossil_fixed_matrix_data",
      "nrows": 14,
      "global_index": 1,
      "identifier": [
        "Inventory results and indicators",
        "emissions to air",
        "carbon, non-fossil, fixed"
      ],
      "category": "vector"
    }
  ],
  "created": "2024-06-16T12:09:02.078103+00:00Z",
  "combinatorial": false,
  "sequential": false,
  "seed": null,
  "sum_intra_duplicates": true,
  "sum_inter_duplicates": false,
  "matrix_serialize_format_type": "numpy"
}