{
  "profile": "data-package",
  "name": "recipe-2016-v103-endpoint-hne.bf6445cf8597b36f704a2655641a42fa.zip",
  "id": "9c5de8465d544fbba4f880fb5972b62c",
  "licenses": [
    {
      "name": "ODC-PDDL-1.0",
      "path": "http://opendatacommons.org/licenses/pddl/",
      "title": "Open Data Commons Public Domain Dedication and License v1.0"
    }
  ],
  "resources": [
    {
      "profile": "data-resource",
      "format": "npy",
      "mediatype": "application/octet-stream",
      "name": "ReCiPe_2016_v1.03_endpoint_H_natural_resources_energy_resources_non-renewable_fossil_matrix_data.indices",
      "matrix": "characterization_matrix",
      "kind": "indices",
      "path": "ReCiPe_2016_v1.03_endpoint_H_natural_resources_energy_resources_non-renewable_fossil_matrix_data.indices.npy",
      "group": "ReCiPe_2016_v1.03_endpoint_H_natural_resources_energy_resources_non-renewable_fossil_matrix_data",
      "nrows": 4,
      "global_index": 1,
      "identifier": [
        "ReCiPe 2016 v1.03, endpoint (H)",
        "natural resources",
        "energy resources: non-renewable, fossil"
      ],
      "category": "vector"
    },
    {
      "profile": "data-resource",
      "format": "npy",
      "mediatype": "application/octet-stream",
      "name": "ReCiPe_2016_v1.03_endpoint_H_natural_resources_energy_resources_non-renewable_fossil_matrix_data.data",
      "matrix": "characterization_matrix",
      "kind": "data",
      "path": "ReCiPe_2016_v1.03_endpoint_H_natural_resources_energy_resources_non-renewable_fossil_matrix_data.data.npy",
      "group": "ReCiPe_2016_v1.03_endpoint_H_natural_resources_energy_resources_non-renewable_fossil_matrix_data",
      "nrows": 4,
      "global_index": 1,
      "identifier": [
        "ReCiPe 2016 v1.03, endpoint (H)",
        "natural resources",
        "energy resources: non-renewable, fossil"
      ],
      "category": "vector"
    }
  ],
  "created": "2024-06-16T12:09:02.643733+00:00Z",
  "combinatorial": false,
  "sequential": false,
  "seed": null,
  "sum_intra_duplicates": true,
  "sum_inter_duplicates": false,
  "matrix_serialize_format_type": "numpy"
}