{
  "profile": "data-package",
  "name": "cumulative-exergy-demand-cexdme.14bfea4e66e8855949f6ab42d136bd7e.zip",
  "id": "5ae9fa2277ec4914901dafd72fb48986",
  "licenses": [
    {
      "name": "ODC-PDDL-1.0",
      "path": "http://opendatacommons.org/licenses/pddl/",
      "title": "Open Data Commons Public Domain Dedication and License v1.0"
    }
  ],
  "resources": [
    {
      "profile": "data-resource",
      "format": "npy",
      "mediatype": "application/octet-stream",
      "name": "Cumulative_Exergy_Demand_CExD_material_resources_water_exergy_content_matrix_data.indices",
      "matrix": "characterization_matrix",
      "kind": "indices",
      "path": "Cumulative_Exergy_Demand_CExD_material_resources_water_exergy_content_matrix_data.indices.npy",
      "group": "Cumulative_Exergy_Demand_CExD_material_resources_water_exergy_content_matrix_data",
      "nrows": 6,
      "global_index": 1,
      "identifier": [
        "Cumulative Exergy Demand (CExD)",
        "material resources: water",
        "exergy content"
      ],
      "category": "vector"
    },
    {
      "profile": "data-resource",
      "format": "npy",
      "mediatype": "application/octet-stream",
      "name": "Cumulative_Exergy_Demand_CExD_material_resources_water_exergy_content_matrix_data.data",
      "matrix": "characterization_matrix",
      "kind": "data",
      "path": "Cumulative_Exergy_Demand_CExD_material_resources_water_exergy_content_matrix_data.data.npy",
      "group": "Cumulative_Exergy_Demand_CExD_material_resources_water_exergy_content_matrix_data",
      "nrows": 6,
      "global_index": 1,
      "identifier": [
        "Cumulative Exergy Demand (CExD)",
        "material resources: water",
        "exergy content"
      ],
      "category": "vector"
    }
  ],
  "created": "2024-06-16T12:09:01.543419+00:00Z",
  "combinatorial": false,
  "sequential": false,
  "seed": null,
  "sum_intra_duplicates": true,
  "sum_inter_duplicates": false,
  "matrix_serialize_format_type": "numpy"
}