{
  "profile": "data-package",
  "name": "eps-2020d-no-lttm.f0d0a882a6bd9a3dd336a353112641df.zip",
  "id": "12eb56869314461f9d5fcf232a36b6c4",
  "licenses": [
    {
      "name": "ODC-PDDL-1.0",
      "path": "http://opendatacommons.org/licenses/pddl/",
      "title": "Open Data Commons Public Domain Dedication and License v1.0"
    }
  ],
  "resources": [
    {
      "profile": "data-resource",
      "format": "npy",
      "mediatype": "application/octet-stream",
      "name": "EPS_2020d_no_LT_total_no_LT_monetary_impact_value_no_LT_matrix_data.indices",
      "matrix": "characterization_matrix",
      "kind": "indices",
      "path": "EPS_2020d_no_LT_total_no_LT_monetary_impact_value_no_LT_matrix_data.indices.npy",
      "group": "EPS_2020d_no_LT_total_no_LT_monetary_impact_value_no_LT_matrix_data",
      "nrows": 664,
      "global_index": 1,
      "identifier": [
        "EPS 2020d no LT",
        "total no LT",
        "monetary impact value no LT"
      ],
      "category": "vector"
    },
    {
      "profile": "data-resource",
      "format": "npy",
      "mediatype": "application/octet-stream",
      "name": "EPS_2020d_no_LT_total_no_LT_monetary_impact_value_no_LT_matrix_data.data",
      "matrix": "characterization_matrix",
      "kind": "data",
      "path": "EPS_2020d_no_LT_total_no_LT_monetary_impact_value_no_LT_matrix_data.data.npy",
      "group": "EPS_2020d_no_LT_total_no_LT_monetary_impact_value_no_LT_matrix_data",
      "nrows": 664,
      "global_index": 1,
      "identifier": [
        "EPS 2020d no LT",
        "total no LT",
        "monetary impact value no LT"
      ],
      "category": "vector"
    }
  ],
  "created": "2024-06-16T12:09:01.990989+00:00Z",
  "combinatorial": false,
  "sequential": false,
  "seed": null,
  "sum_intra_duplicates": true,
  "sum_inter_duplicates": false,
  "matrix_serialize_format_type": "numpy"
}