{
  "profile": "data-package",
  "name": "inventory-results-and-indicatorsrf.9a5e9a969238abea810da68f6b308a6f.zip",
  "id": "f86b654f64d746c2a37c19e894cd4c76",
  "licenses": [
    {
      "name": "ODC-PDDL-1.0",
      "path": "http://opendatacommons.org/licenses/pddl/",
      "title": "Open Data Commons Public Domain Dedication and License v1.0"
    }
  ],
  "resources": [
    {
      "profile": "data-resource",
      "format": "npy",
      "mediatype": "application/octet-stream",
      "name": "Inventory_results_and_indicators_resources_freshwater_extraction_groundwater_matrix_data.indices",
      "matrix": "characterization_matrix",
      "kind": "indices",
      "path": "Inventory_results_and_indicators_resources_freshwater_extraction_groundwater_matrix_data.indices.npy",
      "group": "Inventory_results_and_indicators_resources_freshwater_extraction_groundwater_matrix_data",
      "nrows": 3,
      "global_index": 1,
      "identifier": [
        "Inventory results and indicators",
        "resources",
        "freshwater extraction, groundwater"
      ],
      "category": "vector"
    },
    {
      "profile": "data-resource",
      "format": "npy",
      "mediatype": "application/octet-stream",
      "name": "Inventory_results_and_indicators_resources_freshwater_extraction_groundwater_matrix_data.data",
      "matrix": "characterization_matrix",
      "kind": "data",
      "path": "Inventory_results_and_indicators_resources_freshwater_extraction_groundwater_matrix_data.data.npy",
      "group": "Inventory_results_and_indicators_resources_freshwater_extraction_groundwater_matrix_data",
      "nrows": 3,
      "global_index": 1,
      "identifier": [
        "Inventory results and indicators",
        "resources",
        "freshwater extraction, groundwater"
      ],
      "category": "vector"
    }
  ],
  "created": "2024-06-16T12:09:02.058214+00:00Z",
  "combinatorial": false,
  "sequential": false,
  "seed": null,
  "sum_intra_duplicates": true,
  "sum_inter_duplicates": false,
  "matrix_serialize_format_type": "numpy"
}