{
  "profile": "data-package",
  "name": "ecological-scarcity-2021-no-lttu.015438c50e28a194cbe20e867da8f86b.zip",
  "id": "b75716b8bb064d6a9b7f30476c201f12",
  "licenses": [
    {
      "name": "ODC-PDDL-1.0",
      "path": "http://opendatacommons.org/licenses/pddl/",
      "title": "Open Data Commons Public Domain Dedication and License v1.0"
    }
  ],
  "resources": [
    {
      "profile": "data-resource",
      "format": "npy",
      "mediatype": "application/octet-stream",
      "name": "Ecological_Scarcity_2021_no_LT_total_no_LT_UBP_no_LT_matrix_data.indices",
      "matrix": "characterization_matrix",
      "kind": "indices",
      "path": "Ecological_Scarcity_2021_no_LT_total_no_LT_UBP_no_LT_matrix_data.indices.npy",
      "group": "Ecological_Scarcity_2021_no_LT_total_no_LT_UBP_no_LT_matrix_data",
      "nrows": 1281,
      "global_index": 1,
      "identifier": [
        "Ecological Scarcity 2021 no LT",
        "total no LT",
        "UBP no LT"
      ],
      "category": "vector"
    },
    {
      "profile": "data-resource",
      "format": "npy",
      "mediatype": "application/octet-stream",
      "name": "Ecological_Scarcity_2021_no_LT_total_no_LT_UBP_no_LT_matrix_data.data",
      "matrix": "characterization_matrix",
      "kind": "data",
      "path": "Ecological_Scarcity_2021_no_LT_total_no_LT_UBP_no_LT_matrix_data.data.npy",
      "group": "Ecological_Scarcity_2021_no_LT_total_no_LT_UBP_no_LT_matrix_data",
      "nrows": 1281,
      "global_index": 1,
      "identifier": [
        "Ecological Scarcity 2021 no LT",
        "total no LT",
        "UBP no LT"
      ],
      "category": "vector"
    }
  ],
  "created": "2024-06-16T12:09:01.582428+00:00Z",
  "combinatorial": false,
  "sequential": false,
  "seed": null,
  "sum_intra_duplicates": true,
  "sum_inter_duplicates": false,
  "matrix_serialize_format_type": "numpy"
}