{
  "profile": "data-package",
  "name": "recipe-2016-v103-endpoint-ehp.23fab9348227293fccdb5084b429793d.zip",
  "id": "fe2662bdfeaf43a29f5ce7a9cc6ebbe9",
  "licenses": [
    {
      "name": "ODC-PDDL-1.0",
      "path": "http://opendatacommons.org/licenses/pddl/",
      "title": "Open Data Commons Public Domain Dedication and License v1.0"
    }
  ],
  "resources": [
    {
      "profile": "data-resource",
      "format": "npy",
      "mediatype": "application/octet-stream",
      "name": "ReCiPe_2016_v1.03_endpoint_E_human_health_particulate_matter_formation_matrix_data.indices",
      "matrix": "characterization_matrix",
      "kind": "indices",
      "path": "ReCiPe_2016_v1.03_endpoint_E_human_health_particulate_matter_formation_matrix_data.indices.npy",
      "group": "ReCiPe_2016_v1.03_endpoint_E_human_health_particulate_matter_formation_matrix_data",
      "nrows": 29,
      "global_index": 1,
      "identifier": [
        "ReCiPe 2016 v1.03, endpoint (E)",
        "human health",
        "particulate matter formation"
      ],
      "category": "vector"
    },
    {
      "profile": "data-resource",
      "format": "npy",
      "mediatype": "application/octet-stream",
      "name": "ReCiPe_2016_v1.03_endpoint_E_human_health_particulate_matter_formation_matrix_data.data",
      "matrix": "characterization_matrix",
      "kind": "data",
      "path": "ReCiPe_2016_v1.03_endpoint_E_human_health_particulate_matter_formation_matrix_data.data.npy",
      "group": "ReCiPe_2016_v1.03_endpoint_E_human_health_particulate_matter_formation_matrix_data",
      "nrows": 29,
      "global_index": 1,
      "identifier": [
        "ReCiPe 2016 v1.03, endpoint (E)",
        "human health",
        "particulate matter formation"
      ],
      "category": "vector"
    }
  ],
  "created": "2024-06-16T12:09:02.458313+00:00Z",
  "combinatorial": false,
  "sequential": false,
  "seed": null,
  "sum_intra_duplicates": true,
  "sum_inter_duplicates": false,
  "matrix_serialize_format_type": "numpy"
}