{
  "profile": "data-package",
  "name": "ef-v31aa.3561cd671a473310747f754fe860108c.zip",
  "id": "4c58b86daed344a0a5bd82d4090ac259",
  "licenses": [
    {
      "name": "ODC-PDDL-1.0",
      "path": "http://opendatacommons.org/licenses/pddl/",
      "title": "Open Data Commons Public Domain Dedication and License v1.0"
    }
  ],
  "resources": [
    {
      "profile": "data-resource",
      "format": "npy",
      "mediatype": "application/octet-stream",
      "name": "EF_v3.1_acidification_accumulated_exceedance_AE_matrix_data.indices",
      "matrix": "characterization_matrix",
      "kind": "indices",
      "path": "EF_v3.1_acidification_accumulated_exceedance_AE_matrix_data.indices.npy",
      "group": "EF_v3.1_acidification_accumulated_exceedance_AE_matrix_data",
      "nrows": 20,
      "global_index": 1,
      "identifier": [
        "EF v3.1",
        "acidification",
        "accumulated exceedance (AE)"
      ],
      "category": "vector"
    },
    {
      "profile": "data-resource",
      "format": "npy",
      "mediatype": "application/octet-stream",
      "name": "EF_v3.1_acidification_accumulated_exceedance_AE_matrix_data.data",
      "matrix": "characterization_matrix",
      "kind": "data",
      "path": "EF_v3.1_acidification_accumulated_exceedance_AE_matrix_data.data.npy",
      "group": "EF_v3.1_acidification_accumulated_exceedance_AE_matrix_data",
      "nrows": 20,
      "global_index": 1,
      "identifier": [
        "EF v3.1",
        "acidification",
        "accumulated exceedance (AE)"
      ],
      "category": "vector"
    }
  ],
  "created": "2024-06-16T12:09:01.887998+00:00Z",
  "combinatorial": false,
  "sequential": false,
  "seed": null,
  "sum_intra_duplicates": true,
  "sum_inter_duplicates": false,
  "matrix_serialize_format_type": "numpy"
}