{
  "profile": "data-package",
  "name": "recipe-2016-v103-midpoint-hoo.14b4613900d66ec757b0afdad9ade603.zip",
  "id": "6a19b60bcdf2447fa1d755909f5239bc",
  "licenses": [
    {
      "name": "ODC-PDDL-1.0",
      "path": "http://opendatacommons.org/licenses/pddl/",
      "title": "Open Data Commons Public Domain Dedication and License v1.0"
    }
  ],
  "resources": [
    {
      "profile": "data-resource",
      "format": "npy",
      "mediatype": "application/octet-stream",
      "name": "ReCiPe_2016_v1.03_midpoint_H_ozone_depletion_ozone_depletion_potential_ODPinfinite_matrix_data.indices",
      "matrix": "characterization_matrix",
      "kind": "indices",
      "path": "ReCiPe_2016_v1.03_midpoint_H_ozone_depletion_ozone_depletion_potential_ODPinfinite_matrix_data.indices.npy",
      "group": "ReCiPe_2016_v1.03_midpoint_H_ozone_depletion_ozone_depletion_potential_ODPinfinite_matrix_data",
      "nrows": 50,
      "global_index": 1,
      "identifier": [
        "ReCiPe 2016 v1.03, midpoint (H)",
        "ozone depletion",
        "ozone depletion potential (ODPinfinite)"
      ],
      "category": "vector"
    },
    {
      "profile": "data-resource",
      "format": "npy",
      "mediatype": "application/octet-stream",
      "name": "ReCiPe_2016_v1.03_midpoint_H_ozone_depletion_ozone_depletion_potential_ODPinfinite_matrix_data.data",
      "matrix": "characterization_matrix",
      "kind": "data",
      "path": "ReCiPe_2016_v1.03_midpoint_H_ozone_depletion_ozone_depletion_potential_ODPinfinite_matrix_data.data.npy",
      "group": "ReCiPe_2016_v1.03_midpoint_H_ozone_depletion_ozone_depletion_potential_ODPinfinite_matrix_data",
      "nrows": 50,
      "global_index": 1,
      "identifier": [
        "ReCiPe 2016 v1.03, midpoint (H)",
        "ozone depletion",
        "ozone depletion potential (ODPinfinite)"
      ],
      "category": "vector"
    }
  ],
  "created": "2024-06-16T12:09:03.109937+00:00Z",
  "combinatorial": false,
  "sequential": false,
  "seed": null,
  "sum_intra_duplicates": true,
  "sum_inter_duplicates": false,
  "matrix_serialize_format_type": "numpy"
}