{
  "profile": "data-package",
  "name": "ef-v31-en15804oo.5a0f547d8364d437ab6e16f2bd67270d.zip",
  "id": "5f8fd7b11fd24068b3df963301c85155",
  "licenses": [
    {
      "name": "ODC-PDDL-1.0",
      "path": "http://opendatacommons.org/licenses/pddl/",
      "title": "Open Data Commons Public Domain Dedication and License v1.0"
    }
  ],
  "resources": [
    {
      "profile": "data-resource",
      "format": "npy",
      "mediatype": "application/octet-stream",
      "name": "EF_v3.1_EN15804_ozone_depletion_ozone_depletion_potential_ODP_matrix_data.indices",
      "matrix": "characterization_matrix",
      "kind": "indices",
      "path": "EF_v3.1_EN15804_ozone_depletion_ozone_depletion_potential_ODP_matrix_data.indices.npy",
      "group": "EF_v3.1_EN15804_ozone_depletion_ozone_depletion_potential_ODP_matrix_data",
      "nrows": 61,
      "global_index": 1,
      "identifier": [
        "EF v3.1 EN15804",
        "ozone depletion",
        "ozone depletion potential (ODP)"
      ],
      "category": "vector"
    },
    {
      "profile": "data-resource",
      "format": "npy",
      "mediatype": "application/octet-stream",
      "name": "EF_v3.1_EN15804_ozone_depletion_ozone_depletion_potential_ODP_matrix_data.data",
      "matrix": "characterization_matrix",
      "kind": "data",
      "path": "EF_v3.1_EN15804_ozone_depletion_ozone_depletion_potential_ODP_matrix_data.data.npy",
      "group": "EF_v3.1_EN15804_ozone_depletion_ozone_depletion_potential_ODP_matrix_data",
      "nrows": 61,
      "global_index": 1,
      "identifier": [
        "EF v3.1 EN15804",
        "ozone depletion",
        "ozone depletion potential (ODP)"
      ],
      "category": "vector"
    }
  ],
  "created": "2024-06-16T12:09:03.561262+00:00Z",
  "combinatorial": false,
  "sequential": false,
  "seed": null,
  "sum_intra_duplicates": true,
  "sum_inter_duplicates": false,
  "matrix_serialize_format_type": "numpy"
}