{
  "profile": "data-package",
  "name": "ef-v31hc.00159ba9d800c4e53ab6a9ddce13fb85.zip",
  "id": "908d63e5cb234820862dd92c618692bd",
  "licenses": [
    {
      "name": "ODC-PDDL-1.0",
      "path": "http://opendatacommons.org/licenses/pddl/",
      "title": "Open Data Commons Public Domain Dedication and License v1.0"
    }
  ],
  "resources": [
    {
      "profile": "data-resource",
      "format": "npy",
      "mediatype": "application/octet-stream",
      "name": "EF_v3.1_human_toxicity_carcinogenic_organics_comparative_toxic_unit_for_human_CTUh_matrix_data.indices",
      "matrix": "characterization_matrix",
      "kind": "indices",
      "path": "EF_v3.1_human_toxicity_carcinogenic_organics_comparative_toxic_unit_for_human_CTUh_matrix_data.indices.npy",
      "group": "EF_v3.1_human_toxicity_carcinogenic_organics_comparative_toxic_unit_for_human_CTUh_matrix_data",
      "nrows": 363,
      "global_index": 1,
      "identifier": [
        "EF v3.1",
        "human toxicity: carcinogenic, organics",
        "comparative toxic unit for human (CTUh)"
      ],
      "category": "vector"
    },
    {
      "profile": "data-resource",
      "format": "npy",
      "mediatype": "application/octet-stream",
      "name": "EF_v3.1_human_toxicity_carcinogenic_organics_comparative_toxic_unit_for_human_CTUh_matrix_data.data",
      "matrix": "characterization_matrix",
      "kind": "data",
      "path": "EF_v3.1_human_toxicity_carcinogenic_organics_comparative_toxic_unit_for_human_CTUh_matrix_data.data.npy",
      "group": "EF_v3.1_human_toxicity_carcinogenic_organics_comparative_toxic_unit_for_human_CTUh_matrix_data",
      "nrows": 363,
      "global_index": 1,
      "identifier": [
        "EF v3.1",
        "human toxicity: carcinogenic, organics",
        "comparative toxic unit for human (CTUh)"
      ],
      "category": "vector"
    }
  ],
  "created": "2024-06-16T12:09:01.936194+00:00Z",
  "combinatorial": false,
  "sequential": false,
  "seed": null,
  "sum_intra_duplicates": true,
  "sum_inter_duplicates": false,
  "matrix_serialize_format_type": "numpy"
}