{
  "profile": "data-package",
  "name": "recipe-2016-v103-midpoint-hhh.90a2294f139aef9ee2a64f0004787f41.zip",
  "id": "8bbf52e111ae4a3cbaee25a363badc4d",
  "licenses": [
    {
      "name": "ODC-PDDL-1.0",
      "path": "http://opendatacommons.org/licenses/pddl/",
      "title": "Open Data Commons Public Domain Dedication and License v1.0"
    }
  ],
  "resources": [
    {
      "profile": "data-resource",
      "format": "npy",
      "mediatype": "application/octet-stream",
      "name": "ReCiPe_2016_v1.03_midpoint_H_human_toxicity_carcinogenic_human_toxicity_potential_HTPc_matrix_data.indices",
      "matrix": "characterization_matrix",
      "kind": "indices",
      "path": "ReCiPe_2016_v1.03_midpoint_H_human_toxicity_carcinogenic_human_toxicity_potential_HTPc_matrix_data.indices.npy",
      "group": "ReCiPe_2016_v1.03_midpoint_H_human_toxicity_carcinogenic_human_toxicity_potential_HTPc_matrix_data",
      "nrows": 500,
      "global_index": 1,
      "identifier": [
        "ReCiPe 2016 v1.03, midpoint (H)",
        "human toxicity: carcinogenic",
        "human toxicity potential (HTPc)"
      ],
      "category": "vector"
    },
    {
      "profile": "data-resource",
      "format": "npy",
      "mediatype": "application/octet-stream",
      "name": "ReCiPe_2016_v1.03_midpoint_H_human_toxicity_carcinogenic_human_toxicity_potential_HTPc_matrix_data.data",
      "matrix": "characterization_matrix",
      "kind": "data",
      "path": "ReCiPe_2016_v1.03_midpoint_H_human_toxicity_carcinogenic_human_toxicity_potential_HTPc_matrix_data.data.npy",
      "group": "ReCiPe_2016_v1.03_midpoint_H_human_toxicity_carcinogenic_human_toxicity_potential_HTPc_matrix_data",
      "nrows": 500,
      "global_index": 1,
      "identifier": [
        "ReCiPe 2016 v1.03, midpoint (H)",
        "human toxicity: carcinogenic",
        "human toxicity potential (HTPc)"
      ],
      "category": "vector"
    }
  ],
  "created": "2024-06-16T12:09:03.091118+00:00Z",
  "combinatorial": false,
  "sequential": false,
  "seed": null,
  "sum_intra_duplicates": true,
  "sum_inter_duplicates": false,
  "matrix_serialize_format_type": "numpy"
}