{
  "profile": "data-package",
  "name": "ef-v30ls.8c9c1ca2ad5c69fd5a489c7b8e5cc6a5.zip",
  "id": "a12d0a7cefd64362b7d1cb749b64fa36",
  "licenses": [
    {
      "name": "ODC-PDDL-1.0",
      "path": "http://opendatacommons.org/licenses/pddl/",
      "title": "Open Data Commons Public Domain Dedication and License v1.0"
    }
  ],
  "resources": [
    {
      "profile": "data-resource",
      "format": "npy",
      "mediatype": "application/octet-stream",
      "name": "EF_v3.0_land_use_soil_quality_index_matrix_data.indices",
      "matrix": "characterization_matrix",
      "kind": "indices",
      "path": "EF_v3.0_land_use_soil_quality_index_matrix_data.indices.npy",
      "group": "EF_v3.0_land_use_soil_quality_index_matrix_data",
      "nrows": 155,
      "global_index": 1,
      "identifier": [
        "EF v3.0",
        "land use",
        "soil quality index"
      ],
      "category": "vector"
    },
    {
      "profile": "data-resource",
      "format": "npy",
      "mediatype": "application/octet-stream",
      "name": "EF_v3.0_land_use_soil_quality_index_matrix_data.data",
      "matrix": "characterization_matrix",
      "kind": "data",
      "path": "EF_v3.0_land_use_soil_quality_index_matrix_data.data.npy",
      "group": "EF_v3.0_land_use_soil_quality_index_matrix_data",
      "nrows": 155,
      "global_index": 1,
      "identifier": [
        "EF v3.0",
        "land use",
        "soil quality index"
      ],
      "category": "vector"
    }
  ],
  "created": "2024-06-16T12:09:01.790770+00:00Z",
  "combinatorial": false,
  "sequential": false,
  "seed": null,
  "sum_intra_duplicates": true,
  "sum_inter_duplicates": false,
  "matrix_serialize_format_type": "numpy"
}