{
  "profile": "data-package",
  "name": "ef-v31-en15804hc.4bd73ce925c51bb2e88cb59cadd4f50d.zip",
  "id": "5298364a290040bbbb705c805acf314b",
  "licenses": [
    {
      "name": "ODC-PDDL-1.0",
      "path": "http://opendatacommons.org/licenses/pddl/",
      "title": "Open Data Commons Public Domain Dedication and License v1.0"
    }
  ],
  "resources": [
    {
      "profile": "data-resource",
      "format": "npy",
      "mediatype": "application/octet-stream",
      "name": "EF_v3.1_EN15804_human_toxicity_non-carcinogenic_comparative_toxic_unit_for_human_CTUh_matrix_data.indices",
      "matrix": "characterization_matrix",
      "kind": "indices",
      "path": "EF_v3.1_EN15804_human_toxicity_non-carcinogenic_comparative_toxic_unit_for_human_CTUh_matrix_data.indices.npy",
      "group": "EF_v3.1_EN15804_human_toxicity_non-carcinogenic_comparative_toxic_unit_for_human_CTUh_matrix_data",
      "nrows": 1974,
      "global_index": 1,
      "identifier": [
        "EF v3.1 EN15804",
        "human toxicity: non-carcinogenic",
        "comparative toxic unit for human (CTUh)"
      ],
      "category": "vector"
    },
    {
      "profile": "data-resource",
      "format": "npy",
      "mediatype": "application/octet-stream",
      "name": "EF_v3.1_EN15804_human_toxicity_non-carcinogenic_comparative_toxic_unit_for_human_CTUh_matrix_data.data",
      "matrix": "characterization_matrix",
      "kind": "data",
      "path": "EF_v3.1_EN15804_human_toxicity_non-carcinogenic_comparative_toxic_unit_for_human_CTUh_matrix_data.data.npy",
      "group": "EF_v3.1_EN15804_human_toxicity_non-carcinogenic_comparative_toxic_unit_for_human_CTUh_matrix_data",
      "nrows": 1974,
      "global_index": 1,
      "identifier": [
        "EF v3.1 EN15804",
        "human toxicity: non-carcinogenic",
        "comparative toxic unit for human (CTUh)"
      ],
      "category": "vector"
    }
  ],
  "created": "2024-06-16T12:09:03.541573+00:00Z",
  "combinatorial": false,
  "sequential": false,
  "seed": null,
  "sum_intra_duplicates": true,
  "sum_inter_duplicates": false,
  "matrix_serialize_format_type": "numpy"
}