{
  "profile": "data-package",
  "name": "ef-v31-no-ltcg.13b9e38bfc7a64dcf0b5f426e2598746.zip",
  "id": "13d88b8911364ab8a986d485c1656a88",
  "licenses": [
    {
      "name": "ODC-PDDL-1.0",
      "path": "http://opendatacommons.org/licenses/pddl/",
      "title": "Open Data Commons Public Domain Dedication and License v1.0"
    }
  ],
  "resources": [
    {
      "profile": "data-resource",
      "format": "npy",
      "mediatype": "application/octet-stream",
      "name": "EF_v3.1_no_LT_climate_change_fossil_no_LT_global_warming_potential_GWP100_no_LT_matrix_data.indices",
      "matrix": "characterization_matrix",
      "kind": "indices",
      "path": "EF_v3.1_no_LT_climate_change_fossil_no_LT_global_warming_potential_GWP100_no_LT_matrix_data.indices.npy",
      "group": "EF_v3.1_no_LT_climate_change_fossil_no_LT_global_warming_potential_GWP100_no_LT_matrix_data",
      "nrows": 126,
      "global_index": 1,
      "identifier": [
        "EF v3.1 no LT",
        "climate change: fossil no LT",
        "global warming potential (GWP100) no LT"
      ],
      "category": "vector"
    },
    {
      "profile": "data-resource",
      "format": "npy",
      "mediatype": "application/octet-stream",
      "name": "EF_v3.1_no_LT_climate_change_fossil_no_LT_global_warming_potential_GWP100_no_LT_matrix_data.data",
      "matrix": "characterization_matrix",
      "kind": "data",
      "path": "EF_v3.1_no_LT_climate_change_fossil_no_LT_global_warming_potential_GWP100_no_LT_matrix_data.data.npy",
      "group": "EF_v3.1_no_LT_climate_change_fossil_no_LT_global_warming_potential_GWP100_no_LT_matrix_data",
      "nrows": 126,
      "global_index": 1,
      "identifier": [
        "EF v3.1 no LT",
        "climate change: fossil no LT",
        "global warming potential (GWP100) no LT"
      ],
      "category": "vector"
    }
  ],
  "created": "2024-06-16T12:09:01.810788+00:00Z",
  "combinatorial": false,
  "sequential": false,
  "seed": null,
  "sum_intra_duplicates": true,
  "sum_inter_duplicates": false,
  "matrix_serialize_format_type": "numpy"
}