{
  "profile": "data-package",
  "name": "recipe-2016-v103-midpoint-i-no-ltoo.5f1bfac00845d142ab2ae9f287b76d19.zip",
  "id": "d45d3f6a3c384c87bff102d5d617423c",
  "licenses": [
    {
      "name": "ODC-PDDL-1.0",
      "path": "http://opendatacommons.org/licenses/pddl/",
      "title": "Open Data Commons Public Domain Dedication and License v1.0"
    }
  ],
  "resources": [
    {
      "profile": "data-resource",
      "format": "npy",
      "mediatype": "application/octet-stream",
      "name": "ReCiPe_2016_v1.03_midpoint_I_no_LT_ozone_depletion_no_LT_ozone_depletion_potential_ODPinfinite_no_LT_matrix_data.indices",
      "matrix": "characterization_matrix",
      "kind": "indices",
      "path": "ReCiPe_2016_v1.03_midpoint_I_no_LT_ozone_depletion_no_LT_ozone_depletion_potential_ODPinfinite_no_LT_matrix_data.indices.npy",
      "group": "ReCiPe_2016_v1.03_midpoint_I_no_LT_ozone_depletion_no_LT_ozone_depletion_potential_ODPinfinite_no_LT_matrix_data",
      "nrows": 43,
      "global_index": 1,
      "identifier": [
        "ReCiPe 2016 v1.03, midpoint (I) no LT",
        "ozone depletion no LT",
        "ozone depletion potential (ODPinfinite) no LT"
      ],
      "category": "vector"
    },
    {
      "profile": "data-resource",
      "format": "npy",
      "mediatype": "application/octet-stream",
      "name": "ReCiPe_2016_v1.03_midpoint_I_no_LT_ozone_depletion_no_LT_ozone_depletion_potential_ODPinfinite_no_LT_matrix_data.data",
      "matrix": "characterization_matrix",
      "kind": "data",
      "path": "ReCiPe_2016_v1.03_midpoint_I_no_LT_ozone_depletion_no_LT_ozone_depletion_potential_ODPinfinite_no_LT_matrix_data.data.npy",
      "group": "ReCiPe_2016_v1.03_midpoint_I_no_LT_ozone_depletion_no_LT_ozone_depletion_potential_ODPinfinite_no_LT_matrix_data",
      "nrows": 43,
      "global_index": 1,
      "identifier": [
        "ReCiPe 2016 v1.03, midpoint (I) no LT",
        "ozone depletion no LT",
        "ozone depletion potential (ODPinfinite) no LT"
      ],
      "category": "vector"
    }
  ],
  "created": "2024-06-16T12:09:03.179883+00:00Z",
  "combinatorial": false,
  "sequential": false,
  "seed": null,
  "sum_intra_duplicates": true,
  "sum_inter_duplicates": false,
  "matrix_serialize_format_type": "numpy"
}