{
  "profile": "data-package",
  "name": "recipe-2016-v103-midpoint-i-no-ltla.a7202fb5b867a449de30e3f4f1b83db4.zip",
  "id": "135e4e69ba8e4fee97b2f4d76744715f",
  "licenses": [
    {
      "name": "ODC-PDDL-1.0",
      "path": "http://opendatacommons.org/licenses/pddl/",
      "title": "Open Data Commons Public Domain Dedication and License v1.0"
    }
  ],
  "resources": [
    {
      "profile": "data-resource",
      "format": "npy",
      "mediatype": "application/octet-stream",
      "name": "ReCiPe_2016_v1.03_midpoint_I_no_LT_land_use_no_LT_agricultural_land_occupation_LOP_no_LT_matrix_data.indices",
      "matrix": "characterization_matrix",
      "kind": "indices",
      "path": "ReCiPe_2016_v1.03_midpoint_I_no_LT_land_use_no_LT_agricultural_land_occupation_LOP_no_LT_matrix_data.indices.npy",
      "group": "ReCiPe_2016_v1.03_midpoint_I_no_LT_land_use_no_LT_agricultural_land_occupation_LOP_no_LT_matrix_data",
      "nrows": 51,
      "global_index": 1,
      "identifier": [
        "ReCiPe 2016 v1.03, midpoint (I) no LT",
        "land use no LT",
        "agricultural land occupation (LOP) no LT"
      ],
      "category": "vector"
    },
    {
      "profile": "data-resource",
      "format": "npy",
      "mediatype": "application/octet-stream",
      "name": "ReCiPe_2016_v1.03_midpoint_I_no_LT_land_use_no_LT_agricultural_land_occupation_LOP_no_LT_matrix_data.data",
      "matrix": "characterization_matrix",
      "kind": "data",
      "path": "ReCiPe_2016_v1.03_midpoint_I_no_LT_land_use_no_LT_agricultural_land_occupation_LOP_no_LT_matrix_data.data.npy",
      "group": "ReCiPe_2016_v1.03_midpoint_I_no_LT_land_use_no_LT_agricultural_land_occupation_LOP_no_LT_matrix_data",
      "nrows": 51,
      "global_index": 1,
      "identifier": [
        "ReCiPe 2016 v1.03, midpoint (I) no LT",
        "land use no LT",
        "agricultural land occupation (LOP) no LT"
      ],
      "category": "vector"
    }
  ],
  "created": "2024-06-16T12:09:03.173542+00:00Z",
  "combinatorial": false,
  "sequential": false,
  "seed": null,
  "sum_intra_duplicates": true,
  "sum_inter_duplicates": false,
  "matrix_serialize_format_type": "numpy"
}