{
  "profile": "data-package",
  "name": "eps-2020dlm.47149f37732ca197b3c40c8245ce1051.zip",
  "id": "29b831bf6bda48f09bc41a0ce5d0dc5b",
  "licenses": [
    {
      "name": "ODC-PDDL-1.0",
      "path": "http://opendatacommons.org/licenses/pddl/",
      "title": "Open Data Commons Public Domain Dedication and License v1.0"
    }
  ],
  "resources": [
    {
      "profile": "data-resource",
      "format": "npy",
      "mediatype": "application/octet-stream",
      "name": "EPS_2020d_land_use_monetary_impact_value_matrix_data.indices",
      "matrix": "characterization_matrix",
      "kind": "indices",
      "path": "EPS_2020d_land_use_monetary_impact_value_matrix_data.indices.npy",
      "group": "EPS_2020d_land_use_monetary_impact_value_matrix_data",
      "nrows": 41,
      "global_index": 1,
      "identifier": [
        "EPS 2020d",
        "land use",
        "monetary impact value"
      ],
      "category": "vector"
    },
    {
      "profile": "data-resource",
      "format": "npy",
      "mediatype": "application/octet-stream",
      "name": "EPS_2020d_land_use_monetary_impact_value_matrix_data.data",
      "matrix": "characterization_matrix",
      "kind": "data",
      "path": "EPS_2020d_land_use_monetary_impact_value_matrix_data.data.npy",
      "group": "EPS_2020d_land_use_monetary_impact_value_matrix_data",
      "nrows": 41,
      "global_index": 1,
      "identifier": [
        "EPS 2020d",
        "land use",
        "monetary impact value"
      ],
      "category": "vector"
    }
  ],
  "created": "2024-06-16T12:09:02.010386+00:00Z",
  "combinatorial": false,
  "sequential": false,
  "seed": null,
  "sum_intra_duplicates": true,
  "sum_inter_duplicates": false,
  "matrix_serialize_format_type": "numpy"
}