{
  "profile": "data-package",
  "name": "recipe-2016-v103-endpoint-i-no-ltte.1cfd0e5496502f6f9ceb03d20412bed1.zip",
  "id": "d67ec9eb099248a7ada9aeac77c458b9",
  "licenses": [
    {
      "name": "ODC-PDDL-1.0",
      "path": "http://opendatacommons.org/licenses/pddl/",
      "title": "Open Data Commons Public Domain Dedication and License v1.0"
    }
  ],
  "resources": [
    {
      "profile": "data-resource",
      "format": "npy",
      "mediatype": "application/octet-stream",
      "name": "ReCiPe_2016_v1.03_endpoint_I_no_LT_total_ecosystem_quality_no_LT_ecosystem_quality_no_LT_matrix_data.indices",
      "matrix": "characterization_matrix",
      "kind": "indices",
      "path": "ReCiPe_2016_v1.03_endpoint_I_no_LT_total_ecosystem_quality_no_LT_ecosystem_quality_no_LT_matrix_data.indices.npy",
      "group": "ReCiPe_2016_v1.03_endpoint_I_no_LT_total_ecosystem_quality_no_LT_ecosystem_quality_no_LT_matrix_data",
      "nrows": 1438,
      "global_index": 1,
      "identifier": [
        "ReCiPe 2016 v1.03, endpoint (I) no LT",
        "total: ecosystem quality no LT",
        "ecosystem quality no LT"
      ],
      "category": "vector"
    },
    {
      "profile": "data-resource",
      "format": "npy",
      "mediatype": "application/octet-stream",
      "name": "ReCiPe_2016_v1.03_endpoint_I_no_LT_total_ecosystem_quality_no_LT_ecosystem_quality_no_LT_matrix_data.data",
      "matrix": "characterization_matrix",
      "kind": "data",
      "path": "ReCiPe_2016_v1.03_endpoint_I_no_LT_total_ecosystem_quality_no_LT_ecosystem_quality_no_LT_matrix_data.data.npy",
      "group": "ReCiPe_2016_v1.03_endpoint_I_no_LT_total_ecosystem_quality_no_LT_ecosystem_quality_no_LT_matrix_data",
      "nrows": 1438,
      "global_index": 1,
      "identifier": [
        "ReCiPe 2016 v1.03, endpoint (I) no LT",
        "total: ecosystem quality no LT",
        "ecosystem quality no LT"
      ],
      "category": "vector"
    }
  ],
  "created": "2024-06-16T12:09:02.738274+00:00Z",
  "combinatorial": false,
  "sequential": false,
  "seed": null,
  "sum_intra_duplicates": true,
  "sum_inter_duplicates": false,
  "matrix_serialize_format_type": "numpy"
}