{
  "profile": "data-package",
  "name": "recipe-2016-v103-midpoint-eat.2a21ef015379730951670ebe34f7fbd9.zip",
  "id": "06b16d61267347bca555483fe077fa87",
  "licenses": [
    {
      "name": "ODC-PDDL-1.0",
      "path": "http://opendatacommons.org/licenses/pddl/",
      "title": "Open Data Commons Public Domain Dedication and License v1.0"
    }
  ],
  "resources": [
    {
      "profile": "data-resource",
      "format": "npy",
      "mediatype": "application/octet-stream",
      "name": "ReCiPe_2016_v1.03_midpoint_E_acidification_terrestrial_terrestrial_acidification_potential_TAP_matrix_data.indices",
      "matrix": "characterization_matrix",
      "kind": "indices",
      "path": "ReCiPe_2016_v1.03_midpoint_E_acidification_terrestrial_terrestrial_acidification_potential_TAP_matrix_data.indices.npy",
      "group": "ReCiPe_2016_v1.03_midpoint_E_acidification_terrestrial_terrestrial_acidification_potential_TAP_matrix_data",
      "nrows": 26,
      "global_index": 1,
      "identifier": [
        "ReCiPe 2016 v1.03, midpoint (E)",
        "acidification: terrestrial",
        "terrestrial acidification potential (TAP)"
      ],
      "category": "vector"
    },
    {
      "profile": "data-resource",
      "format": "npy",
      "mediatype": "application/octet-stream",
      "name": "ReCiPe_2016_v1.03_midpoint_E_acidification_terrestrial_terrestrial_acidification_potential_TAP_matrix_data.data",
      "matrix": "characterization_matrix",
      "kind": "data",
      "path": "ReCiPe_2016_v1.03_midpoint_E_acidification_terrestrial_terrestrial_acidification_potential_TAP_matrix_data.data.npy",
      "group": "ReCiPe_2016_v1.03_midpoint_E_acidification_terrestrial_terrestrial_acidification_potential_TAP_matrix_data",
      "nrows": 26,
      "global_index": 1,
      "identifier": [
        "ReCiPe 2016 v1.03, midpoint (E)",
        "acidification: terrestrial",
        "terrestrial acidification potential (TAP)"
      ],
      "category": "vector"
    }
  ],
  "created": "2024-06-16T12:09:02.910814+00:00Z",
  "combinatorial": false,
  "sequential": false,
  "seed": null,
  "sum_intra_duplicates": true,
  "sum_inter_duplicates": false,
  "matrix_serialize_format_type": "numpy"
}