{
  "profile": "data-package",
  "name": "ecological-scarcity-2021-no-ltmm.90ae9634e1695f43c26ea0178b39b908.zip",
  "id": "70b4c7fe2c41434194400839af969b5d",
  "licenses": [
    {
      "name": "ODC-PDDL-1.0",
      "path": "http://opendatacommons.org/licenses/pddl/",
      "title": "Open Data Commons Public Domain Dedication and License v1.0"
    }
  ],
  "resources": [
    {
      "profile": "data-resource",
      "format": "npy",
      "mediatype": "application/octet-stream",
      "name": "Ecological_Scarcity_2021_no_LT_mineral_resources_no_LT_mineral_resources_no_LT_matrix_data.indices",
      "matrix": "characterization_matrix",
      "kind": "indices",
      "path": "Ecological_Scarcity_2021_no_LT_mineral_resources_no_LT_mineral_resources_no_LT_matrix_data.indices.npy",
      "group": "Ecological_Scarcity_2021_no_LT_mineral_resources_no_LT_mineral_resources_no_LT_matrix_data",
      "nrows": 76,
      "global_index": 1,
      "identifier": [
        "Ecological Scarcity 2021 no LT",
        "mineral resources no LT",
        "mineral resources no LT"
      ],
      "category": "vector"
    },
    {
      "profile": "data-resource",
      "format": "npy",
      "mediatype": "application/octet-stream",
      "name": "Ecological_Scarcity_2021_no_LT_mineral_resources_no_LT_mineral_resources_no_LT_matrix_data.data",
      "matrix": "characterization_matrix",
      "kind": "data",
      "path": "Ecological_Scarcity_2021_no_LT_mineral_resources_no_LT_mineral_resources_no_LT_matrix_data.data.npy",
      "group": "Ecological_Scarcity_2021_no_LT_mineral_resources_no_LT_mineral_resources_no_LT_matrix_data",
      "nrows": 76,
      "global_index": 1,
      "identifier": [
        "Ecological Scarcity 2021 no LT",
        "mineral resources no LT",
        "mineral resources no LT"
      ],
      "category": "vector"
    }
  ],
  "created": "2024-06-16T12:09:01.576040+00:00Z",
  "combinatorial": false,
  "sequential": false,
  "seed": null,
  "sum_intra_duplicates": true,
  "sum_inter_duplicates": false,
  "matrix_serialize_format_type": "numpy"
}