{
  "profile": "data-package",
  "name": "ecological-scarcity-2021ep.16dbecad9be49e55d6c5093a7b30cb21.zip",
  "id": "d55a587c44ca451caae65ca9d740559b",
  "licenses": [
    {
      "name": "ODC-PDDL-1.0",
      "path": "http://opendatacommons.org/licenses/pddl/",
      "title": "Open Data Commons Public Domain Dedication and License v1.0"
    }
  ],
  "resources": [
    {
      "profile": "data-resource",
      "format": "npy",
      "mediatype": "application/octet-stream",
      "name": "Ecological_Scarcity_2021_emissions_to_water_POP_into_water_matrix_data.indices",
      "matrix": "characterization_matrix",
      "kind": "indices",
      "path": "Ecological_Scarcity_2021_emissions_to_water_POP_into_water_matrix_data.indices.npy",
      "group": "Ecological_Scarcity_2021_emissions_to_water_POP_into_water_matrix_data",
      "nrows": 34,
      "global_index": 1,
      "identifier": [
        "Ecological Scarcity 2021",
        "emissions to water",
        "POP into water"
      ],
      "category": "vector"
    },
    {
      "profile": "data-resource",
      "format": "npy",
      "mediatype": "application/octet-stream",
      "name": "Ecological_Scarcity_2021_emissions_to_water_POP_into_water_matrix_data.data",
      "matrix": "characterization_matrix",
      "kind": "data",
      "path": "Ecological_Scarcity_2021_emissions_to_water_POP_into_water_matrix_data.data.npy",
      "group": "Ecological_Scarcity_2021_emissions_to_water_POP_into_water_matrix_data",
      "nrows": 34,
      "global_index": 1,
      "identifier": [
        "Ecological Scarcity 2021",
        "emissions to water",
        "POP into water"
      ],
      "category": "vector"
    }
  ],
  "created": "2024-06-16T12:09:01.607614+00:00Z",
  "combinatorial": false,
  "sequential": false,
  "seed": null,
  "sum_intra_duplicates": true,
  "sum_inter_duplicates": false,
  "matrix_serialize_format_type": "numpy"
}