{
  "profile": "data-package",
  "name": "ipcc-2013-no-ltcg.ce1fb1bc85e81fb623eab70d3e2dbf87.zip",
  "id": "0ebaa2023a3f4ac7b1e62305b45b5de2",
  "licenses": [
    {
      "name": "ODC-PDDL-1.0",
      "path": "http://opendatacommons.org/licenses/pddl/",
      "title": "Open Data Commons Public Domain Dedication and License v1.0"
    }
  ],
  "resources": [
    {
      "profile": "data-resource",
      "format": "npy",
      "mediatype": "application/octet-stream",
      "name": "IPCC_2013_no_LT_climate_change_no_LT_global_warming_potential_GWP20_no_LT_matrix_data.indices",
      "matrix": "characterization_matrix",
      "kind": "indices",
      "path": "IPCC_2013_no_LT_climate_change_no_LT_global_warming_potential_GWP20_no_LT_matrix_data.indices.npy",
      "group": "IPCC_2013_no_LT_climate_change_no_LT_global_warming_potential_GWP20_no_LT_matrix_data",
      "nrows": 130,
      "global_index": 1,
      "identifier": [
        "IPCC 2013 no LT",
        "climate change no LT",
        "global warming potential (GWP20) no LT"
      ],
      "category": "vector"
    },
    {
      "profile": "data-resource",
      "format": "npy",
      "mediatype": "application/octet-stream",
      "name": "IPCC_2013_no_LT_climate_change_no_LT_global_warming_potential_GWP20_no_LT_matrix_data.data",
      "matrix": "characterization_matrix",
      "kind": "data",
      "path": "IPCC_2013_no_LT_climate_change_no_LT_global_warming_potential_GWP20_no_LT_matrix_data.data.npy",
      "group": "IPCC_2013_no_LT_climate_change_no_LT_global_warming_potential_GWP20_no_LT_matrix_data",
      "nrows": 130,
      "global_index": 1,
      "identifier": [
        "IPCC 2013 no LT",
        "climate change no LT",
        "global warming potential (GWP20) no LT"
      ],
      "category": "vector"
    }
  ],
  "created": "2024-06-16T12:09:02.133426+00:00Z",
  "combinatorial": false,
  "sequential": false,
  "seed": null,
  "sum_intra_duplicates": true,
  "sum_inter_duplicates": false,
  "matrix_serialize_format_type": "numpy"
}