{
  "profile": "data-package",
  "name": "ipcc-2021cg.42ad09355ddb1fb681a9b65ada8a626e.zip",
  "id": "8526b46aa43d4f0bb47c5eb92805cb4f",
  "licenses": [
    {
      "name": "ODC-PDDL-1.0",
      "path": "http://opendatacommons.org/licenses/pddl/",
      "title": "Open Data Commons Public Domain Dedication and License v1.0"
    }
  ],
  "resources": [
    {
      "profile": "data-resource",
      "format": "npy",
      "mediatype": "application/octet-stream",
      "name": "IPCC_2021_climate_change_fossil_global_warming_potential_GWP500_matrix_data.indices",
      "matrix": "characterization_matrix",
      "kind": "indices",
      "path": "IPCC_2021_climate_change_fossil_global_warming_potential_GWP500_matrix_data.indices.npy",
      "group": "IPCC_2021_climate_change_fossil_global_warming_potential_GWP500_matrix_data",
      "nrows": 168,
      "global_index": 1,
      "identifier": [
        "IPCC 2021",
        "climate change: fossil",
        "global warming potential (GWP500)"
      ],
      "category": "vector"
    },
    {
      "profile": "data-resource",
      "format": "npy",
      "mediatype": "application/octet-stream",
      "name": "IPCC_2021_climate_change_fossil_global_warming_potential_GWP500_matrix_data.data",
      "matrix": "characterization_matrix",
      "kind": "data",
      "path": "IPCC_2021_climate_change_fossil_global_warming_potential_GWP500_matrix_data.data.npy",
      "group": "IPCC_2021_climate_change_fossil_global_warming_potential_GWP500_matrix_data",
      "nrows": 168,
      "global_index": 1,
      "identifier": [
        "IPCC 2021",
        "climate change: fossil",
        "global warming potential (GWP500)"
      ],
      "category": "vector"
    }
  ],
  "created": "2024-06-16T12:09:02.268702+00:00Z",
  "combinatorial": false,
  "sequential": false,
  "seed": null,
  "sum_intra_duplicates": true,
  "sum_inter_duplicates": false,
  "matrix_serialize_format_type": "numpy"
}