{
  "profile": "data-package",
  "name": "ef-v31-en15804ef.3b2d87ff4b7da9a567660214e47f09f0.zip",
  "id": "6f37cb5f78744490868bde0cc22da567",
  "licenses": [
    {
      "name": "ODC-PDDL-1.0",
      "path": "http://opendatacommons.org/licenses/pddl/",
      "title": "Open Data Commons Public Domain Dedication and License v1.0"
    }
  ],
  "resources": [
    {
      "profile": "data-resource",
      "format": "npy",
      "mediatype": "application/octet-stream",
      "name": "EF_v3.1_EN15804_eutrophication_marine_fraction_of_nutrients_reaching_marine_end_compartment_N_matrix_data.indices",
      "matrix": "characterization_matrix",
      "kind": "indices",
      "path": "EF_v3.1_EN15804_eutrophication_marine_fraction_of_nutrients_reaching_marine_end_compartment_N_matrix_data.indices.npy",
      "group": "EF_v3.1_EN15804_eutrophication_marine_fraction_of_nutrients_reaching_marine_end_compartment_N_matrix_data",
      "nrows": 29,
      "global_index": 1,
      "identifier": [
        "EF v3.1 EN15804",
        "eutrophication: marine",
        "fraction of nutrients reaching marine end compartment (N)"
      ],
      "category": "vector"
    },
    {
      "profile": "data-resource",
      "format": "npy",
      "mediatype": "application/octet-stream",
      "name": "EF_v3.1_EN15804_eutrophication_marine_fraction_of_nutrients_reaching_marine_end_compartment_N_matrix_data.data",
      "matrix": "characterization_matrix",
      "kind": "data",
      "path": "EF_v3.1_EN15804_eutrophication_marine_fraction_of_nutrients_reaching_marine_end_compartment_N_matrix_data.data.npy",
      "group": "EF_v3.1_EN15804_eutrophication_marine_fraction_of_nutrients_reaching_marine_end_compartment_N_matrix_data",
      "nrows": 29,
      "global_index": 1,
      "identifier": [
        "EF v3.1 EN15804",
        "eutrophication: marine",
        "fraction of nutrients reaching marine end compartment (N)"
      ],
      "category": "vector"
    }
  ],
  "created": "2024-06-16T12:09:03.530529+00:00Z",
  "combinatorial": false,
  "sequential": false,
  "seed": null,
  "sum_intra_duplicates": true,
  "sum_inter_duplicates": false,
  "matrix_serialize_format_type": "numpy"
}