{
  "profile": "data-package",
  "name": "en15804iu.ddf13e064cfc3383f2dc8f4416988c6b.zip",
  "id": "baf853d29b96413c816a9659c6c10df7",
  "licenses": [
    {
      "name": "ODC-PDDL-1.0",
      "path": "http://opendatacommons.org/licenses/pddl/",
      "title": "Open Data Commons Public Domain Dedication and License v1.0"
    }
  ],
  "resources": [
    {
      "profile": "data-resource",
      "format": "npy",
      "mediatype": "application/octet-stream",
      "name": "EN15804_inventory_indicators_ISO21930_use_of_secondary_material_matrix_data.indices",
      "matrix": "characterization_matrix",
      "kind": "indices",
      "path": "EN15804_inventory_indicators_ISO21930_use_of_secondary_material_matrix_data.indices.npy",
      "group": "EN15804_inventory_indicators_ISO21930_use_of_secondary_material_matrix_data",
      "nrows": 1,
      "global_index": 1,
      "identifier": [
        "EN15804",
        "inventory indicators ISO21930",
        "use of secondary material"
      ],
      "category": "vector"
    },
    {
      "profile": "data-resource",
      "format": "npy",
      "mediatype": "application/octet-stream",
      "name": "EN15804_inventory_indicators_ISO21930_use_of_secondary_material_matrix_data.data",
      "matrix": "characterization_matrix",
      "kind": "data",
      "path": "EN15804_inventory_indicators_ISO21930_use_of_secondary_material_matrix_data.data.npy",
      "group": "EN15804_inventory_indicators_ISO21930_use_of_secondary_material_matrix_data",
      "nrows": 1,
      "global_index": 1,
      "identifier": [
        "EN15804",
        "inventory indicators ISO21930",
        "use of secondary material"
      ],
      "category": "vector"
    }
  ],
  "created": "2024-06-16T12:09:03.614966+00:00Z",
  "combinatorial": false,
  "sequential": false,
  "seed": null,
  "sum_intra_duplicates": true,
  "sum_inter_duplicates": false,
  "matrix_serialize_format_type": "numpy"
}