{
  "profile": "data-package",
  "name": "recipe-2016-v103-midpoint-ecg.daaeb194f731a118b1a141e7a1ae638b.zip",
  "id": "e1f35c0a43e841c7851e3f4c04df2b68",
  "licenses": [
    {
      "name": "ODC-PDDL-1.0",
      "path": "http://opendatacommons.org/licenses/pddl/",
      "title": "Open Data Commons Public Domain Dedication and License v1.0"
    }
  ],
  "resources": [
    {
      "profile": "data-resource",
      "format": "npy",
      "mediatype": "application/octet-stream",
      "name": "ReCiPe_2016_v1.03_midpoint_E_climate_change_global_warming_potential_GWP1000_matrix_data.indices",
      "matrix": "characterization_matrix",
      "kind": "indices",
      "path": "ReCiPe_2016_v1.03_midpoint_E_climate_change_global_warming_potential_GWP1000_matrix_data.indices.npy",
      "group": "ReCiPe_2016_v1.03_midpoint_E_climate_change_global_warming_potential_GWP1000_matrix_data",
      "nrows": 128,
      "global_index": 1,
      "identifier": [
        "ReCiPe 2016 v1.03, midpoint (E)",
        "climate change",
        "global warming potential (GWP1000)"
      ],
      "category": "vector"
    },
    {
      "profile": "data-resource",
      "format": "npy",
      "mediatype": "application/octet-stream",
      "name": "ReCiPe_2016_v1.03_midpoint_E_climate_change_global_warming_potential_GWP1000_matrix_data.data",
      "matrix": "characterization_matrix",
      "kind": "data",
      "path": "ReCiPe_2016_v1.03_midpoint_E_climate_change_global_warming_potential_GWP1000_matrix_data.data.npy",
      "group": "ReCiPe_2016_v1.03_midpoint_E_climate_change_global_warming_potential_GWP1000_matrix_data",
      "nrows": 128,
      "global_index": 1,
      "identifier": [
        "ReCiPe 2016 v1.03, midpoint (E)",
        "climate change",
        "global warming potential (GWP1000)"
      ],
      "category": "vector"
    }
  ],
  "created": "2024-06-16T12:09:02.914308+00:00Z",
  "combinatorial": false,
  "sequential": false,
  "seed": null,
  "sum_intra_duplicates": true,
  "sum_inter_duplicates": false,
  "matrix_serialize_format_type": "numpy"
}