{
  "profile": "data-package",
  "name": "impact-world-v201-footprint-versionww.1d93c8c76b66697d155a3acfc8186a56.zip",
  "id": "87b3ed3cc6b74dd6a92ff3536a044015",
  "licenses": [
    {
      "name": "ODC-PDDL-1.0",
      "path": "http://opendatacommons.org/licenses/pddl/",
      "title": "Open Data Commons Public Domain Dedication and License v1.0"
    }
  ],
  "resources": [
    {
      "profile": "data-resource",
      "format": "npy",
      "mediatype": "application/octet-stream",
      "name": "IMPACT_World_v2.0.1_footprint_version_water_use_water_scarcity_footprint_matrix_data.indices",
      "matrix": "characterization_matrix",
      "kind": "indices",
      "path": "IMPACT_World_v2.0.1_footprint_version_water_use_water_scarcity_footprint_matrix_data.indices.npy",
      "group": "IMPACT_World_v2.0.1_footprint_version_water_use_water_scarcity_footprint_matrix_data",
      "nrows": 5,
      "global_index": 1,
      "identifier": [
        "IMPACT World+ v2.0.1, footprint version",
        "water use",
        "water scarcity footprint"
      ],
      "category": "vector"
    },
    {
      "profile": "data-resource",
      "format": "npy",
      "mediatype": "application/octet-stream",
      "name": "IMPACT_World_v2.0.1_footprint_version_water_use_water_scarcity_footprint_matrix_data.data",
      "matrix": "characterization_matrix",
      "kind": "data",
      "path": "IMPACT_World_v2.0.1_footprint_version_water_use_water_scarcity_footprint_matrix_data.data.npy",
      "group": "IMPACT_World_v2.0.1_footprint_version_water_use_water_scarcity_footprint_matrix_data",
      "nrows": 5,
      "global_index": 1,
      "identifier": [
        "IMPACT World+ v2.0.1, footprint version",
        "water use",
        "water scarcity footprint"
      ],
      "category": "vector"
    }
  ],
  "created": "2024-06-16T12:09:02.037768+00:00Z",
  "combinatorial": false,
  "sequential": false,
  "seed": null,
  "sum_intra_duplicates": true,
  "sum_inter_duplicates": false,
  "matrix_serialize_format_type": "numpy"
}