{
  "profile": "data-package",
  "name": "ecological-scarcity-2021-no-ltcg.5fed5371a2597d8bf9d4500ba4097dbd.zip",
  "id": "25e001618e1a456f8478ae6c66b866fc",
  "licenses": [
    {
      "name": "ODC-PDDL-1.0",
      "path": "http://opendatacommons.org/licenses/pddl/",
      "title": "Open Data Commons Public Domain Dedication and License v1.0"
    }
  ],
  "resources": [
    {
      "profile": "data-resource",
      "format": "npy",
      "mediatype": "application/octet-stream",
      "name": "Ecological_Scarcity_2021_no_LT_climate_change_no_LT_global_warming_potential_GWP100_no_LT_matrix_data.indices",
      "matrix": "characterization_matrix",
      "kind": "indices",
      "path": "Ecological_Scarcity_2021_no_LT_climate_change_no_LT_global_warming_potential_GWP100_no_LT_matrix_data.indices.npy",
      "group": "Ecological_Scarcity_2021_no_LT_climate_change_no_LT_global_warming_potential_GWP100_no_LT_matrix_data",
      "nrows": 76,
      "global_index": 1,
      "identifier": [
        "Ecological Scarcity 2021 no LT",
        "climate change no LT",
        "global warming potential (GWP100) no LT"
      ],
      "category": "vector"
    },
    {
      "profile": "data-resource",
      "format": "npy",
      "mediatype": "application/octet-stream",
      "name": "Ecological_Scarcity_2021_no_LT_climate_change_no_LT_global_warming_potential_GWP100_no_LT_matrix_data.data",
      "matrix": "characterization_matrix",
      "kind": "data",
      "path": "Ecological_Scarcity_2021_no_LT_climate_change_no_LT_global_warming_potential_GWP100_no_LT_matrix_data.data.npy",
      "group": "Ecological_Scarcity_2021_no_LT_climate_change_no_LT_global_warming_potential_GWP100_no_LT_matrix_data",
      "nrows": 76,
      "global_index": 1,
      "identifier": [
        "Ecological Scarcity 2021 no LT",
        "climate change no LT",
        "global warming potential (GWP100) no LT"
      ],
      "category": "vector"
    }
  ],
  "created": "2024-06-16T12:09:01.552613+00:00Z",
  "combinatorial": false,
  "sequential": false,
  "seed": null,
  "sum_intra_duplicates": true,
  "sum_inter_duplicates": false,
  "matrix_serialize_format_type": "numpy"
}