{
  "profile": "data-package",
  "name": "usetox-v213-midpointec.2e9488718711f36824c4fab14921a653.zip",
  "id": "3825078a65ce480b8f7589b14ce73717",
  "licenses": [
    {
      "name": "ODC-PDDL-1.0",
      "path": "http://opendatacommons.org/licenses/pddl/",
      "title": "Open Data Commons Public Domain Dedication and License v1.0"
    }
  ],
  "resources": [
    {
      "profile": "data-resource",
      "format": "npy",
      "mediatype": "application/octet-stream",
      "name": "USEtox_v2.13_midpoint_ecotoxicity_freshwater_comparative_toxic_unit_for_ecosystems_CTUe_matrix_data.indices",
      "matrix": "characterization_matrix",
      "kind": "indices",
      "path": "USEtox_v2.13_midpoint_ecotoxicity_freshwater_comparative_toxic_unit_for_ecosystems_CTUe_matrix_data.indices.npy",
      "group": "USEtox_v2.13_midpoint_ecotoxicity_freshwater_comparative_toxic_unit_for_ecosystems_CTUe_matrix_data",
      "nrows": 1858,
      "global_index": 1,
      "identifier": [
        "USEtox v2.13, midpoint",
        "ecotoxicity: freshwater",
        "comparative toxic unit for ecosystems (CTUe)"
      ],
      "category": "vector"
    },
    {
      "profile": "data-resource",
      "format": "npy",
      "mediatype": "application/octet-stream",
      "name": "USEtox_v2.13_midpoint_ecotoxicity_freshwater_comparative_toxic_unit_for_ecosystems_CTUe_matrix_data.data",
      "matrix": "characterization_matrix",
      "kind": "data",
      "path": "USEtox_v2.13_midpoint_ecotoxicity_freshwater_comparative_toxic_unit_for_ecosystems_CTUe_matrix_data.data.npy",
      "group": "USEtox_v2.13_midpoint_ecotoxicity_freshwater_comparative_toxic_unit_for_ecosystems_CTUe_matrix_data",
      "nrows": 1858,
      "global_index": 1,
      "identifier": [
        "USEtox v2.13, midpoint",
        "ecotoxicity: freshwater",
        "comparative toxic unit for ecosystems (CTUe)"
      ],
      "category": "vector"
    }
  ],
  "created": "2024-06-16T12:09:03.395559+00:00Z",
  "combinatorial": false,
  "sequential": false,
  "seed": null,
  "sum_intra_duplicates": true,
  "sum_inter_duplicates": false,
  "matrix_serialize_format_type": "numpy"
}