{
  "profile": "data-package",
  "name": "e-Hydrogen_LCA",
  "id": "0a3f40e7ec814fefa762cea6a3f01b8c",
  "licenses": [
    {
      "name": "ODC-PDDL-1.0",
      "path": "http://opendatacommons.org/licenses/pddl/",
      "title": "Open Data Commons Public Domain Dedication and License v1.0"
    }
  ],
  "resources": [
    {
      "profile": "data-resource",
      "format": "npy",
      "mediatype": "application/octet-stream",
      "name": "e-Hydrogen_LCA_inventory_geomapping_matrix.indices",
      "matrix": "inv_geomapping_matrix",
      "kind": "indices",
      "path": "e-Hydrogen_LCA_inventory_geomapping_matrix.indices.npy",
      "group": "e-Hydrogen_LCA_inventory_geomapping_matrix",
      "nrows": 32,
      "category": "vector"
    },
    {
      "profile": "data-resource",
      "format": "npy",
      "mediatype": "application/octet-stream",
      "name": "e-Hydrogen_LCA_inventory_geomapping_matrix.data",
      "matrix": "inv_geomapping_matrix",
      "kind": "data",
      "path": "e-Hydrogen_LCA_inventory_geomapping_matrix.data.npy",
      "group": "e-Hydrogen_LCA_inventory_geomapping_matrix",
      "nrows": 32,
      "category": "vector"
    },
    {
      "profile": "data-resource",
      "format": "npy",
      "mediatype": "application/octet-stream",
      "name": "e-Hydrogen_LCA_biosphere_matrix.indices",
      "matrix": "biosphere_matrix",
      "kind": "indices",
      "path": "e-Hydrogen_LCA_biosphere_matrix.indices.npy",
      "group": "e-Hydrogen_LCA_biosphere_matrix",
      "nrows": 0,
      "category": "vector"
    },
    {
      "profile": "data-resource",
      "format": "npy",
      "mediatype": "application/octet-stream",
      "name": "e-Hydrogen_LCA_biosphere_matrix.data",
      "matrix": "biosphere_matrix",
      "kind": "data",
      "path": "e-Hydrogen_LCA_biosphere_matrix.data.npy",
      "group": "e-Hydrogen_LCA_biosphere_matrix",
      "nrows": 0,
      "category": "vector"
    },
    {
      "profile": "data-resource",
      "format": "npy",
      "mediatype": "application/octet-stream",
      "name": "e-Hydrogen_LCA_technosphere_matrix.indices",
      "matrix": "technosphere_matrix",
      "kind": "indices",
      "path": "e-Hydrogen_LCA_technosphere_matrix.indices.npy",
      "group": "e-Hydrogen_LCA_technosphere_matrix",
      "nrows": 143,
      "category": "vector"
    },
    {
      "profile": "data-resource",
      "format": "npy",
      "mediatype": "application/octet-stream",
      "name": "e-Hydrogen_LCA_technosphere_matrix.data",
      "matrix": "technosphere_matrix",
      "kind": "data",
      "path": "e-Hydrogen_LCA_technosphere_matrix.data.npy",
      "group": "e-Hydrogen_LCA_technosphere_matrix",
      "nrows": 143,
      "category": "vector"
    },
    {
      "profile": "data-resource",
      "format": "npy",
      "mediatype": "application/octet-stream",
      "name": "e-Hydrogen_LCA_technosphere_matrix.flip",
      "matrix": "technosphere_matrix",
      "kind": "flip",
      "path": "e-Hydrogen_LCA_technosphere_matrix.flip.npy",
      "group": "e-Hydrogen_LCA_technosphere_matrix",
      "nrows": 143,
      "category": "vector"
    }
  ],
  "created": "2025-08-20T12:43:09.846269+00:00Z",
  "combinatorial": false,
  "sequential": false,
  "seed": null,
  "64_bit_indices": true,
  "sum_intra_duplicates": true,
  "sum_inter_duplicates": false,
  "matrix_serialize_format_type": "numpy"
}