{
  "profile": "data-package",
  "name": "cml-v48-2016ee.8bb7e032343e9753f1863befc58e7244.zip",
  "id": "659adde0e9624d61bde0e2adc1c6ea98",
  "licenses": [
    {
      "name": "ODC-PDDL-1.0",
      "path": "http://opendatacommons.org/licenses/pddl/",
      "title": "Open Data Commons Public Domain Dedication and License v1.0"
    }
  ],
  "resources": [
    {
      "profile": "data-resource",
      "format": "npy",
      "mediatype": "application/octet-stream",
      "name": "CML_v4.8_2016_eutrophication_eutrophication_fate_not_incl._matrix_data.indices",
      "matrix": "characterization_matrix",
      "kind": "indices",
      "path": "CML_v4.8_2016_eutrophication_eutrophication_fate_not_incl._matrix_data.indices.npy",
      "group": "CML_v4.8_2016_eutrophication_eutrophication_fate_not_incl._matrix_data",
      "nrows": 83,
      "global_index": 1,
      "identifier": [
        "CML v4.8 2016",
        "eutrophication",
        "eutrophication (fate not incl.)"
      ],
      "category": "vector"
    },
    {
      "profile": "data-resource",
      "format": "npy",
      "mediatype": "application/octet-stream",
      "name": "CML_v4.8_2016_eutrophication_eutrophication_fate_not_incl._matrix_data.data",
      "matrix": "characterization_matrix",
      "kind": "data",
      "path": "CML_v4.8_2016_eutrophication_eutrophication_fate_not_incl._matrix_data.data.npy",
      "group": "CML_v4.8_2016_eutrophication_eutrophication_fate_not_incl._matrix_data",
      "nrows": 83,
      "global_index": 1,
      "identifier": [
        "CML v4.8 2016",
        "eutrophication",
        "eutrophication (fate not incl.)"
      ],
      "category": "vector"
    }
  ],
  "created": "2024-06-16T12:09:01.498937+00:00Z",
  "combinatorial": false,
  "sequential": false,
  "seed": null,
  "sum_intra_duplicates": true,
  "sum_inter_duplicates": false,
  "matrix_serialize_format_type": "numpy"
}