{
  "profile": "data-package",
  "name": "cml-v48-2016ea.48bc7aa078213d04df81ded6e6235e42.zip",
  "id": "3889982300c0468991aa8164751e87a9",
  "licenses": [
    {
      "name": "ODC-PDDL-1.0",
      "path": "http://opendatacommons.org/licenses/pddl/",
      "title": "Open Data Commons Public Domain Dedication and License v1.0"
    }
  ],
  "resources": [
    {
      "profile": "data-resource",
      "format": "npy",
      "mediatype": "application/octet-stream",
      "name": "CML_v4.8_2016_energy_resources_non-renewable_abiotic_depletion_potential_ADP_fossil_fuels_matrix_data.indices",
      "matrix": "characterization_matrix",
      "kind": "indices",
      "path": "CML_v4.8_2016_energy_resources_non-renewable_abiotic_depletion_potential_ADP_fossil_fuels_matrix_data.indices.npy",
      "group": "CML_v4.8_2016_energy_resources_non-renewable_abiotic_depletion_potential_ADP_fossil_fuels_matrix_data",
      "nrows": 5,
      "global_index": 1,
      "identifier": [
        "CML v4.8 2016",
        "energy resources: non-renewable",
        "abiotic depletion potential (ADP): fossil fuels"
      ],
      "category": "vector"
    },
    {
      "profile": "data-resource",
      "format": "npy",
      "mediatype": "application/octet-stream",
      "name": "CML_v4.8_2016_energy_resources_non-renewable_abiotic_depletion_potential_ADP_fossil_fuels_matrix_data.data",
      "matrix": "characterization_matrix",
      "kind": "data",
      "path": "CML_v4.8_2016_energy_resources_non-renewable_abiotic_depletion_potential_ADP_fossil_fuels_matrix_data.data.npy",
      "group": "CML_v4.8_2016_energy_resources_non-renewable_abiotic_depletion_potential_ADP_fossil_fuels_matrix_data",
      "nrows": 5,
      "global_index": 1,
      "identifier": [
        "CML v4.8 2016",
        "energy resources: non-renewable",
        "abiotic depletion potential (ADP): fossil fuels"
      ],
      "category": "vector"
    }
  ],
  "created": "2024-06-16T12:09:01.497584+00:00Z",
  "combinatorial": false,
  "sequential": false,
  "seed": null,
  "sum_intra_duplicates": true,
  "sum_inter_duplicates": false,
  "matrix_serialize_format_type": "numpy"
}