{
  "profile": "data-package",
  "name": "traci-v21pp.820e7c3be8bb97e6d88e559c218ea103.zip",
  "id": "dd4a5c34355944a0b7a0e9d54219a155",
  "licenses": [
    {
      "name": "ODC-PDDL-1.0",
      "path": "http://opendatacommons.org/licenses/pddl/",
      "title": "Open Data Commons Public Domain Dedication and License v1.0"
    }
  ],
  "resources": [
    {
      "profile": "data-resource",
      "format": "npy",
      "mediatype": "application/octet-stream",
      "name": "TRACI_v2.1_particulate_matter_formation_particulate_matter_formation_potential_PMFP_matrix_data.indices",
      "matrix": "characterization_matrix",
      "kind": "indices",
      "path": "TRACI_v2.1_particulate_matter_formation_particulate_matter_formation_potential_PMFP_matrix_data.indices.npy",
      "group": "TRACI_v2.1_particulate_matter_formation_particulate_matter_formation_potential_PMFP_matrix_data",
      "nrows": 36,
      "global_index": 1,
      "identifier": [
        "TRACI v2.1",
        "particulate matter formation",
        "particulate matter formation potential (PMFP)"
      ],
      "category": "vector"
    },
    {
      "profile": "data-resource",
      "format": "npy",
      "mediatype": "application/octet-stream",
      "name": "TRACI_v2.1_particulate_matter_formation_particulate_matter_formation_potential_PMFP_matrix_data.data",
      "matrix": "characterization_matrix",
      "kind": "data",
      "path": "TRACI_v2.1_particulate_matter_formation_particulate_matter_formation_potential_PMFP_matrix_data.data.npy",
      "group": "TRACI_v2.1_particulate_matter_formation_particulate_matter_formation_potential_PMFP_matrix_data",
      "nrows": 36,
      "global_index": 1,
      "identifier": [
        "TRACI v2.1",
        "particulate matter formation",
        "particulate matter formation potential (PMFP)"
      ],
      "category": "vector"
    }
  ],
  "created": "2024-06-16T12:09:03.336413+00:00Z",
  "combinatorial": false,
  "sequential": false,
  "seed": null,
  "sum_intra_duplicates": true,
  "sum_inter_duplicates": false,
  "matrix_serialize_format_type": "numpy"
}