{
  "profile": "data-package",
  "name": "cumulative-energy-demand-cedte.a9b5eb5934dd1f9719796c9625f25a11.zip",
  "id": "afaa298eb09249c0bd425f1908a3f55f",
  "licenses": [
    {
      "name": "ODC-PDDL-1.0",
      "path": "http://opendatacommons.org/licenses/pddl/",
      "title": "Open Data Commons Public Domain Dedication and License v1.0"
    }
  ],
  "resources": [
    {
      "profile": "data-resource",
      "format": "npy",
      "mediatype": "application/octet-stream",
      "name": "Cumulative_Energy_Demand_CED_total_energy_content_HHV_matrix_data.indices",
      "matrix": "characterization_matrix",
      "kind": "indices",
      "path": "Cumulative_Energy_Demand_CED_total_energy_content_HHV_matrix_data.indices.npy",
      "group": "Cumulative_Energy_Demand_CED_total_energy_content_HHV_matrix_data",
      "nrows": 13,
      "global_index": 1,
      "identifier": [
        "Cumulative Energy Demand (CED)",
        "total",
        "energy content (HHV)"
      ],
      "category": "vector"
    },
    {
      "profile": "data-resource",
      "format": "npy",
      "mediatype": "application/octet-stream",
      "name": "Cumulative_Energy_Demand_CED_total_energy_content_HHV_matrix_data.data",
      "matrix": "characterization_matrix",
      "kind": "data",
      "path": "Cumulative_Energy_Demand_CED_total_energy_content_HHV_matrix_data.data.npy",
      "group": "Cumulative_Energy_Demand_CED_total_energy_content_HHV_matrix_data",
      "nrows": 13,
      "global_index": 1,
      "identifier": [
        "Cumulative Energy Demand (CED)",
        "total",
        "energy content (HHV)"
      ],
      "category": "vector"
    }
  ],
  "created": "2024-06-16T12:09:01.524035+00:00Z",
  "combinatorial": false,
  "sequential": false,
  "seed": null,
  "sum_intra_duplicates": true,
  "sum_inter_duplicates": false,
  "matrix_serialize_format_type": "numpy"
}