{
  "profile": "data-package",
  "name": "ecological-scarcity-2021mm.e4a0e67507faa7eebfb99ac0cf17d11f.zip",
  "id": "e88235d03c5b4829bf56612dbae2e493",
  "licenses": [
    {
      "name": "ODC-PDDL-1.0",
      "path": "http://opendatacommons.org/licenses/pddl/",
      "title": "Open Data Commons Public Domain Dedication and License v1.0"
    }
  ],
  "resources": [
    {
      "profile": "data-resource",
      "format": "npy",
      "mediatype": "application/octet-stream",
      "name": "Ecological_Scarcity_2021_mineral_resources_mineral_resources_matrix_data.indices",
      "matrix": "characterization_matrix",
      "kind": "indices",
      "path": "Ecological_Scarcity_2021_mineral_resources_mineral_resources_matrix_data.indices.npy",
      "group": "Ecological_Scarcity_2021_mineral_resources_mineral_resources_matrix_data",
      "nrows": 76,
      "global_index": 1,
      "identifier": [
        "Ecological Scarcity 2021",
        "mineral resources",
        "mineral resources"
      ],
      "category": "vector"
    },
    {
      "profile": "data-resource",
      "format": "npy",
      "mediatype": "application/octet-stream",
      "name": "Ecological_Scarcity_2021_mineral_resources_mineral_resources_matrix_data.data",
      "matrix": "characterization_matrix",
      "kind": "data",
      "path": "Ecological_Scarcity_2021_mineral_resources_mineral_resources_matrix_data.data.npy",
      "group": "Ecological_Scarcity_2021_mineral_resources_mineral_resources_matrix_data",
      "nrows": 76,
      "global_index": 1,
      "identifier": [
        "Ecological Scarcity 2021",
        "mineral resources",
        "mineral resources"
      ],
      "category": "vector"
    }
  ],
  "created": "2024-06-16T12:09:01.615292+00:00Z",
  "combinatorial": false,
  "sequential": false,
  "seed": null,
  "sum_intra_duplicates": true,
  "sum_inter_duplicates": false,
  "matrix_serialize_format_type": "numpy"
}