{
  "profile": "data-package",
  "name": "traci-v21aa.85160c632b08123ba630538a4749a1da.zip",
  "id": "b937b24f1b5348a7a8485d1857b83460",
  "licenses": [
    {
      "name": "ODC-PDDL-1.0",
      "path": "http://opendatacommons.org/licenses/pddl/",
      "title": "Open Data Commons Public Domain Dedication and License v1.0"
    }
  ],
  "resources": [
    {
      "profile": "data-resource",
      "format": "npy",
      "mediatype": "application/octet-stream",
      "name": "TRACI_v2.1_acidification_acidification_potential_AP_matrix_data.indices",
      "matrix": "characterization_matrix",
      "kind": "indices",
      "path": "TRACI_v2.1_acidification_acidification_potential_AP_matrix_data.indices.npy",
      "group": "TRACI_v2.1_acidification_acidification_potential_AP_matrix_data",
      "nrows": 42,
      "global_index": 1,
      "identifier": [
        "TRACI v2.1",
        "acidification",
        "acidification potential (AP)"
      ],
      "category": "vector"
    },
    {
      "profile": "data-resource",
      "format": "npy",
      "mediatype": "application/octet-stream",
      "name": "TRACI_v2.1_acidification_acidification_potential_AP_matrix_data.data",
      "matrix": "characterization_matrix",
      "kind": "data",
      "path": "TRACI_v2.1_acidification_acidification_potential_AP_matrix_data.data.npy",
      "group": "TRACI_v2.1_acidification_acidification_potential_AP_matrix_data",
      "nrows": 42,
      "global_index": 1,
      "identifier": [
        "TRACI v2.1",
        "acidification",
        "acidification potential (AP)"
      ],
      "category": "vector"
    }
  ],
  "created": "2024-06-16T12:09:03.305816+00:00Z",
  "combinatorial": false,
  "sequential": false,
  "seed": null,
  "sum_intra_duplicates": true,
  "sum_inter_duplicates": false,
  "matrix_serialize_format_type": "numpy"
}