{
  "profile": "data-package",
  "name": "inventory-results-and-indicatorsep.d9c7389d15ae0b0a260854f8b4d69a5a.zip",
  "id": "2b3ba1a60877406a8e79876d8d000c3b",
  "licenses": [
    {
      "name": "ODC-PDDL-1.0",
      "path": "http://opendatacommons.org/licenses/pddl/",
      "title": "Open Data Commons Public Domain Dedication and License v1.0"
    }
  ],
  "resources": [
    {
      "profile": "data-resource",
      "format": "npy",
      "mediatype": "application/octet-stream",
      "name": "Inventory_results_and_indicators_emissions_to_air_photochemical_oxidants_including_ozone_matrix_data.indices",
      "matrix": "characterization_matrix",
      "kind": "indices",
      "path": "Inventory_results_and_indicators_emissions_to_air_photochemical_oxidants_including_ozone_matrix_data.indices.npy",
      "group": "Inventory_results_and_indicators_emissions_to_air_photochemical_oxidants_including_ozone_matrix_data",
      "nrows": 573,
      "global_index": 1,
      "identifier": [
        "Inventory results and indicators",
        "emissions to air",
        "photochemical oxidants (including ozone)"
      ],
      "category": "vector"
    },
    {
      "profile": "data-resource",
      "format": "npy",
      "mediatype": "application/octet-stream",
      "name": "Inventory_results_and_indicators_emissions_to_air_photochemical_oxidants_including_ozone_matrix_data.data",
      "matrix": "characterization_matrix",
      "kind": "data",
      "path": "Inventory_results_and_indicators_emissions_to_air_photochemical_oxidants_including_ozone_matrix_data.data.npy",
      "group": "Inventory_results_and_indicators_emissions_to_air_photochemical_oxidants_including_ozone_matrix_data",
      "nrows": 573,
      "global_index": 1,
      "identifier": [
        "Inventory results and indicators",
        "emissions to air",
        "photochemical oxidants (including ozone)"
      ],
      "category": "vector"
    }
  ],
  "created": "2024-06-16T12:09:02.098144+00:00Z",
  "combinatorial": false,
  "sequential": false,
  "seed": null,
  "sum_intra_duplicates": true,
  "sum_inter_duplicates": false,
  "matrix_serialize_format_type": "numpy"
}