{
  "profile": "data-package",
  "name": "recipe-2016-v103-midpoint-h-no-ltpp.6ae32bd78e4ae759f8af4cc3e95236b3.zip",
  "id": "0447376f043e4e2eb0b2903f42bbae88",
  "licenses": [
    {
      "name": "ODC-PDDL-1.0",
      "path": "http://opendatacommons.org/licenses/pddl/",
      "title": "Open Data Commons Public Domain Dedication and License v1.0"
    }
  ],
  "resources": [
    {
      "profile": "data-resource",
      "format": "npy",
      "mediatype": "application/octet-stream",
      "name": "ReCiPe_2016_v1.03_midpoint_H_no_LT_particulate_matter_formation_no_LT_particulate_matter_formation_potential_PMFP_no_LT_matrix_data.indices",
      "matrix": "characterization_matrix",
      "kind": "indices",
      "path": "ReCiPe_2016_v1.03_midpoint_H_no_LT_particulate_matter_formation_no_LT_particulate_matter_formation_potential_PMFP_no_LT_matrix_data.indices.npy",
      "group": "ReCiPe_2016_v1.03_midpoint_H_no_LT_particulate_matter_formation_no_LT_particulate_matter_formation_potential_PMFP_no_LT_matrix_data",
      "nrows": 23,
      "global_index": 1,
      "identifier": [
        "ReCiPe 2016 v1.03, midpoint (H) no LT",
        "particulate matter formation no LT",
        "particulate matter formation potential (PMFP) no LT"
      ],
      "category": "vector"
    },
    {
      "profile": "data-resource",
      "format": "npy",
      "mediatype": "application/octet-stream",
      "name": "ReCiPe_2016_v1.03_midpoint_H_no_LT_particulate_matter_formation_no_LT_particulate_matter_formation_potential_PMFP_no_LT_matrix_data.data",
      "matrix": "characterization_matrix",
      "kind": "data",
      "path": "ReCiPe_2016_v1.03_midpoint_H_no_LT_particulate_matter_formation_no_LT_particulate_matter_formation_potential_PMFP_no_LT_matrix_data.data.npy",
      "group": "ReCiPe_2016_v1.03_midpoint_H_no_LT_particulate_matter_formation_no_LT_particulate_matter_formation_potential_PMFP_no_LT_matrix_data",
      "nrows": 23,
      "global_index": 1,
      "identifier": [
        "ReCiPe 2016 v1.03, midpoint (H) no LT",
        "particulate matter formation no LT",
        "particulate matter formation potential (PMFP) no LT"
      ],
      "category": "vector"
    }
  ],
  "created": "2024-06-16T12:09:03.038432+00:00Z",
  "combinatorial": false,
  "sequential": false,
  "seed": null,
  "sum_intra_duplicates": true,
  "sum_inter_duplicates": false,
  "matrix_serialize_format_type": "numpy"
}