{
  "profile": "data-package",
  "name": "ef-v30-en15804ec.0c72f454d1535ed9435672c6c23002f7.zip",
  "id": "90d3d978d056475681dd00dbc0711ce4",
  "licenses": [
    {
      "name": "ODC-PDDL-1.0",
      "path": "http://opendatacommons.org/licenses/pddl/",
      "title": "Open Data Commons Public Domain Dedication and License v1.0"
    }
  ],
  "resources": [
    {
      "profile": "data-resource",
      "format": "npy",
      "mediatype": "application/octet-stream",
      "name": "EF_v3.0_EN15804_ecotoxicity_freshwater_comparative_toxic_unit_for_ecosystems_CTUe_matrix_data.indices",
      "matrix": "characterization_matrix",
      "kind": "indices",
      "path": "EF_v3.0_EN15804_ecotoxicity_freshwater_comparative_toxic_unit_for_ecosystems_CTUe_matrix_data.indices.npy",
      "group": "EF_v3.0_EN15804_ecotoxicity_freshwater_comparative_toxic_unit_for_ecosystems_CTUe_matrix_data",
      "nrows": 2422,
      "global_index": 1,
      "identifier": [
        "EF v3.0 EN15804",
        "ecotoxicity: freshwater",
        "comparative toxic unit for ecosystems (CTUe)"
      ],
      "category": "vector"
    },
    {
      "profile": "data-resource",
      "format": "npy",
      "mediatype": "application/octet-stream",
      "name": "EF_v3.0_EN15804_ecotoxicity_freshwater_comparative_toxic_unit_for_ecosystems_CTUe_matrix_data.data",
      "matrix": "characterization_matrix",
      "kind": "data",
      "path": "EF_v3.0_EN15804_ecotoxicity_freshwater_comparative_toxic_unit_for_ecosystems_CTUe_matrix_data.data.npy",
      "group": "EF_v3.0_EN15804_ecotoxicity_freshwater_comparative_toxic_unit_for_ecosystems_CTUe_matrix_data",
      "nrows": 2422,
      "global_index": 1,
      "identifier": [
        "EF v3.0 EN15804",
        "ecotoxicity: freshwater",
        "comparative toxic unit for ecosystems (CTUe)"
      ],
      "category": "vector"
    }
  ],
  "created": "2024-06-16T12:09:03.435089+00:00Z",
  "combinatorial": false,
  "sequential": false,
  "seed": null,
  "sum_intra_duplicates": true,
  "sum_inter_duplicates": false,
  "matrix_serialize_format_type": "numpy"
}