{
  "profile": "data-package",
  "name": "ef-v31ef.5f477386ad531bc81b206ca5adb1457d.zip",
  "id": "5f1ad56234be4bd7950415e0050716cd",
  "licenses": [
    {
      "name": "ODC-PDDL-1.0",
      "path": "http://opendatacommons.org/licenses/pddl/",
      "title": "Open Data Commons Public Domain Dedication and License v1.0"
    }
  ],
  "resources": [
    {
      "profile": "data-resource",
      "format": "npy",
      "mediatype": "application/octet-stream",
      "name": "EF_v3.1_eutrophication_freshwater_fraction_of_nutrients_reaching_freshwater_end_compartment_P_matrix_data.indices",
      "matrix": "characterization_matrix",
      "kind": "indices",
      "path": "EF_v3.1_eutrophication_freshwater_fraction_of_nutrients_reaching_freshwater_end_compartment_P_matrix_data.indices.npy",
      "group": "EF_v3.1_eutrophication_freshwater_fraction_of_nutrients_reaching_freshwater_end_compartment_P_matrix_data",
      "nrows": 13,
      "global_index": 1,
      "identifier": [
        "EF v3.1",
        "eutrophication: freshwater",
        "fraction of nutrients reaching freshwater end compartment (P)"
      ],
      "category": "vector"
    },
    {
      "profile": "data-resource",
      "format": "npy",
      "mediatype": "application/octet-stream",
      "name": "EF_v3.1_eutrophication_freshwater_fraction_of_nutrients_reaching_freshwater_end_compartment_P_matrix_data.data",
      "matrix": "characterization_matrix",
      "kind": "data",
      "path": "EF_v3.1_eutrophication_freshwater_fraction_of_nutrients_reaching_freshwater_end_compartment_P_matrix_data.data.npy",
      "group": "EF_v3.1_eutrophication_freshwater_fraction_of_nutrients_reaching_freshwater_end_compartment_P_matrix_data",
      "nrows": 13,
      "global_index": 1,
      "identifier": [
        "EF v3.1",
        "eutrophication: freshwater",
        "fraction of nutrients reaching freshwater end compartment (P)"
      ],
      "category": "vector"
    }
  ],
  "created": "2024-06-16T12:09:01.920998+00:00Z",
  "combinatorial": false,
  "sequential": false,
  "seed": null,
  "sum_intra_duplicates": true,
  "sum_inter_duplicates": false,
  "matrix_serialize_format_type": "numpy"
}