{
  "profile": "data-package",
  "name": "recipe-2016-v103-midpoint-epp.423aaae8d6c44237029e8c3b596d95fa.zip",
  "id": "333806c995e247b3a30c2ee09bf42c8e",
  "licenses": [
    {
      "name": "ODC-PDDL-1.0",
      "path": "http://opendatacommons.org/licenses/pddl/",
      "title": "Open Data Commons Public Domain Dedication and License v1.0"
    }
  ],
  "resources": [
    {
      "profile": "data-resource",
      "format": "npy",
      "mediatype": "application/octet-stream",
      "name": "ReCiPe_2016_v1.03_midpoint_E_photochemical_oxidant_formation_terrestrial_ecosystems_photochemical_oxidant_formation_potential_ecosystems_EOFP_matrix_data.indices",
      "matrix": "characterization_matrix",
      "kind": "indices",
      "path": "ReCiPe_2016_v1.03_midpoint_E_photochemical_oxidant_formation_terrestrial_ecosystems_photochemical_oxidant_formation_potential_ecosystems_EOFP_matrix_data.indices.npy",
      "group": "ReCiPe_2016_v1.03_midpoint_E_photochemical_oxidant_formation_terrestrial_ecosystems_photochemical_oxidant_formation_potential_ecosystems_EOFP_matrix_data",
      "nrows": 163,
      "global_index": 1,
      "identifier": [
        "ReCiPe 2016 v1.03, midpoint (E)",
        "photochemical oxidant formation: terrestrial ecosystems",
        "photochemical oxidant formation potential: ecosystems (EOFP)"
      ],
      "category": "vector"
    },
    {
      "profile": "data-resource",
      "format": "npy",
      "mediatype": "application/octet-stream",
      "name": "ReCiPe_2016_v1.03_midpoint_E_photochemical_oxidant_formation_terrestrial_ecosystems_photochemical_oxidant_formation_potential_ecosystems_EOFP_matrix_data.data",
      "matrix": "characterization_matrix",
      "kind": "data",
      "path": "ReCiPe_2016_v1.03_midpoint_E_photochemical_oxidant_formation_terrestrial_ecosystems_photochemical_oxidant_formation_potential_ecosystems_EOFP_matrix_data.data.npy",
      "group": "ReCiPe_2016_v1.03_midpoint_E_photochemical_oxidant_formation_terrestrial_ecosystems_photochemical_oxidant_formation_potential_ecosystems_EOFP_matrix_data",
      "nrows": 163,
      "global_index": 1,
      "identifier": [
        "ReCiPe 2016 v1.03, midpoint (E)",
        "photochemical oxidant formation: terrestrial ecosystems",
        "photochemical oxidant formation potential: ecosystems (EOFP)"
      ],
      "category": "vector"
    }
  ],
  "created": "2024-06-16T12:09:02.974672+00:00Z",
  "combinatorial": false,
  "sequential": false,
  "seed": null,
  "sum_intra_duplicates": true,
  "sum_inter_duplicates": false,
  "matrix_serialize_format_type": "numpy"
}