{
  "profile": "data-package",
  "name": "ecological-scarcity-2021eh.83dde213e4aa68455aeb3e040e7f5ffd.zip",
  "id": "606925f2798c47ce96457c448b843fde",
  "licenses": [
    {
      "name": "ODC-PDDL-1.0",
      "path": "http://opendatacommons.org/licenses/pddl/",
      "title": "Open Data Commons Public Domain Dedication and License v1.0"
    }
  ],
  "resources": [
    {
      "profile": "data-resource",
      "format": "npy",
      "mediatype": "application/octet-stream",
      "name": "Ecological_Scarcity_2021_emissions_to_water_heavy_metals_into_water_matrix_data.indices",
      "matrix": "characterization_matrix",
      "kind": "indices",
      "path": "Ecological_Scarcity_2021_emissions_to_water_heavy_metals_into_water_matrix_data.indices.npy",
      "group": "Ecological_Scarcity_2021_emissions_to_water_heavy_metals_into_water_matrix_data",
      "nrows": 39,
      "global_index": 1,
      "identifier": [
        "Ecological Scarcity 2021",
        "emissions to water",
        "heavy metals into water"
      ],
      "category": "vector"
    },
    {
      "profile": "data-resource",
      "format": "npy",
      "mediatype": "application/octet-stream",
      "name": "Ecological_Scarcity_2021_emissions_to_water_heavy_metals_into_water_matrix_data.data",
      "matrix": "characterization_matrix",
      "kind": "data",
      "path": "Ecological_Scarcity_2021_emissions_to_water_heavy_metals_into_water_matrix_data.data.npy",
      "group": "Ecological_Scarcity_2021_emissions_to_water_heavy_metals_into_water_matrix_data",
      "nrows": 39,
      "global_index": 1,
      "identifier": [
        "Ecological Scarcity 2021",
        "emissions to water",
        "heavy metals into water"
      ],
      "category": "vector"
    }
  ],
  "created": "2024-06-16T12:09:01.605975+00:00Z",
  "combinatorial": false,
  "sequential": false,
  "seed": null,
  "sum_intra_duplicates": true,
  "sum_inter_duplicates": false,
  "matrix_serialize_format_type": "numpy"
}