{
  "profile": "data-package",
  "name": "ecological-scarcity-2021ep.441fb128158bec419a9312ad8328ba42.zip",
  "id": "f39cd1602934449995a16f4c7dc26f5f",
  "licenses": [
    {
      "name": "ODC-PDDL-1.0",
      "path": "http://opendatacommons.org/licenses/pddl/",
      "title": "Open Data Commons Public Domain Dedication and License v1.0"
    }
  ],
  "resources": [
    {
      "profile": "data-resource",
      "format": "npy",
      "mediatype": "application/octet-stream",
      "name": "Ecological_Scarcity_2021_emissions_to_soil_pesticides_into_soil_matrix_data.indices",
      "matrix": "characterization_matrix",
      "kind": "indices",
      "path": "Ecological_Scarcity_2021_emissions_to_soil_pesticides_into_soil_matrix_data.indices.npy",
      "group": "Ecological_Scarcity_2021_emissions_to_soil_pesticides_into_soil_matrix_data",
      "nrows": 369,
      "global_index": 1,
      "identifier": [
        "Ecological Scarcity 2021",
        "emissions to soil",
        "pesticides into soil"
      ],
      "category": "vector"
    },
    {
      "profile": "data-resource",
      "format": "npy",
      "mediatype": "application/octet-stream",
      "name": "Ecological_Scarcity_2021_emissions_to_soil_pesticides_into_soil_matrix_data.data",
      "matrix": "characterization_matrix",
      "kind": "data",
      "path": "Ecological_Scarcity_2021_emissions_to_soil_pesticides_into_soil_matrix_data.data.npy",
      "group": "Ecological_Scarcity_2021_emissions_to_soil_pesticides_into_soil_matrix_data",
      "nrows": 369,
      "global_index": 1,
      "identifier": [
        "Ecological Scarcity 2021",
        "emissions to soil",
        "pesticides into soil"
      ],
      "category": "vector"
    }
  ],
  "created": "2024-06-16T12:09:01.603876+00:00Z",
  "combinatorial": false,
  "sequential": false,
  "seed": null,
  "sum_intra_duplicates": true,
  "sum_inter_duplicates": false,
  "matrix_serialize_format_type": "numpy"
}