{
  "profile": "data-package",
  "name": "usetox-v213-endpointhh.7e9bda2e4d82ccee1a1103c842c29f28.zip",
  "id": "e2ef54934f6e4f858fde108f818f939a",
  "licenses": [
    {
      "name": "ODC-PDDL-1.0",
      "path": "http://opendatacommons.org/licenses/pddl/",
      "title": "Open Data Commons Public Domain Dedication and License v1.0"
    }
  ],
  "resources": [
    {
      "profile": "data-resource",
      "format": "npy",
      "mediatype": "application/octet-stream",
      "name": "USEtox_v2.13_endpoint_human_health_human_toxicity_carcinogenic_matrix_data.indices",
      "matrix": "characterization_matrix",
      "kind": "indices",
      "path": "USEtox_v2.13_endpoint_human_health_human_toxicity_carcinogenic_matrix_data.indices.npy",
      "group": "USEtox_v2.13_endpoint_human_health_human_toxicity_carcinogenic_matrix_data",
      "nrows": 536,
      "global_index": 1,
      "identifier": [
        "USEtox v2.13, endpoint",
        "human health",
        "human toxicity: carcinogenic"
      ],
      "category": "vector"
    },
    {
      "profile": "data-resource",
      "format": "npy",
      "mediatype": "application/octet-stream",
      "name": "USEtox_v2.13_endpoint_human_health_human_toxicity_carcinogenic_matrix_data.data",
      "matrix": "characterization_matrix",
      "kind": "data",
      "path": "USEtox_v2.13_endpoint_human_health_human_toxicity_carcinogenic_matrix_data.data.npy",
      "group": "USEtox_v2.13_endpoint_human_health_human_toxicity_carcinogenic_matrix_data",
      "nrows": 536,
      "global_index": 1,
      "identifier": [
        "USEtox v2.13, endpoint",
        "human health",
        "human toxicity: carcinogenic"
      ],
      "category": "vector"
    }
  ],
  "created": "2024-06-16T12:09:03.369229+00:00Z",
  "combinatorial": false,
  "sequential": false,
  "seed": null,
  "sum_intra_duplicates": true,
  "sum_inter_duplicates": false,
  "matrix_serialize_format_type": "numpy"
}