{
  "profile": "data-package",
  "name": "recipe-2016-v103-endpoint-inm.1ed5b73965e42542ac1f7a8ade96b473.zip",
  "id": "1ddc949097a14574b998e839ef1880ba",
  "licenses": [
    {
      "name": "ODC-PDDL-1.0",
      "path": "http://opendatacommons.org/licenses/pddl/",
      "title": "Open Data Commons Public Domain Dedication and License v1.0"
    }
  ],
  "resources": [
    {
      "profile": "data-resource",
      "format": "npy",
      "mediatype": "application/octet-stream",
      "name": "ReCiPe_2016_v1.03_endpoint_I_natural_resources_material_resources_metals_minerals_matrix_data.indices",
      "matrix": "characterization_matrix",
      "kind": "indices",
      "path": "ReCiPe_2016_v1.03_endpoint_I_natural_resources_material_resources_metals_minerals_matrix_data.indices.npy",
      "group": "ReCiPe_2016_v1.03_endpoint_I_natural_resources_material_resources_metals_minerals_matrix_data",
      "nrows": 59,
      "global_index": 1,
      "identifier": [
        "ReCiPe 2016 v1.03, endpoint (I)",
        "natural resources",
        "material resources: metals/minerals"
      ],
      "category": "vector"
    },
    {
      "profile": "data-resource",
      "format": "npy",
      "mediatype": "application/octet-stream",
      "name": "ReCiPe_2016_v1.03_endpoint_I_natural_resources_material_resources_metals_minerals_matrix_data.data",
      "matrix": "characterization_matrix",
      "kind": "data",
      "path": "ReCiPe_2016_v1.03_endpoint_I_natural_resources_material_resources_metals_minerals_matrix_data.data.npy",
      "group": "ReCiPe_2016_v1.03_endpoint_I_natural_resources_material_resources_metals_minerals_matrix_data",
      "nrows": 59,
      "global_index": 1,
      "identifier": [
        "ReCiPe 2016 v1.03, endpoint (I)",
        "natural resources",
        "material resources: metals/minerals"
      ],
      "category": "vector"
    }
  ],
  "created": "2024-06-16T12:09:02.824353+00:00Z",
  "combinatorial": false,
  "sequential": false,
  "seed": null,
  "sum_intra_duplicates": true,
  "sum_inter_duplicates": false,
  "matrix_serialize_format_type": "numpy"
}