{
  "profile": "data-package",
  "name": "recipe-2016-v103-midpoint-ehh.5fc0154e1c3ca6d58d48d5b25fdb4de1.zip",
  "id": "e1ae802f443f419fa22ca4c32ecfbd6a",
  "licenses": [
    {
      "name": "ODC-PDDL-1.0",
      "path": "http://opendatacommons.org/licenses/pddl/",
      "title": "Open Data Commons Public Domain Dedication and License v1.0"
    }
  ],
  "resources": [
    {
      "profile": "data-resource",
      "format": "npy",
      "mediatype": "application/octet-stream",
      "name": "ReCiPe_2016_v1.03_midpoint_E_human_toxicity_non-carcinogenic_human_toxicity_potential_HTPnc_matrix_data.indices",
      "matrix": "characterization_matrix",
      "kind": "indices",
      "path": "ReCiPe_2016_v1.03_midpoint_E_human_toxicity_non-carcinogenic_human_toxicity_potential_HTPnc_matrix_data.indices.npy",
      "group": "ReCiPe_2016_v1.03_midpoint_E_human_toxicity_non-carcinogenic_human_toxicity_potential_HTPnc_matrix_data",
      "nrows": 1134,
      "global_index": 1,
      "identifier": [
        "ReCiPe 2016 v1.03, midpoint (E)",
        "human toxicity: non-carcinogenic",
        "human toxicity potential (HTPnc)"
      ],
      "category": "vector"
    },
    {
      "profile": "data-resource",
      "format": "npy",
      "mediatype": "application/octet-stream",
      "name": "ReCiPe_2016_v1.03_midpoint_E_human_toxicity_non-carcinogenic_human_toxicity_potential_HTPnc_matrix_data.data",
      "matrix": "characterization_matrix",
      "kind": "data",
      "path": "ReCiPe_2016_v1.03_midpoint_E_human_toxicity_non-carcinogenic_human_toxicity_potential_HTPnc_matrix_data.data.npy",
      "group": "ReCiPe_2016_v1.03_midpoint_E_human_toxicity_non-carcinogenic_human_toxicity_potential_HTPnc_matrix_data",
      "nrows": 1134,
      "global_index": 1,
      "identifier": [
        "ReCiPe 2016 v1.03, midpoint (E)",
        "human toxicity: non-carcinogenic",
        "human toxicity potential (HTPnc)"
      ],
      "category": "vector"
    }
  ],
  "created": "2024-06-16T12:09:02.951132+00:00Z",
  "combinatorial": false,
  "sequential": false,
  "seed": null,
  "sum_intra_duplicates": true,
  "sum_inter_duplicates": false,
  "matrix_serialize_format_type": "numpy"
}