{
  "profile": "data-package",
  "name": "inventory-results-and-indicatorseh.d54eb02469163782c9ecc90fdb460fb1.zip",
  "id": "39343eb9eba84491a0ae3e41d4746c12",
  "licenses": [
    {
      "name": "ODC-PDDL-1.0",
      "path": "http://opendatacommons.org/licenses/pddl/",
      "title": "Open Data Commons Public Domain Dedication and License v1.0"
    }
  ],
  "resources": [
    {
      "profile": "data-resource",
      "format": "npy",
      "mediatype": "application/octet-stream",
      "name": "Inventory_results_and_indicators_emissions_to_air_HAPs_matrix_data.indices",
      "matrix": "characterization_matrix",
      "kind": "indices",
      "path": "Inventory_results_and_indicators_emissions_to_air_HAPs_matrix_data.indices.npy",
      "group": "Inventory_results_and_indicators_emissions_to_air_HAPs_matrix_data",
      "nrows": 203,
      "global_index": 1,
      "identifier": [
        "Inventory results and indicators",
        "emissions to air",
        "HAPs"
      ],
      "category": "vector"
    },
    {
      "profile": "data-resource",
      "format": "npy",
      "mediatype": "application/octet-stream",
      "name": "Inventory_results_and_indicators_emissions_to_air_HAPs_matrix_data.data",
      "matrix": "characterization_matrix",
      "kind": "data",
      "path": "Inventory_results_and_indicators_emissions_to_air_HAPs_matrix_data.data.npy",
      "group": "Inventory_results_and_indicators_emissions_to_air_HAPs_matrix_data",
      "nrows": 203,
      "global_index": 1,
      "identifier": [
        "Inventory results and indicators",
        "emissions to air",
        "HAPs"
      ],
      "category": "vector"
    }
  ],
  "created": "2024-06-16T12:09:02.101490+00:00Z",
  "combinatorial": false,
  "sequential": false,
  "seed": null,
  "sum_intra_duplicates": true,
  "sum_inter_duplicates": false,
  "matrix_serialize_format_type": "numpy"
}