{
  "profile": "data-package",
  "name": "cml-v48-2016-no-ltef.7bcf2b54b0276df08edfbd557353fcec.zip",
  "id": "5483bd4990324d6aa9e86a3adcb20c90",
  "licenses": [
    {
      "name": "ODC-PDDL-1.0",
      "path": "http://opendatacommons.org/licenses/pddl/",
      "title": "Open Data Commons Public Domain Dedication and License v1.0"
    }
  ],
  "resources": [
    {
      "profile": "data-resource",
      "format": "npy",
      "mediatype": "application/octet-stream",
      "name": "CML_v4.8_2016_no_LT_ecotoxicity_freshwater_no_LT_freshwater_aquatic_ecotoxicity_FAETP_inf_no_LT_matrix_data.indices",
      "matrix": "characterization_matrix",
      "kind": "indices",
      "path": "CML_v4.8_2016_no_LT_ecotoxicity_freshwater_no_LT_freshwater_aquatic_ecotoxicity_FAETP_inf_no_LT_matrix_data.indices.npy",
      "group": "CML_v4.8_2016_no_LT_ecotoxicity_freshwater_no_LT_freshwater_aquatic_ecotoxicity_FAETP_inf_no_LT_matrix_data",
      "nrows": 664,
      "global_index": 1,
      "identifier": [
        "CML v4.8 2016 no LT",
        "ecotoxicity: freshwater no LT",
        "freshwater aquatic ecotoxicity (FAETP inf) no LT"
      ],
      "category": "vector"
    },
    {
      "profile": "data-resource",
      "format": "npy",
      "mediatype": "application/octet-stream",
      "name": "CML_v4.8_2016_no_LT_ecotoxicity_freshwater_no_LT_freshwater_aquatic_ecotoxicity_FAETP_inf_no_LT_matrix_data.data",
      "matrix": "characterization_matrix",
      "kind": "data",
      "path": "CML_v4.8_2016_no_LT_ecotoxicity_freshwater_no_LT_freshwater_aquatic_ecotoxicity_FAETP_inf_no_LT_matrix_data.data.npy",
      "group": "CML_v4.8_2016_no_LT_ecotoxicity_freshwater_no_LT_freshwater_aquatic_ecotoxicity_FAETP_inf_no_LT_matrix_data",
      "nrows": 664,
      "global_index": 1,
      "identifier": [
        "CML v4.8 2016 no LT",
        "ecotoxicity: freshwater no LT",
        "freshwater aquatic ecotoxicity (FAETP inf) no LT"
      ],
      "category": "vector"
    }
  ],
  "created": "2024-06-16T12:09:01.464285+00:00Z",
  "combinatorial": false,
  "sequential": false,
  "seed": null,
  "sum_intra_duplicates": true,
  "sum_inter_duplicates": false,
  "matrix_serialize_format_type": "numpy"
}