{
  "profile": "data-package",
  "name": "cml-v48-2016-no-ltea.e5a75f64df67c7a7d83e4165deef7bfc.zip",
  "id": "01ce563438c74f03a516dda6da4b27d8",
  "licenses": [
    {
      "name": "ODC-PDDL-1.0",
      "path": "http://opendatacommons.org/licenses/pddl/",
      "title": "Open Data Commons Public Domain Dedication and License v1.0"
    }
  ],
  "resources": [
    {
      "profile": "data-resource",
      "format": "npy",
      "mediatype": "application/octet-stream",
      "name": "CML_v4.8_2016_no_LT_energy_resources_non-renewable_no_LT_abiotic_depletion_potential_ADP_fossil_fuels_no_LT_matrix_data.indices",
      "matrix": "characterization_matrix",
      "kind": "indices",
      "path": "CML_v4.8_2016_no_LT_energy_resources_non-renewable_no_LT_abiotic_depletion_potential_ADP_fossil_fuels_no_LT_matrix_data.indices.npy",
      "group": "CML_v4.8_2016_no_LT_energy_resources_non-renewable_no_LT_abiotic_depletion_potential_ADP_fossil_fuels_no_LT_matrix_data",
      "nrows": 5,
      "global_index": 1,
      "identifier": [
        "CML v4.8 2016 no LT",
        "energy resources: non-renewable no LT",
        "abiotic depletion potential (ADP): fossil fuels no LT"
      ],
      "category": "vector"
    },
    {
      "profile": "data-resource",
      "format": "npy",
      "mediatype": "application/octet-stream",
      "name": "CML_v4.8_2016_no_LT_energy_resources_non-renewable_no_LT_abiotic_depletion_potential_ADP_fossil_fuels_no_LT_matrix_data.data",
      "matrix": "characterization_matrix",
      "kind": "data",
      "path": "CML_v4.8_2016_no_LT_energy_resources_non-renewable_no_LT_abiotic_depletion_potential_ADP_fossil_fuels_no_LT_matrix_data.data.npy",
      "group": "CML_v4.8_2016_no_LT_energy_resources_non-renewable_no_LT_abiotic_depletion_potential_ADP_fossil_fuels_no_LT_matrix_data",
      "nrows": 5,
      "global_index": 1,
      "identifier": [
        "CML v4.8 2016 no LT",
        "energy resources: non-renewable no LT",
        "abiotic depletion potential (ADP): fossil fuels no LT"
      ],
      "category": "vector"
    }
  ],
  "created": "2024-06-16T12:09:01.472688+00:00Z",
  "combinatorial": false,
  "sequential": false,
  "seed": null,
  "sum_intra_duplicates": true,
  "sum_inter_duplicates": false,
  "matrix_serialize_format_type": "numpy"
}