{
  "profile": "data-package",
  "name": "ef-v30-en15804cg.f2b0fddbee1af89e5d0842f972168659.zip",
  "id": "3d5cfc522fe845829a8b19b48d169f40",
  "licenses": [
    {
      "name": "ODC-PDDL-1.0",
      "path": "http://opendatacommons.org/licenses/pddl/",
      "title": "Open Data Commons Public Domain Dedication and License v1.0"
    }
  ],
  "resources": [
    {
      "profile": "data-resource",
      "format": "npy",
      "mediatype": "application/octet-stream",
      "name": "EF_v3.0_EN15804_climate_change_land_use_and_land_use_change_global_warming_potential_GWP100_matrix_data.indices",
      "matrix": "characterization_matrix",
      "kind": "indices",
      "path": "EF_v3.0_EN15804_climate_change_land_use_and_land_use_change_global_warming_potential_GWP100_matrix_data.indices.npy",
      "group": "EF_v3.0_EN15804_climate_change_land_use_and_land_use_change_global_warming_potential_GWP100_matrix_data",
      "nrows": 16,
      "global_index": 1,
      "identifier": [
        "EF v3.0 EN15804",
        "climate change: land use and land use change",
        "global warming potential (GWP100)"
      ],
      "category": "vector"
    },
    {
      "profile": "data-resource",
      "format": "npy",
      "mediatype": "application/octet-stream",
      "name": "EF_v3.0_EN15804_climate_change_land_use_and_land_use_change_global_warming_potential_GWP100_matrix_data.data",
      "matrix": "characterization_matrix",
      "kind": "data",
      "path": "EF_v3.0_EN15804_climate_change_land_use_and_land_use_change_global_warming_potential_GWP100_matrix_data.data.npy",
      "group": "EF_v3.0_EN15804_climate_change_land_use_and_land_use_change_global_warming_potential_GWP100_matrix_data",
      "nrows": 16,
      "global_index": 1,
      "identifier": [
        "EF v3.0 EN15804",
        "climate change: land use and land use change",
        "global warming potential (GWP100)"
      ],
      "category": "vector"
    }
  ],
  "created": "2024-06-16T12:09:03.431073+00:00Z",
  "combinatorial": false,
  "sequential": false,
  "seed": null,
  "sum_intra_duplicates": true,
  "sum_inter_duplicates": false,
  "matrix_serialize_format_type": "numpy"
}