{
  "profile": "data-package",
  "name": "ecological-scarcity-2021eh.93e19195e52b84b077f775a2845c3176.zip",
  "id": "8bf1834c30434ed7924103fd99ce73b7",
  "licenses": [
    {
      "name": "ODC-PDDL-1.0",
      "path": "http://opendatacommons.org/licenses/pddl/",
      "title": "Open Data Commons Public Domain Dedication and License v1.0"
    }
  ],
  "resources": [
    {
      "profile": "data-resource",
      "format": "npy",
      "mediatype": "application/octet-stream",
      "name": "Ecological_Scarcity_2021_emissions_to_air_heavy_metals_into_air_matrix_data.indices",
      "matrix": "characterization_matrix",
      "kind": "indices",
      "path": "Ecological_Scarcity_2021_emissions_to_air_heavy_metals_into_air_matrix_data.indices.npy",
      "group": "Ecological_Scarcity_2021_emissions_to_air_heavy_metals_into_air_matrix_data",
      "nrows": 39,
      "global_index": 1,
      "identifier": [
        "Ecological Scarcity 2021",
        "emissions to air",
        "heavy metals into air"
      ],
      "category": "vector"
    },
    {
      "profile": "data-resource",
      "format": "npy",
      "mediatype": "application/octet-stream",
      "name": "Ecological_Scarcity_2021_emissions_to_air_heavy_metals_into_air_matrix_data.data",
      "matrix": "characterization_matrix",
      "kind": "data",
      "path": "Ecological_Scarcity_2021_emissions_to_air_heavy_metals_into_air_matrix_data.data.npy",
      "group": "Ecological_Scarcity_2021_emissions_to_air_heavy_metals_into_air_matrix_data",
      "nrows": 39,
      "global_index": 1,
      "identifier": [
        "Ecological Scarcity 2021",
        "emissions to air",
        "heavy metals into air"
      ],
      "category": "vector"
    }
  ],
  "created": "2024-06-16T12:09:01.597312+00:00Z",
  "combinatorial": false,
  "sequential": false,
  "seed": null,
  "sum_intra_duplicates": true,
  "sum_inter_duplicates": false,
  "matrix_serialize_format_type": "numpy"
}