{
  "profile": "data-package",
  "name": "ecosystem-damage-potentialle.4a837e63244195bca182c623ca7f9327.zip",
  "id": "45a8b21d42644e3a82257fb3ae39520e",
  "licenses": [
    {
      "name": "ODC-PDDL-1.0",
      "path": "http://opendatacommons.org/licenses/pddl/",
      "title": "Open Data Commons Public Domain Dedication and License v1.0"
    }
  ],
  "resources": [
    {
      "profile": "data-resource",
      "format": "npy",
      "mediatype": "application/octet-stream",
      "name": "Ecosystem_Damage_Potential_land_transformation_ecosystem_damage_potential_matrix_data.indices",
      "matrix": "characterization_matrix",
      "kind": "indices",
      "path": "Ecosystem_Damage_Potential_land_transformation_ecosystem_damage_potential_matrix_data.indices.npy",
      "group": "Ecosystem_Damage_Potential_land_transformation_ecosystem_damage_potential_matrix_data",
      "nrows": 110,
      "global_index": 1,
      "identifier": [
        "Ecosystem Damage Potential",
        "land transformation",
        "ecosystem damage potential"
      ],
      "category": "vector"
    },
    {
      "profile": "data-resource",
      "format": "npy",
      "mediatype": "application/octet-stream",
      "name": "Ecosystem_Damage_Potential_land_transformation_ecosystem_damage_potential_matrix_data.data",
      "matrix": "characterization_matrix",
      "kind": "data",
      "path": "Ecosystem_Damage_Potential_land_transformation_ecosystem_damage_potential_matrix_data.data.npy",
      "group": "Ecosystem_Damage_Potential_land_transformation_ecosystem_damage_potential_matrix_data",
      "nrows": 110,
      "global_index": 1,
      "identifier": [
        "Ecosystem Damage Potential",
        "land transformation",
        "ecosystem damage potential"
      ],
      "category": "vector"
    }
  ],
  "created": "2024-06-16T12:09:01.630603+00:00Z",
  "combinatorial": false,
  "sequential": false,
  "seed": null,
  "sum_intra_duplicates": true,
  "sum_inter_duplicates": false,
  "matrix_serialize_format_type": "numpy"
}