{
  "profile": "data-package",
  "name": "ef-v31-no-ltoo.7bc5bbd1b873d0e481cf0c660b2cdef6.zip",
  "id": "82443cfea28e4ef882f5b63530cca569",
  "licenses": [
    {
      "name": "ODC-PDDL-1.0",
      "path": "http://opendatacommons.org/licenses/pddl/",
      "title": "Open Data Commons Public Domain Dedication and License v1.0"
    }
  ],
  "resources": [
    {
      "profile": "data-resource",
      "format": "npy",
      "mediatype": "application/octet-stream",
      "name": "EF_v3.1_no_LT_ozone_depletion_no_LT_ozone_depletion_potential_ODP_no_LT_matrix_data.indices",
      "matrix": "characterization_matrix",
      "kind": "indices",
      "path": "EF_v3.1_no_LT_ozone_depletion_no_LT_ozone_depletion_potential_ODP_no_LT_matrix_data.indices.npy",
      "group": "EF_v3.1_no_LT_ozone_depletion_no_LT_ozone_depletion_potential_ODP_no_LT_matrix_data",
      "nrows": 46,
      "global_index": 1,
      "identifier": [
        "EF v3.1 no LT",
        "ozone depletion no LT",
        "ozone depletion potential (ODP) no LT"
      ],
      "category": "vector"
    },
    {
      "profile": "data-resource",
      "format": "npy",
      "mediatype": "application/octet-stream",
      "name": "EF_v3.1_no_LT_ozone_depletion_no_LT_ozone_depletion_potential_ODP_no_LT_matrix_data.data",
      "matrix": "characterization_matrix",
      "kind": "data",
      "path": "EF_v3.1_no_LT_ozone_depletion_no_LT_ozone_depletion_potential_ODP_no_LT_matrix_data.data.npy",
      "group": "EF_v3.1_no_LT_ozone_depletion_no_LT_ozone_depletion_potential_ODP_no_LT_matrix_data",
      "nrows": 46,
      "global_index": 1,
      "identifier": [
        "EF v3.1 no LT",
        "ozone depletion no LT",
        "ozone depletion potential (ODP) no LT"
      ],
      "category": "vector"
    }
  ],
  "created": "2024-06-16T12:09:01.878778+00:00Z",
  "combinatorial": false,
  "sequential": false,
  "seed": null,
  "sum_intra_duplicates": true,
  "sum_inter_duplicates": false,
  "matrix_serialize_format_type": "numpy"
}