{
  "profile": "data-package",
  "name": "ipcc-2021cg.9302b5a601986188b8a084ad84feb860.zip",
  "id": "6f933595ce5f4d279d33ee0ef85a3be1",
  "licenses": [
    {
      "name": "ODC-PDDL-1.0",
      "path": "http://opendatacommons.org/licenses/pddl/",
      "title": "Open Data Commons Public Domain Dedication and License v1.0"
    }
  ],
  "resources": [
    {
      "profile": "data-resource",
      "format": "npy",
      "mediatype": "application/octet-stream",
      "name": "IPCC_2021_climate_change_land_use_global_warming_potential_GWP100_matrix_data.indices",
      "matrix": "characterization_matrix",
      "kind": "indices",
      "path": "IPCC_2021_climate_change_land_use_global_warming_potential_GWP100_matrix_data.indices.npy",
      "group": "IPCC_2021_climate_change_land_use_global_warming_potential_GWP100_matrix_data",
      "nrows": 12,
      "global_index": 1,
      "identifier": [
        "IPCC 2021",
        "climate change: land use",
        "global warming potential (GWP100)"
      ],
      "category": "vector"
    },
    {
      "profile": "data-resource",
      "format": "npy",
      "mediatype": "application/octet-stream",
      "name": "IPCC_2021_climate_change_land_use_global_warming_potential_GWP100_matrix_data.data",
      "matrix": "characterization_matrix",
      "kind": "data",
      "path": "IPCC_2021_climate_change_land_use_global_warming_potential_GWP100_matrix_data.data.npy",
      "group": "IPCC_2021_climate_change_land_use_global_warming_potential_GWP100_matrix_data",
      "nrows": 12,
      "global_index": 1,
      "identifier": [
        "IPCC 2021",
        "climate change: land use",
        "global warming potential (GWP100)"
      ],
      "category": "vector"
    }
  ],
  "created": "2024-06-16T12:09:02.293705+00:00Z",
  "combinatorial": false,
  "sequential": false,
  "seed": null,
  "sum_intra_duplicates": true,
  "sum_inter_duplicates": false,
  "matrix_serialize_format_type": "numpy"
}