{
  "profile": "data-package",
  "name": "recipe-2016-v103-endpoint-hep.0a5ec1bfd0fcc016e2aed45047d8eb05.zip",
  "id": "ebd2185ca7514327833da6b222c7fb8c",
  "licenses": [
    {
      "name": "ODC-PDDL-1.0",
      "path": "http://opendatacommons.org/licenses/pddl/",
      "title": "Open Data Commons Public Domain Dedication and License v1.0"
    }
  ],
  "resources": [
    {
      "profile": "data-resource",
      "format": "npy",
      "mediatype": "application/octet-stream",
      "name": "ReCiPe_2016_v1.03_endpoint_H_ecosystem_quality_photochemical_oxidant_formation_terrestrial_ecosystems_matrix_data.indices",
      "matrix": "characterization_matrix",
      "kind": "indices",
      "path": "ReCiPe_2016_v1.03_endpoint_H_ecosystem_quality_photochemical_oxidant_formation_terrestrial_ecosystems_matrix_data.indices.npy",
      "group": "ReCiPe_2016_v1.03_endpoint_H_ecosystem_quality_photochemical_oxidant_formation_terrestrial_ecosystems_matrix_data",
      "nrows": 163,
      "global_index": 1,
      "identifier": [
        "ReCiPe 2016 v1.03, endpoint (H)",
        "ecosystem quality",
        "photochemical oxidant formation: terrestrial ecosystems"
      ],
      "category": "vector"
    },
    {
      "profile": "data-resource",
      "format": "npy",
      "mediatype": "application/octet-stream",
      "name": "ReCiPe_2016_v1.03_endpoint_H_ecosystem_quality_photochemical_oxidant_formation_terrestrial_ecosystems_matrix_data.data",
      "matrix": "characterization_matrix",
      "kind": "data",
      "path": "ReCiPe_2016_v1.03_endpoint_H_ecosystem_quality_photochemical_oxidant_formation_terrestrial_ecosystems_matrix_data.data.npy",
      "group": "ReCiPe_2016_v1.03_endpoint_H_ecosystem_quality_photochemical_oxidant_formation_terrestrial_ecosystems_matrix_data",
      "nrows": 163,
      "global_index": 1,
      "identifier": [
        "ReCiPe 2016 v1.03, endpoint (H)",
        "ecosystem quality",
        "photochemical oxidant formation: terrestrial ecosystems"
      ],
      "category": "vector"
    }
  ],
  "created": "2024-06-16T12:09:02.609645+00:00Z",
  "combinatorial": false,
  "sequential": false,
  "seed": null,
  "sum_intra_duplicates": true,
  "sum_inter_duplicates": false,
  "matrix_serialize_format_type": "numpy"
}