{
  "profile": "data-package",
  "name": "traci-v21-no-ltee.b81c3a56ea71ea9fdbc7858c99742bca.zip",
  "id": "f9900296dcbf4c69aa453ef7fc17f3ce",
  "licenses": [
    {
      "name": "ODC-PDDL-1.0",
      "path": "http://opendatacommons.org/licenses/pddl/",
      "title": "Open Data Commons Public Domain Dedication and License v1.0"
    }
  ],
  "resources": [
    {
      "profile": "data-resource",
      "format": "npy",
      "mediatype": "application/octet-stream",
      "name": "TRACI_v2.1_no_LT_ecotoxicity_freshwater_no_LT_ecotoxicity_freshwater_no_LT_matrix_data.indices",
      "matrix": "characterization_matrix",
      "kind": "indices",
      "path": "TRACI_v2.1_no_LT_ecotoxicity_freshwater_no_LT_ecotoxicity_freshwater_no_LT_matrix_data.indices.npy",
      "group": "TRACI_v2.1_no_LT_ecotoxicity_freshwater_no_LT_ecotoxicity_freshwater_no_LT_matrix_data",
      "nrows": 1642,
      "global_index": 1,
      "identifier": [
        "TRACI v2.1 no LT",
        "ecotoxicity: freshwater no LT",
        "ecotoxicity: freshwater no LT"
      ],
      "category": "vector"
    },
    {
      "profile": "data-resource",
      "format": "npy",
      "mediatype": "application/octet-stream",
      "name": "TRACI_v2.1_no_LT_ecotoxicity_freshwater_no_LT_ecotoxicity_freshwater_no_LT_matrix_data.data",
      "matrix": "characterization_matrix",
      "kind": "data",
      "path": "TRACI_v2.1_no_LT_ecotoxicity_freshwater_no_LT_ecotoxicity_freshwater_no_LT_matrix_data.data.npy",
      "group": "TRACI_v2.1_no_LT_ecotoxicity_freshwater_no_LT_ecotoxicity_freshwater_no_LT_matrix_data",
      "nrows": 1642,
      "global_index": 1,
      "identifier": [
        "TRACI v2.1 no LT",
        "ecotoxicity: freshwater no LT",
        "ecotoxicity: freshwater no LT"
      ],
      "category": "vector"
    }
  ],
  "created": "2024-06-16T12:09:03.276313+00:00Z",
  "combinatorial": false,
  "sequential": false,
  "seed": null,
  "sum_intra_duplicates": true,
  "sum_inter_duplicates": false,
  "matrix_serialize_format_type": "numpy"
}