{
  "profile": "data-package",
  "name": "recipe-2016-v103-midpoint-e-no-ltoo.8cec39b4fff47f251d0ccccd271bdb14.zip",
  "id": "85e6b81bf9ee4cd5926d9539ac0d7fc8",
  "licenses": [
    {
      "name": "ODC-PDDL-1.0",
      "path": "http://opendatacommons.org/licenses/pddl/",
      "title": "Open Data Commons Public Domain Dedication and License v1.0"
    }
  ],
  "resources": [
    {
      "profile": "data-resource",
      "format": "npy",
      "mediatype": "application/octet-stream",
      "name": "ReCiPe_2016_v1.03_midpoint_E_no_LT_ozone_depletion_no_LT_ozone_depletion_potential_ODPinfinite_no_LT_matrix_data.indices",
      "matrix": "characterization_matrix",
      "kind": "indices",
      "path": "ReCiPe_2016_v1.03_midpoint_E_no_LT_ozone_depletion_no_LT_ozone_depletion_potential_ODPinfinite_no_LT_matrix_data.indices.npy",
      "group": "ReCiPe_2016_v1.03_midpoint_E_no_LT_ozone_depletion_no_LT_ozone_depletion_potential_ODPinfinite_no_LT_matrix_data",
      "nrows": 43,
      "global_index": 1,
      "identifier": [
        "ReCiPe 2016 v1.03, midpoint (E) no LT",
        "ozone depletion no LT",
        "ozone depletion potential (ODPinfinite) no LT"
      ],
      "category": "vector"
    },
    {
      "profile": "data-resource",
      "format": "npy",
      "mediatype": "application/octet-stream",
      "name": "ReCiPe_2016_v1.03_midpoint_E_no_LT_ozone_depletion_no_LT_ozone_depletion_potential_ODPinfinite_no_LT_matrix_data.data",
      "matrix": "characterization_matrix",
      "kind": "data",
      "path": "ReCiPe_2016_v1.03_midpoint_E_no_LT_ozone_depletion_no_LT_ozone_depletion_potential_ODPinfinite_no_LT_matrix_data.data.npy",
      "group": "ReCiPe_2016_v1.03_midpoint_E_no_LT_ozone_depletion_no_LT_ozone_depletion_potential_ODPinfinite_no_LT_matrix_data",
      "nrows": 43,
      "global_index": 1,
      "identifier": [
        "ReCiPe 2016 v1.03, midpoint (E) no LT",
        "ozone depletion no LT",
        "ozone depletion potential (ODPinfinite) no LT"
      ],
      "category": "vector"
    }
  ],
  "created": "2024-06-16T12:09:02.895369+00:00Z",
  "combinatorial": false,
  "sequential": false,
  "seed": null,
  "sum_intra_duplicates": true,
  "sum_inter_duplicates": false,
  "matrix_serialize_format_type": "numpy"
}