{
  "profile": "data-package",
  "name": "cml-v48-2016pp.c31c567e0da047f9bf8e6859ccbc2bed.zip",
  "id": "dac772bf8246499397387b8aad6d83c7",
  "licenses": [
    {
      "name": "ODC-PDDL-1.0",
      "path": "http://opendatacommons.org/licenses/pddl/",
      "title": "Open Data Commons Public Domain Dedication and License v1.0"
    }
  ],
  "resources": [
    {
      "profile": "data-resource",
      "format": "npy",
      "mediatype": "application/octet-stream",
      "name": "CML_v4.8_2016_photochemical_oxidant_formation_photochemical_oxidation_high_NOx_matrix_data.indices",
      "matrix": "characterization_matrix",
      "kind": "indices",
      "path": "CML_v4.8_2016_photochemical_oxidant_formation_photochemical_oxidation_high_NOx_matrix_data.indices.npy",
      "group": "CML_v4.8_2016_photochemical_oxidant_formation_photochemical_oxidation_high_NOx_matrix_data",
      "nrows": 256,
      "global_index": 1,
      "identifier": [
        "CML v4.8 2016",
        "photochemical oxidant formation",
        "photochemical oxidation (high NOx)"
      ],
      "category": "vector"
    },
    {
      "profile": "data-resource",
      "format": "npy",
      "mediatype": "application/octet-stream",
      "name": "CML_v4.8_2016_photochemical_oxidant_formation_photochemical_oxidation_high_NOx_matrix_data.data",
      "matrix": "characterization_matrix",
      "kind": "data",
      "path": "CML_v4.8_2016_photochemical_oxidant_formation_photochemical_oxidation_high_NOx_matrix_data.data.npy",
      "group": "CML_v4.8_2016_photochemical_oxidant_formation_photochemical_oxidation_high_NOx_matrix_data",
      "nrows": 256,
      "global_index": 1,
      "identifier": [
        "CML v4.8 2016",
        "photochemical oxidant formation",
        "photochemical oxidation (high NOx)"
      ],
      "category": "vector"
    }
  ],
  "created": "2024-06-16T12:09:01.505966+00:00Z",
  "combinatorial": false,
  "sequential": false,
  "seed": null,
  "sum_intra_duplicates": true,
  "sum_inter_duplicates": false,
  "matrix_serialize_format_type": "numpy"
}