{
  "profile": "data-package",
  "name": "traci-v21-no-ltcg.24929020cad7c30f70be5c4b09a567c6.zip",
  "id": "29bdfadf901a4ec5a8158a1670301d20",
  "licenses": [
    {
      "name": "ODC-PDDL-1.0",
      "path": "http://opendatacommons.org/licenses/pddl/",
      "title": "Open Data Commons Public Domain Dedication and License v1.0"
    }
  ],
  "resources": [
    {
      "profile": "data-resource",
      "format": "npy",
      "mediatype": "application/octet-stream",
      "name": "TRACI_v2.1_no_LT_climate_change_no_LT_global_warming_potential_GWP100_no_LT_matrix_data.indices",
      "matrix": "characterization_matrix",
      "kind": "indices",
      "path": "TRACI_v2.1_no_LT_climate_change_no_LT_global_warming_potential_GWP100_no_LT_matrix_data.indices.npy",
      "group": "TRACI_v2.1_no_LT_climate_change_no_LT_global_warming_potential_GWP100_no_LT_matrix_data",
      "nrows": 118,
      "global_index": 1,
      "identifier": [
        "TRACI v2.1 no LT",
        "climate change no LT",
        "global warming potential (GWP100) no LT"
      ],
      "category": "vector"
    },
    {
      "profile": "data-resource",
      "format": "npy",
      "mediatype": "application/octet-stream",
      "name": "TRACI_v2.1_no_LT_climate_change_no_LT_global_warming_potential_GWP100_no_LT_matrix_data.data",
      "matrix": "characterization_matrix",
      "kind": "data",
      "path": "TRACI_v2.1_no_LT_climate_change_no_LT_global_warming_potential_GWP100_no_LT_matrix_data.data.npy",
      "group": "TRACI_v2.1_no_LT_climate_change_no_LT_global_warming_potential_GWP100_no_LT_matrix_data",
      "nrows": 118,
      "global_index": 1,
      "identifier": [
        "TRACI v2.1 no LT",
        "climate change no LT",
        "global warming potential (GWP100) no LT"
      ],
      "category": "vector"
    }
  ],
  "created": "2024-06-16T12:09:03.272677+00:00Z",
  "combinatorial": false,
  "sequential": false,
  "seed": null,
  "sum_intra_duplicates": true,
  "sum_inter_duplicates": false,
  "matrix_serialize_format_type": "numpy"
}