{
  "profile": "data-package",
  "name": "en15804ic.56214d1bc2a87b07f463df22e398dc79.zip",
  "id": "94a3d4a2887b48b687ccdf0b5db9af85",
  "licenses": [
    {
      "name": "ODC-PDDL-1.0",
      "path": "http://opendatacommons.org/licenses/pddl/",
      "title": "Open Data Commons Public Domain Dedication and License v1.0"
    }
  ],
  "resources": [
    {
      "profile": "data-resource",
      "format": "npy",
      "mediatype": "application/octet-stream",
      "name": "EN15804_inventory_indicators_ISO21930_Cumulative_Energy_Demand_-_renewable_energy_resources_matrix_data.indices",
      "matrix": "characterization_matrix",
      "kind": "indices",
      "path": "EN15804_inventory_indicators_ISO21930_Cumulative_Energy_Demand_-_renewable_energy_resources_matrix_data.indices.npy",
      "group": "EN15804_inventory_indicators_ISO21930_Cumulative_Energy_Demand_-_renewable_energy_resources_matrix_data",
      "nrows": 5,
      "global_index": 1,
      "identifier": [
        "EN15804",
        "inventory indicators ISO21930",
        "Cumulative Energy Demand - renewable energy resources"
      ],
      "category": "vector"
    },
    {
      "profile": "data-resource",
      "format": "npy",
      "mediatype": "application/octet-stream",
      "name": "EN15804_inventory_indicators_ISO21930_Cumulative_Energy_Demand_-_renewable_energy_resources_matrix_data.data",
      "matrix": "characterization_matrix",
      "kind": "data",
      "path": "EN15804_inventory_indicators_ISO21930_Cumulative_Energy_Demand_-_renewable_energy_resources_matrix_data.data.npy",
      "group": "EN15804_inventory_indicators_ISO21930_Cumulative_Energy_Demand_-_renewable_energy_resources_matrix_data",
      "nrows": 5,
      "global_index": 1,
      "identifier": [
        "EN15804",
        "inventory indicators ISO21930",
        "Cumulative Energy Demand - renewable energy resources"
      ],
      "category": "vector"
    }
  ],
  "created": "2024-06-16T12:09:03.618761+00:00Z",
  "combinatorial": false,
  "sequential": false,
  "seed": null,
  "sum_intra_duplicates": true,
  "sum_inter_duplicates": false,
  "matrix_serialize_format_type": "numpy"
}