{
  "profile": "data-package",
  "name": "impact-world-v201-footprint-versionhr.7e014fdf8c29220d35637891aa7c3e09.zip",
  "id": "8101db638837448ea41a8bc8846d69e0",
  "licenses": [
    {
      "name": "ODC-PDDL-1.0",
      "path": "http://opendatacommons.org/licenses/pddl/",
      "title": "Open Data Commons Public Domain Dedication and License v1.0"
    }
  ],
  "resources": [
    {
      "profile": "data-resource",
      "format": "npy",
      "mediatype": "application/octet-stream",
      "name": "IMPACT_World_v2.0.1_footprint_version_human_health_remaining_human_health_damage_matrix_data.indices",
      "matrix": "characterization_matrix",
      "kind": "indices",
      "path": "IMPACT_World_v2.0.1_footprint_version_human_health_remaining_human_health_damage_matrix_data.indices.npy",
      "group": "IMPACT_World_v2.0.1_footprint_version_human_health_remaining_human_health_damage_matrix_data",
      "nrows": 1388,
      "global_index": 1,
      "identifier": [
        "IMPACT World+ v2.0.1, footprint version",
        "human health",
        "remaining human health damage"
      ],
      "category": "vector"
    },
    {
      "profile": "data-resource",
      "format": "npy",
      "mediatype": "application/octet-stream",
      "name": "IMPACT_World_v2.0.1_footprint_version_human_health_remaining_human_health_damage_matrix_data.data",
      "matrix": "characterization_matrix",
      "kind": "data",
      "path": "IMPACT_World_v2.0.1_footprint_version_human_health_remaining_human_health_damage_matrix_data.data.npy",
      "group": "IMPACT_World_v2.0.1_footprint_version_human_health_remaining_human_health_damage_matrix_data",
      "nrows": 1388,
      "global_index": 1,
      "identifier": [
        "IMPACT World+ v2.0.1, footprint version",
        "human health",
        "remaining human health damage"
      ],
      "category": "vector"
    }
  ],
  "created": "2024-06-16T12:09:02.031752+00:00Z",
  "combinatorial": false,
  "sequential": false,
  "seed": null,
  "sum_intra_duplicates": true,
  "sum_inter_duplicates": false,
  "matrix_serialize_format_type": "numpy"
}