{
  "profile": "data-package",
  "name": "ef-v31-en15804cg.0bd3274b6c8baf03e5dbd7244eb47801.zip",
  "id": "9f5edcfbd6ce453fa05c98b6048dff48",
  "licenses": [
    {
      "name": "ODC-PDDL-1.0",
      "path": "http://opendatacommons.org/licenses/pddl/",
      "title": "Open Data Commons Public Domain Dedication and License v1.0"
    }
  ],
  "resources": [
    {
      "profile": "data-resource",
      "format": "npy",
      "mediatype": "application/octet-stream",
      "name": "EF_v3.1_EN15804_climate_change_GHG_EPD_PCR_global_warming_potential_GWP100_matrix_data.indices",
      "matrix": "characterization_matrix",
      "kind": "indices",
      "path": "EF_v3.1_EN15804_climate_change_GHG_EPD_PCR_global_warming_potential_GWP100_matrix_data.indices.npy",
      "group": "EF_v3.1_EN15804_climate_change_GHG_EPD_PCR_global_warming_potential_GWP100_matrix_data",
      "nrows": 183,
      "global_index": 1,
      "identifier": [
        "EF v3.1 EN15804",
        "climate change: GHG (EPD PCR)",
        "global warming potential (GWP100)"
      ],
      "category": "vector"
    },
    {
      "profile": "data-resource",
      "format": "npy",
      "mediatype": "application/octet-stream",
      "name": "EF_v3.1_EN15804_climate_change_GHG_EPD_PCR_global_warming_potential_GWP100_matrix_data.data",
      "matrix": "characterization_matrix",
      "kind": "data",
      "path": "EF_v3.1_EN15804_climate_change_GHG_EPD_PCR_global_warming_potential_GWP100_matrix_data.data.npy",
      "group": "EF_v3.1_EN15804_climate_change_GHG_EPD_PCR_global_warming_potential_GWP100_matrix_data",
      "nrows": 183,
      "global_index": 1,
      "identifier": [
        "EF v3.1 EN15804",
        "climate change: GHG (EPD PCR)",
        "global warming potential (GWP100)"
      ],
      "category": "vector"
    }
  ],
  "created": "2024-06-16T12:09:03.508478+00:00Z",
  "combinatorial": false,
  "sequential": false,
  "seed": null,
  "sum_intra_duplicates": true,
  "sum_inter_duplicates": false,
  "matrix_serialize_format_type": "numpy"
}