{
  "profile": "data-package",
  "name": "ipcc-2021-no-ltcg.1e47a35349234b6c71118409933d93b0.zip",
  "id": "1c8c8ce39db34e3aa7510e55a1f7fc18",
  "licenses": [
    {
      "name": "ODC-PDDL-1.0",
      "path": "http://opendatacommons.org/licenses/pddl/",
      "title": "Open Data Commons Public Domain Dedication and License v1.0"
    }
  ],
  "resources": [
    {
      "profile": "data-resource",
      "format": "npy",
      "mediatype": "application/octet-stream",
      "name": "IPCC_2021_no_LT_climate_change_land_use_no_LT_global_temperature_change_potential_GTP50_no_LT_matrix_data.indices",
      "matrix": "characterization_matrix",
      "kind": "indices",
      "path": "IPCC_2021_no_LT_climate_change_land_use_no_LT_global_temperature_change_potential_GTP50_no_LT_matrix_data.indices.npy",
      "group": "IPCC_2021_no_LT_climate_change_land_use_no_LT_global_temperature_change_potential_GTP50_no_LT_matrix_data",
      "nrows": 10,
      "global_index": 1,
      "identifier": [
        "IPCC 2021 no LT",
        "climate change: land use no LT",
        "global temperature change potential (GTP50) no LT"
      ],
      "category": "vector"
    },
    {
      "profile": "data-resource",
      "format": "npy",
      "mediatype": "application/octet-stream",
      "name": "IPCC_2021_no_LT_climate_change_land_use_no_LT_global_temperature_change_potential_GTP50_no_LT_matrix_data.data",
      "matrix": "characterization_matrix",
      "kind": "data",
      "path": "IPCC_2021_no_LT_climate_change_land_use_no_LT_global_temperature_change_potential_GTP50_no_LT_matrix_data.data.npy",
      "group": "IPCC_2021_no_LT_climate_change_land_use_no_LT_global_temperature_change_potential_GTP50_no_LT_matrix_data",
      "nrows": 10,
      "global_index": 1,
      "identifier": [
        "IPCC 2021 no LT",
        "climate change: land use no LT",
        "global temperature change potential (GTP50) no LT"
      ],
      "category": "vector"
    }
  ],
  "created": "2024-06-16T12:09:02.208255+00:00Z",
  "combinatorial": false,
  "sequential": false,
  "seed": null,
  "sum_intra_duplicates": true,
  "sum_inter_duplicates": false,
  "matrix_serialize_format_type": "numpy"
}