{
  "profile": "data-package",
  "name": "recipe-2016-v103-midpoint-eem.59c941f1e7c3486bea2dedad3ec8a63c.zip",
  "id": "4af1cfadc0dc46bbb6dfa2fad2c477d3",
  "licenses": [
    {
      "name": "ODC-PDDL-1.0",
      "path": "http://opendatacommons.org/licenses/pddl/",
      "title": "Open Data Commons Public Domain Dedication and License v1.0"
    }
  ],
  "resources": [
    {
      "profile": "data-resource",
      "format": "npy",
      "mediatype": "application/octet-stream",
      "name": "ReCiPe_2016_v1.03_midpoint_E_ecotoxicity_marine_marine_ecotoxicity_potential_METP_matrix_data.indices",
      "matrix": "characterization_matrix",
      "kind": "indices",
      "path": "ReCiPe_2016_v1.03_midpoint_E_ecotoxicity_marine_marine_ecotoxicity_potential_METP_matrix_data.indices.npy",
      "group": "ReCiPe_2016_v1.03_midpoint_E_ecotoxicity_marine_marine_ecotoxicity_potential_METP_matrix_data",
      "nrows": 1697,
      "global_index": 1,
      "identifier": [
        "ReCiPe 2016 v1.03, midpoint (E)",
        "ecotoxicity: marine",
        "marine ecotoxicity potential (METP)"
      ],
      "category": "vector"
    },
    {
      "profile": "data-resource",
      "format": "npy",
      "mediatype": "application/octet-stream",
      "name": "ReCiPe_2016_v1.03_midpoint_E_ecotoxicity_marine_marine_ecotoxicity_potential_METP_matrix_data.data",
      "matrix": "characterization_matrix",
      "kind": "data",
      "path": "ReCiPe_2016_v1.03_midpoint_E_ecotoxicity_marine_marine_ecotoxicity_potential_METP_matrix_data.data.npy",
      "group": "ReCiPe_2016_v1.03_midpoint_E_ecotoxicity_marine_marine_ecotoxicity_potential_METP_matrix_data",
      "nrows": 1697,
      "global_index": 1,
      "identifier": [
        "ReCiPe 2016 v1.03, midpoint (E)",
        "ecotoxicity: marine",
        "marine ecotoxicity potential (METP)"
      ],
      "category": "vector"
    }
  ],
  "created": "2024-06-16T12:09:02.924840+00:00Z",
  "combinatorial": false,
  "sequential": false,
  "seed": null,
  "sum_intra_duplicates": true,
  "sum_inter_duplicates": false,
  "matrix_serialize_format_type": "numpy"
}