{
  "profile": "data-package",
  "name": "en15804iu.82fc686c54d5ed64e287df03d0d3f2bb.zip",
  "id": "e764f49f886d4369a543332eaa25fa9f",
  "licenses": [
    {
      "name": "ODC-PDDL-1.0",
      "path": "http://opendatacommons.org/licenses/pddl/",
      "title": "Open Data Commons Public Domain Dedication and License v1.0"
    }
  ],
  "resources": [
    {
      "profile": "data-resource",
      "format": "npy",
      "mediatype": "application/octet-stream",
      "name": "EN15804_inventory_indicators_ISO21930_use_of_renewable_secondary_fuels_matrix_data.indices",
      "matrix": "characterization_matrix",
      "kind": "indices",
      "path": "EN15804_inventory_indicators_ISO21930_use_of_renewable_secondary_fuels_matrix_data.indices.npy",
      "group": "EN15804_inventory_indicators_ISO21930_use_of_renewable_secondary_fuels_matrix_data",
      "nrows": 1,
      "global_index": 1,
      "identifier": [
        "EN15804",
        "inventory indicators ISO21930",
        "use of renewable secondary fuels"
      ],
      "category": "vector"
    },
    {
      "profile": "data-resource",
      "format": "npy",
      "mediatype": "application/octet-stream",
      "name": "EN15804_inventory_indicators_ISO21930_use_of_renewable_secondary_fuels_matrix_data.data",
      "matrix": "characterization_matrix",
      "kind": "data",
      "path": "EN15804_inventory_indicators_ISO21930_use_of_renewable_secondary_fuels_matrix_data.data.npy",
      "group": "EN15804_inventory_indicators_ISO21930_use_of_renewable_secondary_fuels_matrix_data",
      "nrows": 1,
      "global_index": 1,
      "identifier": [
        "EN15804",
        "inventory indicators ISO21930",
        "use of renewable secondary fuels"
      ],
      "category": "vector"
    }
  ],
  "created": "2024-06-16T12:09:03.611535+00:00Z",
  "combinatorial": false,
  "sequential": false,
  "seed": null,
  "sum_intra_duplicates": true,
  "sum_inter_duplicates": false,
  "matrix_serialize_format_type": "numpy"
}