{
  "profile": "data-package",
  "name": "recipe-2016-v103-midpoint-hms.32bfe0dcb5a3f03a076d52d199a40553.zip",
  "id": "233e1dd97586442392860e72df36ced6",
  "licenses": [
    {
      "name": "ODC-PDDL-1.0",
      "path": "http://opendatacommons.org/licenses/pddl/",
      "title": "Open Data Commons Public Domain Dedication and License v1.0"
    }
  ],
  "resources": [
    {
      "profile": "data-resource",
      "format": "npy",
      "mediatype": "application/octet-stream",
      "name": "ReCiPe_2016_v1.03_midpoint_H_material_resources_metals_minerals_surplus_ore_potential_SOP_matrix_data.indices",
      "matrix": "characterization_matrix",
      "kind": "indices",
      "path": "ReCiPe_2016_v1.03_midpoint_H_material_resources_metals_minerals_surplus_ore_potential_SOP_matrix_data.indices.npy",
      "group": "ReCiPe_2016_v1.03_midpoint_H_material_resources_metals_minerals_surplus_ore_potential_SOP_matrix_data",
      "nrows": 59,
      "global_index": 1,
      "identifier": [
        "ReCiPe 2016 v1.03, midpoint (H)",
        "material resources: metals/minerals",
        "surplus ore potential (SOP)"
      ],
      "category": "vector"
    },
    {
      "profile": "data-resource",
      "format": "npy",
      "mediatype": "application/octet-stream",
      "name": "ReCiPe_2016_v1.03_midpoint_H_material_resources_metals_minerals_surplus_ore_potential_SOP_matrix_data.data",
      "matrix": "characterization_matrix",
      "kind": "data",
      "path": "ReCiPe_2016_v1.03_midpoint_H_material_resources_metals_minerals_surplus_ore_potential_SOP_matrix_data.data.npy",
      "group": "ReCiPe_2016_v1.03_midpoint_H_material_resources_metals_minerals_surplus_ore_potential_SOP_matrix_data",
      "nrows": 59,
      "global_index": 1,
      "identifier": [
        "ReCiPe 2016 v1.03, midpoint (H)",
        "material resources: metals/minerals",
        "surplus ore potential (SOP)"
      ],
      "category": "vector"
    }
  ],
  "created": "2024-06-16T12:09:03.107035+00:00Z",
  "combinatorial": false,
  "sequential": false,
  "seed": null,
  "sum_intra_duplicates": true,
  "sum_inter_duplicates": false,
  "matrix_serialize_format_type": "numpy"
}