{
  "profile": "data-package",
  "name": "ecological-scarcity-2021ll.5783051ccc8c379274ade82b39690f98.zip",
  "id": "fb525ae8ac034948a06cfc87e03a05c7",
  "licenses": [
    {
      "name": "ODC-PDDL-1.0",
      "path": "http://opendatacommons.org/licenses/pddl/",
      "title": "Open Data Commons Public Domain Dedication and License v1.0"
    }
  ],
  "resources": [
    {
      "profile": "data-resource",
      "format": "npy",
      "mediatype": "application/octet-stream",
      "name": "Ecological_Scarcity_2021_land_use_land_use_matrix_data.indices",
      "matrix": "characterization_matrix",
      "kind": "indices",
      "path": "Ecological_Scarcity_2021_land_use_land_use_matrix_data.indices.npy",
      "group": "Ecological_Scarcity_2021_land_use_land_use_matrix_data",
      "nrows": 38,
      "global_index": 1,
      "identifier": [
        "Ecological Scarcity 2021",
        "land use",
        "land use"
      ],
      "category": "vector"
    },
    {
      "profile": "data-resource",
      "format": "npy",
      "mediatype": "application/octet-stream",
      "name": "Ecological_Scarcity_2021_land_use_land_use_matrix_data.data",
      "matrix": "characterization_matrix",
      "kind": "data",
      "path": "Ecological_Scarcity_2021_land_use_land_use_matrix_data.data.npy",
      "group": "Ecological_Scarcity_2021_land_use_land_use_matrix_data",
      "nrows": 38,
      "global_index": 1,
      "identifier": [
        "Ecological Scarcity 2021",
        "land use",
        "land use"
      ],
      "category": "vector"
    }
  ],
  "created": "2024-06-16T12:09:01.613528+00:00Z",
  "combinatorial": false,
  "sequential": false,
  "seed": null,
  "sum_intra_duplicates": true,
  "sum_inter_duplicates": false,
  "matrix_serialize_format_type": "numpy"
}