{
  "profile": "data-package",
  "name": "ef-v30ec.31517739b9957b8651c6e9984eb966ab.zip",
  "id": "69898dd4be4246c3896ee2f56b2198cd",
  "licenses": [
    {
      "name": "ODC-PDDL-1.0",
      "path": "http://opendatacommons.org/licenses/pddl/",
      "title": "Open Data Commons Public Domain Dedication and License v1.0"
    }
  ],
  "resources": [
    {
      "profile": "data-resource",
      "format": "npy",
      "mediatype": "application/octet-stream",
      "name": "EF_v3.0_ecotoxicity_freshwater_inorganics_comparative_toxic_unit_for_ecosystems_CTUe_matrix_data.indices",
      "matrix": "characterization_matrix",
      "kind": "indices",
      "path": "EF_v3.0_ecotoxicity_freshwater_inorganics_comparative_toxic_unit_for_ecosystems_CTUe_matrix_data.indices.npy",
      "group": "EF_v3.0_ecotoxicity_freshwater_inorganics_comparative_toxic_unit_for_ecosystems_CTUe_matrix_data",
      "nrows": 239,
      "global_index": 1,
      "identifier": [
        "EF v3.0",
        "ecotoxicity: freshwater, inorganics",
        "comparative toxic unit for ecosystems (CTUe)"
      ],
      "category": "vector"
    },
    {
      "profile": "data-resource",
      "format": "npy",
      "mediatype": "application/octet-stream",
      "name": "EF_v3.0_ecotoxicity_freshwater_inorganics_comparative_toxic_unit_for_ecosystems_CTUe_matrix_data.data",
      "matrix": "characterization_matrix",
      "kind": "data",
      "path": "EF_v3.0_ecotoxicity_freshwater_inorganics_comparative_toxic_unit_for_ecosystems_CTUe_matrix_data.data.npy",
      "group": "EF_v3.0_ecotoxicity_freshwater_inorganics_comparative_toxic_unit_for_ecosystems_CTUe_matrix_data",
      "nrows": 239,
      "global_index": 1,
      "identifier": [
        "EF v3.0",
        "ecotoxicity: freshwater, inorganics",
        "comparative toxic unit for ecosystems (CTUe)"
      ],
      "category": "vector"
    }
  ],
  "created": "2024-06-16T12:09:01.740184+00:00Z",
  "combinatorial": false,
  "sequential": false,
  "seed": null,
  "sum_intra_duplicates": true,
  "sum_inter_duplicates": false,
  "matrix_serialize_format_type": "numpy"
}