{
  "profile": "data-package",
  "name": "ef-v31cg.a709ef67df83f4dc46415ed8f4bf30fc.zip",
  "id": "1bb702708b3f466cb799a5ad6c19b8ae",
  "licenses": [
    {
      "name": "ODC-PDDL-1.0",
      "path": "http://opendatacommons.org/licenses/pddl/",
      "title": "Open Data Commons Public Domain Dedication and License v1.0"
    }
  ],
  "resources": [
    {
      "profile": "data-resource",
      "format": "npy",
      "mediatype": "application/octet-stream",
      "name": "EF_v3.1_climate_change_biogenic_global_warming_potential_GWP100_matrix_data.indices",
      "matrix": "characterization_matrix",
      "kind": "indices",
      "path": "EF_v3.1_climate_change_biogenic_global_warming_potential_GWP100_matrix_data.indices.npy",
      "group": "EF_v3.1_climate_change_biogenic_global_warming_potential_GWP100_matrix_data",
      "nrows": 4,
      "global_index": 1,
      "identifier": [
        "EF v3.1",
        "climate change: biogenic",
        "global warming potential (GWP100)"
      ],
      "category": "vector"
    },
    {
      "profile": "data-resource",
      "format": "npy",
      "mediatype": "application/octet-stream",
      "name": "EF_v3.1_climate_change_biogenic_global_warming_potential_GWP100_matrix_data.data",
      "matrix": "characterization_matrix",
      "kind": "data",
      "path": "EF_v3.1_climate_change_biogenic_global_warming_potential_GWP100_matrix_data.data.npy",
      "group": "EF_v3.1_climate_change_biogenic_global_warming_potential_GWP100_matrix_data",
      "nrows": 4,
      "global_index": 1,
      "identifier": [
        "EF v3.1",
        "climate change: biogenic",
        "global warming potential (GWP100)"
      ],
      "category": "vector"
    }
  ],
  "created": "2024-06-16T12:09:01.892603+00:00Z",
  "combinatorial": false,
  "sequential": false,
  "seed": null,
  "sum_intra_duplicates": true,
  "sum_inter_duplicates": false,
  "matrix_serialize_format_type": "numpy"
}