{
  "profile": "data-package",
  "name": "inventory-results-and-indicatorses.3e20c2c7b552fd2323ea796fa4a7922a.zip",
  "id": "089a1b5b15674d1b9753ef9bc381857f",
  "licenses": [
    {
      "name": "ODC-PDDL-1.0",
      "path": "http://opendatacommons.org/licenses/pddl/",
      "title": "Open Data Commons Public Domain Dedication and License v1.0"
    }
  ],
  "resources": [
    {
      "profile": "data-resource",
      "format": "npy",
      "mediatype": "application/octet-stream",
      "name": "Inventory_results_and_indicators_emissions_to_air_SOx_matrix_data.indices",
      "matrix": "characterization_matrix",
      "kind": "indices",
      "path": "Inventory_results_and_indicators_emissions_to_air_SOx_matrix_data.indices.npy",
      "group": "Inventory_results_and_indicators_emissions_to_air_SOx_matrix_data",
      "nrows": 10,
      "global_index": 1,
      "identifier": [
        "Inventory results and indicators",
        "emissions to air",
        "SOx"
      ],
      "category": "vector"
    },
    {
      "profile": "data-resource",
      "format": "npy",
      "mediatype": "application/octet-stream",
      "name": "Inventory_results_and_indicators_emissions_to_air_SOx_matrix_data.data",
      "matrix": "characterization_matrix",
      "kind": "data",
      "path": "Inventory_results_and_indicators_emissions_to_air_SOx_matrix_data.data.npy",
      "group": "Inventory_results_and_indicators_emissions_to_air_SOx_matrix_data",
      "nrows": 10,
      "global_index": 1,
      "identifier": [
        "Inventory results and indicators",
        "emissions to air",
        "SOx"
      ],
      "category": "vector"
    }
  ],
  "created": "2024-06-16T12:09:02.088996+00:00Z",
  "combinatorial": false,
  "sequential": false,
  "seed": null,
  "sum_intra_duplicates": true,
  "sum_inter_duplicates": false,
  "matrix_serialize_format_type": "numpy"
}