{
  "profile": "data-package",
  "name": "recipe-2016-v103-midpoint-i-no-ltii.d7f11d84b4362c915e19651def431f5e.zip",
  "id": "801713a8e46d415ca3de48b0fe2fca72",
  "licenses": [
    {
      "name": "ODC-PDDL-1.0",
      "path": "http://opendatacommons.org/licenses/pddl/",
      "title": "Open Data Commons Public Domain Dedication and License v1.0"
    }
  ],
  "resources": [
    {
      "profile": "data-resource",
      "format": "npy",
      "mediatype": "application/octet-stream",
      "name": "ReCiPe_2016_v1.03_midpoint_I_no_LT_ionising_radiation_no_LT_ionising_radiation_potential_IRP_no_LT_matrix_data.indices",
      "matrix": "characterization_matrix",
      "kind": "indices",
      "path": "ReCiPe_2016_v1.03_midpoint_I_no_LT_ionising_radiation_no_LT_ionising_radiation_potential_IRP_no_LT_matrix_data.indices.npy",
      "group": "ReCiPe_2016_v1.03_midpoint_I_no_LT_ionising_radiation_no_LT_ionising_radiation_potential_IRP_no_LT_matrix_data",
      "nrows": 126,
      "global_index": 1,
      "identifier": [
        "ReCiPe 2016 v1.03, midpoint (I) no LT",
        "ionising radiation no LT",
        "ionising radiation potential (IRP) no LT"
      ],
      "category": "vector"
    },
    {
      "profile": "data-resource",
      "format": "npy",
      "mediatype": "application/octet-stream",
      "name": "ReCiPe_2016_v1.03_midpoint_I_no_LT_ionising_radiation_no_LT_ionising_radiation_potential_IRP_no_LT_matrix_data.data",
      "matrix": "characterization_matrix",
      "kind": "data",
      "path": "ReCiPe_2016_v1.03_midpoint_I_no_LT_ionising_radiation_no_LT_ionising_radiation_potential_IRP_no_LT_matrix_data.data.npy",
      "group": "ReCiPe_2016_v1.03_midpoint_I_no_LT_ionising_radiation_no_LT_ionising_radiation_potential_IRP_no_LT_matrix_data",
      "nrows": 126,
      "global_index": 1,
      "identifier": [
        "ReCiPe 2016 v1.03, midpoint (I) no LT",
        "ionising radiation no LT",
        "ionising radiation potential (IRP) no LT"
      ],
      "category": "vector"
    }
  ],
  "created": "2024-06-16T12:09:03.168751+00:00Z",
  "combinatorial": false,
  "sequential": false,
  "seed": null,
  "sum_intra_duplicates": true,
  "sum_inter_duplicates": false,
  "matrix_serialize_format_type": "numpy"
}