{
  "profile": "data-package",
  "name": "recipe-2016-v103-midpoint-ela.193b0daa4531470e8b9e096a2273bbcb.zip",
  "id": "a264f7b6ef2440d28025aa0733761e2e",
  "licenses": [
    {
      "name": "ODC-PDDL-1.0",
      "path": "http://opendatacommons.org/licenses/pddl/",
      "title": "Open Data Commons Public Domain Dedication and License v1.0"
    }
  ],
  "resources": [
    {
      "profile": "data-resource",
      "format": "npy",
      "mediatype": "application/octet-stream",
      "name": "ReCiPe_2016_v1.03_midpoint_E_land_use_agricultural_land_occupation_LOP_matrix_data.indices",
      "matrix": "characterization_matrix",
      "kind": "indices",
      "path": "ReCiPe_2016_v1.03_midpoint_E_land_use_agricultural_land_occupation_LOP_matrix_data.indices.npy",
      "group": "ReCiPe_2016_v1.03_midpoint_E_land_use_agricultural_land_occupation_LOP_matrix_data",
      "nrows": 51,
      "global_index": 1,
      "identifier": [
        "ReCiPe 2016 v1.03, midpoint (E)",
        "land use",
        "agricultural land occupation (LOP)"
      ],
      "category": "vector"
    },
    {
      "profile": "data-resource",
      "format": "npy",
      "mediatype": "application/octet-stream",
      "name": "ReCiPe_2016_v1.03_midpoint_E_land_use_agricultural_land_occupation_LOP_matrix_data.data",
      "matrix": "characterization_matrix",
      "kind": "data",
      "path": "ReCiPe_2016_v1.03_midpoint_E_land_use_agricultural_land_occupation_LOP_matrix_data.data.npy",
      "group": "ReCiPe_2016_v1.03_midpoint_E_land_use_agricultural_land_occupation_LOP_matrix_data",
      "nrows": 51,
      "global_index": 1,
      "identifier": [
        "ReCiPe 2016 v1.03, midpoint (E)",
        "land use",
        "agricultural land occupation (LOP)"
      ],
      "category": "vector"
    }
  ],
  "created": "2024-06-16T12:09:02.959553+00:00Z",
  "combinatorial": false,
  "sequential": false,
  "seed": null,
  "sum_intra_duplicates": true,
  "sum_inter_duplicates": false,
  "matrix_serialize_format_type": "numpy"
}