{
  "profile": "data-package",
  "name": "recipe-2016-v103-endpoint-i-no-ltnm.ec62ac8f0cfd73d5628f2d8add993cf2.zip",
  "id": "6cd4f39591484d5dbe8339d96ef2cb23",
  "licenses": [
    {
      "name": "ODC-PDDL-1.0",
      "path": "http://opendatacommons.org/licenses/pddl/",
      "title": "Open Data Commons Public Domain Dedication and License v1.0"
    }
  ],
  "resources": [
    {
      "profile": "data-resource",
      "format": "npy",
      "mediatype": "application/octet-stream",
      "name": "ReCiPe_2016_v1.03_endpoint_I_no_LT_natural_resources_no_LT_material_resources_metals_minerals_no_LT_matrix_data.indices",
      "matrix": "characterization_matrix",
      "kind": "indices",
      "path": "ReCiPe_2016_v1.03_endpoint_I_no_LT_natural_resources_no_LT_material_resources_metals_minerals_no_LT_matrix_data.indices.npy",
      "group": "ReCiPe_2016_v1.03_endpoint_I_no_LT_natural_resources_no_LT_material_resources_metals_minerals_no_LT_matrix_data",
      "nrows": 59,
      "global_index": 1,
      "identifier": [
        "ReCiPe 2016 v1.03, endpoint (I) no LT",
        "natural resources no LT",
        "material resources: metals/minerals no LT"
      ],
      "category": "vector"
    },
    {
      "profile": "data-resource",
      "format": "npy",
      "mediatype": "application/octet-stream",
      "name": "ReCiPe_2016_v1.03_endpoint_I_no_LT_natural_resources_no_LT_material_resources_metals_minerals_no_LT_matrix_data.data",
      "matrix": "characterization_matrix",
      "kind": "data",
      "path": "ReCiPe_2016_v1.03_endpoint_I_no_LT_natural_resources_no_LT_material_resources_metals_minerals_no_LT_matrix_data.data.npy",
      "group": "ReCiPe_2016_v1.03_endpoint_I_no_LT_natural_resources_no_LT_material_resources_metals_minerals_no_LT_matrix_data",
      "nrows": 59,
      "global_index": 1,
      "identifier": [
        "ReCiPe 2016 v1.03, endpoint (I) no LT",
        "natural resources no LT",
        "material resources: metals/minerals no LT"
      ],
      "category": "vector"
    }
  ],
  "created": "2024-06-16T12:09:02.734786+00:00Z",
  "combinatorial": false,
  "sequential": false,
  "seed": null,
  "sum_intra_duplicates": true,
  "sum_inter_duplicates": false,
  "matrix_serialize_format_type": "numpy"
}