{
  "profile": "data-package",
  "name": "recipe-2016-v103-midpoint-hpp.f8350a0670e13197ad9bd26d1be7993a.zip",
  "id": "3ea6308172704d8d88b5125b5685e6f7",
  "licenses": [
    {
      "name": "ODC-PDDL-1.0",
      "path": "http://opendatacommons.org/licenses/pddl/",
      "title": "Open Data Commons Public Domain Dedication and License v1.0"
    }
  ],
  "resources": [
    {
      "profile": "data-resource",
      "format": "npy",
      "mediatype": "application/octet-stream",
      "name": "ReCiPe_2016_v1.03_midpoint_H_photochemical_oxidant_formation_human_health_photochemical_oxidant_formation_potential_humans_HOFP_matrix_data.indices",
      "matrix": "characterization_matrix",
      "kind": "indices",
      "path": "ReCiPe_2016_v1.03_midpoint_H_photochemical_oxidant_formation_human_health_photochemical_oxidant_formation_potential_humans_HOFP_matrix_data.indices.npy",
      "group": "ReCiPe_2016_v1.03_midpoint_H_photochemical_oxidant_formation_human_health_photochemical_oxidant_formation_potential_humans_HOFP_matrix_data",
      "nrows": 163,
      "global_index": 1,
      "identifier": [
        "ReCiPe 2016 v1.03, midpoint (H)",
        "photochemical oxidant formation: human health",
        "photochemical oxidant formation potential: humans (HOFP)"
      ],
      "category": "vector"
    },
    {
      "profile": "data-resource",
      "format": "npy",
      "mediatype": "application/octet-stream",
      "name": "ReCiPe_2016_v1.03_midpoint_H_photochemical_oxidant_formation_human_health_photochemical_oxidant_formation_potential_humans_HOFP_matrix_data.data",
      "matrix": "characterization_matrix",
      "kind": "data",
      "path": "ReCiPe_2016_v1.03_midpoint_H_photochemical_oxidant_formation_human_health_photochemical_oxidant_formation_potential_humans_HOFP_matrix_data.data.npy",
      "group": "ReCiPe_2016_v1.03_midpoint_H_photochemical_oxidant_formation_human_health_photochemical_oxidant_formation_potential_humans_HOFP_matrix_data",
      "nrows": 163,
      "global_index": 1,
      "identifier": [
        "ReCiPe 2016 v1.03, midpoint (H)",
        "photochemical oxidant formation: human health",
        "photochemical oxidant formation potential: humans (HOFP)"
      ],
      "category": "vector"
    }
  ],
  "created": "2024-06-16T12:09:03.116283+00:00Z",
  "combinatorial": false,
  "sequential": false,
  "seed": null,
  "sum_intra_duplicates": true,
  "sum_inter_duplicates": false,
  "matrix_serialize_format_type": "numpy"
}