{
  "profile": "data-package",
  "name": "recipe-2016-v103-endpoint-hho.2bca4a8db16fec993fcd3009da8306ad.zip",
  "id": "8ac75cb4821b47cfa455e2f02b7a1f59",
  "licenses": [
    {
      "name": "ODC-PDDL-1.0",
      "path": "http://opendatacommons.org/licenses/pddl/",
      "title": "Open Data Commons Public Domain Dedication and License v1.0"
    }
  ],
  "resources": [
    {
      "profile": "data-resource",
      "format": "npy",
      "mediatype": "application/octet-stream",
      "name": "ReCiPe_2016_v1.03_endpoint_H_human_health_ozone_depletion_matrix_data.indices",
      "matrix": "characterization_matrix",
      "kind": "indices",
      "path": "ReCiPe_2016_v1.03_endpoint_H_human_health_ozone_depletion_matrix_data.indices.npy",
      "group": "ReCiPe_2016_v1.03_endpoint_H_human_health_ozone_depletion_matrix_data",
      "nrows": 50,
      "global_index": 1,
      "identifier": [
        "ReCiPe 2016 v1.03, endpoint (H)",
        "human health",
        "ozone depletion"
      ],
      "category": "vector"
    },
    {
      "profile": "data-resource",
      "format": "npy",
      "mediatype": "application/octet-stream",
      "name": "ReCiPe_2016_v1.03_endpoint_H_human_health_ozone_depletion_matrix_data.data",
      "matrix": "characterization_matrix",
      "kind": "data",
      "path": "ReCiPe_2016_v1.03_endpoint_H_human_health_ozone_depletion_matrix_data.data.npy",
      "group": "ReCiPe_2016_v1.03_endpoint_H_human_health_ozone_depletion_matrix_data",
      "nrows": 50,
      "global_index": 1,
      "identifier": [
        "ReCiPe 2016 v1.03, endpoint (H)",
        "human health",
        "ozone depletion"
      ],
      "category": "vector"
    }
  ],
  "created": "2024-06-16T12:09:02.633283+00:00Z",
  "combinatorial": false,
  "sequential": false,
  "seed": null,
  "sum_intra_duplicates": true,
  "sum_inter_duplicates": false,
  "matrix_serialize_format_type": "numpy"
}