{
  "profile": "data-package",
  "name": "ecological-scarcity-2021nb.1636d7049012034a8d181138d60ea774.zip",
  "id": "ec245c45f6c149eb86c5ba8153f10089",
  "licenses": [
    {
      "name": "ODC-PDDL-1.0",
      "path": "http://opendatacommons.org/licenses/pddl/",
      "title": "Open Data Commons Public Domain Dedication and License v1.0"
    }
  ],
  "resources": [
    {
      "profile": "data-resource",
      "format": "npy",
      "mediatype": "application/octet-stream",
      "name": "Ecological_Scarcity_2021_natural_resources_biotic_resources_matrix_data.indices",
      "matrix": "characterization_matrix",
      "kind": "indices",
      "path": "Ecological_Scarcity_2021_natural_resources_biotic_resources_matrix_data.indices.npy",
      "group": "Ecological_Scarcity_2021_natural_resources_biotic_resources_matrix_data",
      "nrows": 2,
      "global_index": 1,
      "identifier": [
        "Ecological Scarcity 2021",
        "natural resources",
        "biotic resources"
      ],
      "category": "vector"
    },
    {
      "profile": "data-resource",
      "format": "npy",
      "mediatype": "application/octet-stream",
      "name": "Ecological_Scarcity_2021_natural_resources_biotic_resources_matrix_data.data",
      "matrix": "characterization_matrix",
      "kind": "data",
      "path": "Ecological_Scarcity_2021_natural_resources_biotic_resources_matrix_data.data.npy",
      "group": "Ecological_Scarcity_2021_natural_resources_biotic_resources_matrix_data",
      "nrows": 2,
      "global_index": 1,
      "identifier": [
        "Ecological Scarcity 2021",
        "natural resources",
        "biotic resources"
      ],
      "category": "vector"
    }
  ],
  "created": "2024-06-16T12:09:01.616817+00:00Z",
  "combinatorial": false,
  "sequential": false,
  "seed": null,
  "sum_intra_duplicates": true,
  "sum_inter_duplicates": false,
  "matrix_serialize_format_type": "numpy"
}