{
  "profile": "data-package",
  "name": "inventory-results-and-indicatorset.d47a628587370d06d10d2692da4a6d75.zip",
  "id": "3666dfc287154a2ca9c4a7a8d2fefa20",
  "licenses": [
    {
      "name": "ODC-PDDL-1.0",
      "path": "http://opendatacommons.org/licenses/pddl/",
      "title": "Open Data Commons Public Domain Dedication and License v1.0"
    }
  ],
  "resources": [
    {
      "profile": "data-resource",
      "format": "npy",
      "mediatype": "application/octet-stream",
      "name": "Inventory_results_and_indicators_emissions_to_air_total_particulate_matter_matrix_data.indices",
      "matrix": "characterization_matrix",
      "kind": "indices",
      "path": "Inventory_results_and_indicators_emissions_to_air_total_particulate_matter_matrix_data.indices.npy",
      "group": "Inventory_results_and_indicators_emissions_to_air_total_particulate_matter_matrix_data",
      "nrows": 13,
      "global_index": 1,
      "identifier": [
        "Inventory results and indicators",
        "emissions to air",
        "total particulate matter"
      ],
      "category": "vector"
    },
    {
      "profile": "data-resource",
      "format": "npy",
      "mediatype": "application/octet-stream",
      "name": "Inventory_results_and_indicators_emissions_to_air_total_particulate_matter_matrix_data.data",
      "matrix": "characterization_matrix",
      "kind": "data",
      "path": "Inventory_results_and_indicators_emissions_to_air_total_particulate_matter_matrix_data.data.npy",
      "group": "Inventory_results_and_indicators_emissions_to_air_total_particulate_matter_matrix_data",
      "nrows": 13,
      "global_index": 1,
      "identifier": [
        "Inventory results and indicators",
        "emissions to air",
        "total particulate matter"
      ],
      "category": "vector"
    }
  ],
  "created": "2024-06-16T12:09:02.064496+00:00Z",
  "combinatorial": false,
  "sequential": false,
  "seed": null,
  "sum_intra_duplicates": true,
  "sum_inter_duplicates": false,
  "matrix_serialize_format_type": "numpy"
}