{
  "profile": "data-package",
  "name": "recipe-2016-v103-midpoint-h-no-ltef.555614f9c956d573d8f8d7af63dab378.zip",
  "id": "03583c8df58c4745a7493e9bd8803848",
  "licenses": [
    {
      "name": "ODC-PDDL-1.0",
      "path": "http://opendatacommons.org/licenses/pddl/",
      "title": "Open Data Commons Public Domain Dedication and License v1.0"
    }
  ],
  "resources": [
    {
      "profile": "data-resource",
      "format": "npy",
      "mediatype": "application/octet-stream",
      "name": "ReCiPe_2016_v1.03_midpoint_H_no_LT_eutrophication_freshwater_no_LT_freshwater_eutrophication_potential_FEP_no_LT_matrix_data.indices",
      "matrix": "characterization_matrix",
      "kind": "indices",
      "path": "ReCiPe_2016_v1.03_midpoint_H_no_LT_eutrophication_freshwater_no_LT_freshwater_eutrophication_potential_FEP_no_LT_matrix_data.indices.npy",
      "group": "ReCiPe_2016_v1.03_midpoint_H_no_LT_eutrophication_freshwater_no_LT_freshwater_eutrophication_potential_FEP_no_LT_matrix_data",
      "nrows": 11,
      "global_index": 1,
      "identifier": [
        "ReCiPe 2016 v1.03, midpoint (H) no LT",
        "eutrophication: freshwater no LT",
        "freshwater eutrophication potential (FEP) no LT"
      ],
      "category": "vector"
    },
    {
      "profile": "data-resource",
      "format": "npy",
      "mediatype": "application/octet-stream",
      "name": "ReCiPe_2016_v1.03_midpoint_H_no_LT_eutrophication_freshwater_no_LT_freshwater_eutrophication_potential_FEP_no_LT_matrix_data.data",
      "matrix": "characterization_matrix",
      "kind": "data",
      "path": "ReCiPe_2016_v1.03_midpoint_H_no_LT_eutrophication_freshwater_no_LT_freshwater_eutrophication_potential_FEP_no_LT_matrix_data.data.npy",
      "group": "ReCiPe_2016_v1.03_midpoint_H_no_LT_eutrophication_freshwater_no_LT_freshwater_eutrophication_potential_FEP_no_LT_matrix_data",
      "nrows": 11,
      "global_index": 1,
      "identifier": [
        "ReCiPe 2016 v1.03, midpoint (H) no LT",
        "eutrophication: freshwater no LT",
        "freshwater eutrophication potential (FEP) no LT"
      ],
      "category": "vector"
    }
  ],
  "created": "2024-06-16T12:09:03.008788+00:00Z",
  "combinatorial": false,
  "sequential": false,
  "seed": null,
  "sum_intra_duplicates": true,
  "sum_inter_duplicates": false,
  "matrix_serialize_format_type": "numpy"
}