{
  "profile": "data-package",
  "name": "ef-v31-en15804ih.3221f3710ee15a5c39317332ee500bad.zip",
  "id": "401e852cda404057a2ecc081bbdaf729",
  "licenses": [
    {
      "name": "ODC-PDDL-1.0",
      "path": "http://opendatacommons.org/licenses/pddl/",
      "title": "Open Data Commons Public Domain Dedication and License v1.0"
    }
  ],
  "resources": [
    {
      "profile": "data-resource",
      "format": "npy",
      "mediatype": "application/octet-stream",
      "name": "EF_v3.1_EN15804_ionising_radiation_human_health_human_exposure_efficiency_relative_to_u235_matrix_data.indices",
      "matrix": "characterization_matrix",
      "kind": "indices",
      "path": "EF_v3.1_EN15804_ionising_radiation_human_health_human_exposure_efficiency_relative_to_u235_matrix_data.indices.npy",
      "group": "EF_v3.1_EN15804_ionising_radiation_human_health_human_exposure_efficiency_relative_to_u235_matrix_data",
      "nrows": 175,
      "global_index": 1,
      "identifier": [
        "EF v3.1 EN15804",
        "ionising radiation: human health",
        "human exposure efficiency relative to u235"
      ],
      "category": "vector"
    },
    {
      "profile": "data-resource",
      "format": "npy",
      "mediatype": "application/octet-stream",
      "name": "EF_v3.1_EN15804_ionising_radiation_human_health_human_exposure_efficiency_relative_to_u235_matrix_data.data",
      "matrix": "characterization_matrix",
      "kind": "data",
      "path": "EF_v3.1_EN15804_ionising_radiation_human_health_human_exposure_efficiency_relative_to_u235_matrix_data.data.npy",
      "group": "EF_v3.1_EN15804_ionising_radiation_human_health_human_exposure_efficiency_relative_to_u235_matrix_data",
      "nrows": 175,
      "global_index": 1,
      "identifier": [
        "EF v3.1 EN15804",
        "ionising radiation: human health",
        "human exposure efficiency relative to u235"
      ],
      "category": "vector"
    }
  ],
  "created": "2024-06-16T12:09:03.549479+00:00Z",
  "combinatorial": false,
  "sequential": false,
  "seed": null,
  "sum_intra_duplicates": true,
  "sum_inter_duplicates": false,
  "matrix_serialize_format_type": "numpy"
}