{
  "profile": "data-package",
  "name": "usetox-v213-midpoint-no-lthc.ab64220d509e30b24db0e49336fca0ff.zip",
  "id": "7ef2fa6f99364a1e85322f5325bf0d53",
  "licenses": [
    {
      "name": "ODC-PDDL-1.0",
      "path": "http://opendatacommons.org/licenses/pddl/",
      "title": "Open Data Commons Public Domain Dedication and License v1.0"
    }
  ],
  "resources": [
    {
      "profile": "data-resource",
      "format": "npy",
      "mediatype": "application/octet-stream",
      "name": "USEtox_v2.13_midpoint_no_LT_human_toxicity_carcinogenic_no_LT_comparative_toxic_unit_for_human_CTUh_no_LT_matrix_data.indices",
      "matrix": "characterization_matrix",
      "kind": "indices",
      "path": "USEtox_v2.13_midpoint_no_LT_human_toxicity_carcinogenic_no_LT_comparative_toxic_unit_for_human_CTUh_no_LT_matrix_data.indices.npy",
      "group": "USEtox_v2.13_midpoint_no_LT_human_toxicity_carcinogenic_no_LT_comparative_toxic_unit_for_human_CTUh_no_LT_matrix_data",
      "nrows": 447,
      "global_index": 1,
      "identifier": [
        "USEtox v2.13, midpoint no LT",
        "human toxicity: carcinogenic no LT",
        "comparative toxic unit for human (CTUh) no LT"
      ],
      "category": "vector"
    },
    {
      "profile": "data-resource",
      "format": "npy",
      "mediatype": "application/octet-stream",
      "name": "USEtox_v2.13_midpoint_no_LT_human_toxicity_carcinogenic_no_LT_comparative_toxic_unit_for_human_CTUh_no_LT_matrix_data.data",
      "matrix": "characterization_matrix",
      "kind": "data",
      "path": "USEtox_v2.13_midpoint_no_LT_human_toxicity_carcinogenic_no_LT_comparative_toxic_unit_for_human_CTUh_no_LT_matrix_data.data.npy",
      "group": "USEtox_v2.13_midpoint_no_LT_human_toxicity_carcinogenic_no_LT_comparative_toxic_unit_for_human_CTUh_no_LT_matrix_data",
      "nrows": 447,
      "global_index": 1,
      "identifier": [
        "USEtox v2.13, midpoint no LT",
        "human toxicity: carcinogenic no LT",
        "comparative toxic unit for human (CTUh) no LT"
      ],
      "category": "vector"
    }
  ],
  "created": "2024-06-16T12:09:03.385832+00:00Z",
  "combinatorial": false,
  "sequential": false,
  "seed": null,
  "sum_intra_duplicates": true,
  "sum_inter_duplicates": false,
  "matrix_serialize_format_type": "numpy"
}