{
  "profile": "data-package",
  "name": "recipe-2016-v103-midpoint-ipp.9393ec6fecdf4171629b067b1c136e53.zip",
  "id": "9977ffdb85924f2f8b5df20d28adba9c",
  "licenses": [
    {
      "name": "ODC-PDDL-1.0",
      "path": "http://opendatacommons.org/licenses/pddl/",
      "title": "Open Data Commons Public Domain Dedication and License v1.0"
    }
  ],
  "resources": [
    {
      "profile": "data-resource",
      "format": "npy",
      "mediatype": "application/octet-stream",
      "name": "ReCiPe_2016_v1.03_midpoint_I_particulate_matter_formation_particulate_matter_formation_potential_PMFP_matrix_data.indices",
      "matrix": "characterization_matrix",
      "kind": "indices",
      "path": "ReCiPe_2016_v1.03_midpoint_I_particulate_matter_formation_particulate_matter_formation_potential_PMFP_matrix_data.indices.npy",
      "group": "ReCiPe_2016_v1.03_midpoint_I_particulate_matter_formation_particulate_matter_formation_potential_PMFP_matrix_data",
      "nrows": 5,
      "global_index": 1,
      "identifier": [
        "ReCiPe 2016 v1.03, midpoint (I)",
        "particulate matter formation",
        "particulate matter formation potential (PMFP)"
      ],
      "category": "vector"
    },
    {
      "profile": "data-resource",
      "format": "npy",
      "mediatype": "application/octet-stream",
      "name": "ReCiPe_2016_v1.03_midpoint_I_particulate_matter_formation_particulate_matter_formation_potential_PMFP_matrix_data.data",
      "matrix": "characterization_matrix",
      "kind": "data",
      "path": "ReCiPe_2016_v1.03_midpoint_I_particulate_matter_formation_particulate_matter_formation_potential_PMFP_matrix_data.data.npy",
      "group": "ReCiPe_2016_v1.03_midpoint_I_particulate_matter_formation_particulate_matter_formation_potential_PMFP_matrix_data",
      "nrows": 5,
      "global_index": 1,
      "identifier": [
        "ReCiPe 2016 v1.03, midpoint (I)",
        "particulate matter formation",
        "particulate matter formation potential (PMFP)"
      ],
      "category": "vector"
    }
  ],
  "created": "2024-06-16T12:09:03.256010+00:00Z",
  "combinatorial": false,
  "sequential": false,
  "seed": null,
  "sum_intra_duplicates": true,
  "sum_inter_duplicates": false,
  "matrix_serialize_format_type": "numpy"
}