{
  "profile": "data-package",
  "name": "ef-v30wu.2041cdbbda531c8da8275ae88de50185.zip",
  "id": "ae44bfa2768345a88bf7c07edcde5d20",
  "licenses": [
    {
      "name": "ODC-PDDL-1.0",
      "path": "http://opendatacommons.org/licenses/pddl/",
      "title": "Open Data Commons Public Domain Dedication and License v1.0"
    }
  ],
  "resources": [
    {
      "profile": "data-resource",
      "format": "npy",
      "mediatype": "application/octet-stream",
      "name": "EF_v3.0_water_use_user_deprivation_potential_deprivation-weighted_water_consumption_matrix_data.indices",
      "matrix": "characterization_matrix",
      "kind": "indices",
      "path": "EF_v3.0_water_use_user_deprivation_potential_deprivation-weighted_water_consumption_matrix_data.indices.npy",
      "group": "EF_v3.0_water_use_user_deprivation_potential_deprivation-weighted_water_consumption_matrix_data",
      "nrows": 5,
      "global_index": 1,
      "identifier": [
        "EF v3.0",
        "water use",
        "user deprivation potential (deprivation-weighted water consumption)"
      ],
      "category": "vector"
    },
    {
      "profile": "data-resource",
      "format": "npy",
      "mediatype": "application/octet-stream",
      "name": "EF_v3.0_water_use_user_deprivation_potential_deprivation-weighted_water_consumption_matrix_data.data",
      "matrix": "characterization_matrix",
      "kind": "data",
      "path": "EF_v3.0_water_use_user_deprivation_potential_deprivation-weighted_water_consumption_matrix_data.data.npy",
      "group": "EF_v3.0_water_use_user_deprivation_potential_deprivation-weighted_water_consumption_matrix_data",
      "nrows": 5,
      "global_index": 1,
      "identifier": [
        "EF v3.0",
        "water use",
        "user deprivation potential (deprivation-weighted water consumption)"
      ],
      "category": "vector"
    }
  ],
  "created": "2024-06-16T12:09:01.803144+00:00Z",
  "combinatorial": false,
  "sequential": false,
  "seed": null,
  "sum_intra_duplicates": true,
  "sum_inter_duplicates": false,
  "matrix_serialize_format_type": "numpy"
}