{
  "profile": "data-package",
  "name": "recipe-2016-v103-endpoint-ene.889d0b6aa9347d17321a9f9869b5928a.zip",
  "id": "ee29a01fc3d443e99d0e899df1ae5bd9",
  "licenses": [
    {
      "name": "ODC-PDDL-1.0",
      "path": "http://opendatacommons.org/licenses/pddl/",
      "title": "Open Data Commons Public Domain Dedication and License v1.0"
    }
  ],
  "resources": [
    {
      "profile": "data-resource",
      "format": "npy",
      "mediatype": "application/octet-stream",
      "name": "ReCiPe_2016_v1.03_endpoint_E_natural_resources_energy_resources_non-renewable_fossil_matrix_data.indices",
      "matrix": "characterization_matrix",
      "kind": "indices",
      "path": "ReCiPe_2016_v1.03_endpoint_E_natural_resources_energy_resources_non-renewable_fossil_matrix_data.indices.npy",
      "group": "ReCiPe_2016_v1.03_endpoint_E_natural_resources_energy_resources_non-renewable_fossil_matrix_data",
      "nrows": 6,
      "global_index": 1,
      "identifier": [
        "ReCiPe 2016 v1.03, endpoint (E)",
        "natural resources",
        "energy resources: non-renewable, fossil"
      ],
      "category": "vector"
    },
    {
      "profile": "data-resource",
      "format": "npy",
      "mediatype": "application/octet-stream",
      "name": "ReCiPe_2016_v1.03_endpoint_E_natural_resources_energy_resources_non-renewable_fossil_matrix_data.data",
      "matrix": "characterization_matrix",
      "kind": "data",
      "path": "ReCiPe_2016_v1.03_endpoint_E_natural_resources_energy_resources_non-renewable_fossil_matrix_data.data.npy",
      "group": "ReCiPe_2016_v1.03_endpoint_E_natural_resources_energy_resources_non-renewable_fossil_matrix_data",
      "nrows": 6,
      "global_index": 1,
      "identifier": [
        "ReCiPe 2016 v1.03, endpoint (E)",
        "natural resources",
        "energy resources: non-renewable, fossil"
      ],
      "category": "vector"
    }
  ],
  "created": "2024-06-16T12:09:02.468032+00:00Z",
  "combinatorial": false,
  "sequential": false,
  "seed": null,
  "sum_intra_duplicates": true,
  "sum_inter_duplicates": false,
  "matrix_serialize_format_type": "numpy"
}