{
  "profile": "data-package",
  "name": "recipe-2016-v103-endpoint-ete.a6b212f0b832b38918060ea628c37bc9.zip",
  "id": "5189fa1c01784c13b7d91a2c7fb844fc",
  "licenses": [
    {
      "name": "ODC-PDDL-1.0",
      "path": "http://opendatacommons.org/licenses/pddl/",
      "title": "Open Data Commons Public Domain Dedication and License v1.0"
    }
  ],
  "resources": [
    {
      "profile": "data-resource",
      "format": "npy",
      "mediatype": "application/octet-stream",
      "name": "ReCiPe_2016_v1.03_endpoint_E_total_ecosystem_quality_ecosystem_quality_matrix_data.indices",
      "matrix": "characterization_matrix",
      "kind": "indices",
      "path": "ReCiPe_2016_v1.03_endpoint_E_total_ecosystem_quality_ecosystem_quality_matrix_data.indices.npy",
      "group": "ReCiPe_2016_v1.03_endpoint_E_total_ecosystem_quality_ecosystem_quality_matrix_data",
      "nrows": 1989,
      "global_index": 1,
      "identifier": [
        "ReCiPe 2016 v1.03, endpoint (E)",
        "total: ecosystem quality",
        "ecosystem quality"
      ],
      "category": "vector"
    },
    {
      "profile": "data-resource",
      "format": "npy",
      "mediatype": "application/octet-stream",
      "name": "ReCiPe_2016_v1.03_endpoint_E_total_ecosystem_quality_ecosystem_quality_matrix_data.data",
      "matrix": "characterization_matrix",
      "kind": "data",
      "path": "ReCiPe_2016_v1.03_endpoint_E_total_ecosystem_quality_ecosystem_quality_matrix_data.data.npy",
      "group": "ReCiPe_2016_v1.03_endpoint_E_total_ecosystem_quality_ecosystem_quality_matrix_data",
      "nrows": 1989,
      "global_index": 1,
      "identifier": [
        "ReCiPe 2016 v1.03, endpoint (E)",
        "total: ecosystem quality",
        "ecosystem quality"
      ],
      "category": "vector"
    }
  ],
  "created": "2024-06-16T12:09:02.473528+00:00Z",
  "combinatorial": false,
  "sequential": false,
  "seed": null,
  "sum_intra_duplicates": true,
  "sum_inter_duplicates": false,
  "matrix_serialize_format_type": "numpy"
}