{
  "profile": "data-package",
  "name": "recipe-2016-v103-endpoint-ehh.1c7e7eacb466f318405ee8d707e88d06.zip",
  "id": "0ccd4511e72c4001b5026ab8cb21859c",
  "licenses": [
    {
      "name": "ODC-PDDL-1.0",
      "path": "http://opendatacommons.org/licenses/pddl/",
      "title": "Open Data Commons Public Domain Dedication and License v1.0"
    }
  ],
  "resources": [
    {
      "profile": "data-resource",
      "format": "npy",
      "mediatype": "application/octet-stream",
      "name": "ReCiPe_2016_v1.03_endpoint_E_human_health_human_toxicity_carcinogenic_matrix_data.indices",
      "matrix": "characterization_matrix",
      "kind": "indices",
      "path": "ReCiPe_2016_v1.03_endpoint_E_human_health_human_toxicity_carcinogenic_matrix_data.indices.npy",
      "group": "ReCiPe_2016_v1.03_endpoint_E_human_health_human_toxicity_carcinogenic_matrix_data",
      "nrows": 500,
      "global_index": 1,
      "identifier": [
        "ReCiPe 2016 v1.03, endpoint (E)",
        "human health",
        "human toxicity: carcinogenic"
      ],
      "category": "vector"
    },
    {
      "profile": "data-resource",
      "format": "npy",
      "mediatype": "application/octet-stream",
      "name": "ReCiPe_2016_v1.03_endpoint_E_human_health_human_toxicity_carcinogenic_matrix_data.data",
      "matrix": "characterization_matrix",
      "kind": "data",
      "path": "ReCiPe_2016_v1.03_endpoint_E_human_health_human_toxicity_carcinogenic_matrix_data.data.npy",
      "group": "ReCiPe_2016_v1.03_endpoint_E_human_health_human_toxicity_carcinogenic_matrix_data",
      "nrows": 500,
      "global_index": 1,
      "identifier": [
        "ReCiPe 2016 v1.03, endpoint (E)",
        "human health",
        "human toxicity: carcinogenic"
      ],
      "category": "vector"
    }
  ],
  "created": "2024-06-16T12:09:02.444038+00:00Z",
  "combinatorial": false,
  "sequential": false,
  "seed": null,
  "sum_intra_duplicates": true,
  "sum_inter_duplicates": false,
  "matrix_serialize_format_type": "numpy"
}