{
  "profile": "data-package",
  "name": "inventory-results-and-indicatorsen.63f2deb66e1b5e55075e5e270ccac306.zip",
  "id": "8ff21432f24e4daebd6f1c7be8b71dcd",
  "licenses": [
    {
      "name": "ODC-PDDL-1.0",
      "path": "http://opendatacommons.org/licenses/pddl/",
      "title": "Open Data Commons Public Domain Dedication and License v1.0"
    }
  ],
  "resources": [
    {
      "profile": "data-resource",
      "format": "npy",
      "mediatype": "application/octet-stream",
      "name": "Inventory_results_and_indicators_emissions_to_air_NOx_matrix_data.indices",
      "matrix": "characterization_matrix",
      "kind": "indices",
      "path": "Inventory_results_and_indicators_emissions_to_air_NOx_matrix_data.indices.npy",
      "group": "Inventory_results_and_indicators_emissions_to_air_NOx_matrix_data",
      "nrows": 5,
      "global_index": 1,
      "identifier": [
        "Inventory results and indicators",
        "emissions to air",
        "NOx"
      ],
      "category": "vector"
    },
    {
      "profile": "data-resource",
      "format": "npy",
      "mediatype": "application/octet-stream",
      "name": "Inventory_results_and_indicators_emissions_to_air_NOx_matrix_data.data",
      "matrix": "characterization_matrix",
      "kind": "data",
      "path": "Inventory_results_and_indicators_emissions_to_air_NOx_matrix_data.data.npy",
      "group": "Inventory_results_and_indicators_emissions_to_air_NOx_matrix_data",
      "nrows": 5,
      "global_index": 1,
      "identifier": [
        "Inventory results and indicators",
        "emissions to air",
        "NOx"
      ],
      "category": "vector"
    }
  ],
  "created": "2024-06-16T12:09:02.087063+00:00Z",
  "combinatorial": false,
  "sequential": false,
  "seed": null,
  "sum_intra_duplicates": true,
  "sum_inter_duplicates": false,
  "matrix_serialize_format_type": "numpy"
}