{
  "profile": "data-package",
  "name": "inventory-results-and-indicatorsrt.dc236e461a1cbc56fe9ab0f71bc9aa96.zip",
  "id": "88032633bebf44159f6b2ba6e3f553b8",
  "licenses": [
    {
      "name": "ODC-PDDL-1.0",
      "path": "http://opendatacommons.org/licenses/pddl/",
      "title": "Open Data Commons Public Domain Dedication and License v1.0"
    }
  ],
  "resources": [
    {
      "profile": "data-resource",
      "format": "npy",
      "mediatype": "application/octet-stream",
      "name": "Inventory_results_and_indicators_resources_total_surface_occupation_matrix_data.indices",
      "matrix": "characterization_matrix",
      "kind": "indices",
      "path": "Inventory_results_and_indicators_resources_total_surface_occupation_matrix_data.indices.npy",
      "group": "Inventory_results_and_indicators_resources_total_surface_occupation_matrix_data",
      "nrows": 60,
      "global_index": 1,
      "identifier": [
        "Inventory results and indicators",
        "resources",
        "total surface occupation"
      ],
      "category": "vector"
    },
    {
      "profile": "data-resource",
      "format": "npy",
      "mediatype": "application/octet-stream",
      "name": "Inventory_results_and_indicators_resources_total_surface_occupation_matrix_data.data",
      "matrix": "characterization_matrix",
      "kind": "data",
      "path": "Inventory_results_and_indicators_resources_total_surface_occupation_matrix_data.data.npy",
      "group": "Inventory_results_and_indicators_resources_total_surface_occupation_matrix_data",
      "nrows": 60,
      "global_index": 1,
      "identifier": [
        "Inventory results and indicators",
        "resources",
        "total surface occupation"
      ],
      "category": "vector"
    }
  ],
  "created": "2024-06-16T12:09:02.042962+00:00Z",
  "combinatorial": false,
  "sequential": false,
  "seed": null,
  "sum_intra_duplicates": true,
  "sum_inter_duplicates": false,
  "matrix_serialize_format_type": "numpy"
}