{
  "profile": "data-package",
  "name": "recipe-2016-v103-endpoint-i-no-ltne.099824793e17bb55ab20f7594813c6db.zip",
  "id": "4dc0e8d966184751b77fcb18e2a02869",
  "licenses": [
    {
      "name": "ODC-PDDL-1.0",
      "path": "http://opendatacommons.org/licenses/pddl/",
      "title": "Open Data Commons Public Domain Dedication and License v1.0"
    }
  ],
  "resources": [
    {
      "profile": "data-resource",
      "format": "npy",
      "mediatype": "application/octet-stream",
      "name": "ReCiPe_2016_v1.03_endpoint_I_no_LT_natural_resources_no_LT_energy_resources_non-renewable_fossil_no_LT_matrix_data.indices",
      "matrix": "characterization_matrix",
      "kind": "indices",
      "path": "ReCiPe_2016_v1.03_endpoint_I_no_LT_natural_resources_no_LT_energy_resources_non-renewable_fossil_no_LT_matrix_data.indices.npy",
      "group": "ReCiPe_2016_v1.03_endpoint_I_no_LT_natural_resources_no_LT_energy_resources_non-renewable_fossil_no_LT_matrix_data",
      "nrows": 4,
      "global_index": 1,
      "identifier": [
        "ReCiPe 2016 v1.03, endpoint (I) no LT",
        "natural resources no LT",
        "energy resources: non-renewable, fossil no LT"
      ],
      "category": "vector"
    },
    {
      "profile": "data-resource",
      "format": "npy",
      "mediatype": "application/octet-stream",
      "name": "ReCiPe_2016_v1.03_endpoint_I_no_LT_natural_resources_no_LT_energy_resources_non-renewable_fossil_no_LT_matrix_data.data",
      "matrix": "characterization_matrix",
      "kind": "data",
      "path": "ReCiPe_2016_v1.03_endpoint_I_no_LT_natural_resources_no_LT_energy_resources_non-renewable_fossil_no_LT_matrix_data.data.npy",
      "group": "ReCiPe_2016_v1.03_endpoint_I_no_LT_natural_resources_no_LT_energy_resources_non-renewable_fossil_no_LT_matrix_data",
      "nrows": 4,
      "global_index": 1,
      "identifier": [
        "ReCiPe 2016 v1.03, endpoint (I) no LT",
        "natural resources no LT",
        "energy resources: non-renewable, fossil no LT"
      ],
      "category": "vector"
    }
  ],
  "created": "2024-06-16T12:09:02.731948+00:00Z",
  "combinatorial": false,
  "sequential": false,
  "seed": null,
  "sum_intra_duplicates": true,
  "sum_inter_duplicates": false,
  "matrix_serialize_format_type": "numpy"
}