{
  "profile": "data-package",
  "name": "recipe-2016-v103-midpoint-iii.41bfff5a509321849ea4e9067ae5b736.zip",
  "id": "a5a949fc99564284a80db0ba8e8010e9",
  "licenses": [
    {
      "name": "ODC-PDDL-1.0",
      "path": "http://opendatacommons.org/licenses/pddl/",
      "title": "Open Data Commons Public Domain Dedication and License v1.0"
    }
  ],
  "resources": [
    {
      "profile": "data-resource",
      "format": "npy",
      "mediatype": "application/octet-stream",
      "name": "ReCiPe_2016_v1.03_midpoint_I_ionising_radiation_ionising_radiation_potential_IRP_matrix_data.indices",
      "matrix": "characterization_matrix",
      "kind": "indices",
      "path": "ReCiPe_2016_v1.03_midpoint_I_ionising_radiation_ionising_radiation_potential_IRP_matrix_data.indices.npy",
      "group": "ReCiPe_2016_v1.03_midpoint_I_ionising_radiation_ionising_radiation_potential_IRP_matrix_data",
      "nrows": 162,
      "global_index": 1,
      "identifier": [
        "ReCiPe 2016 v1.03, midpoint (I)",
        "ionising radiation",
        "ionising radiation potential (IRP)"
      ],
      "category": "vector"
    },
    {
      "profile": "data-resource",
      "format": "npy",
      "mediatype": "application/octet-stream",
      "name": "ReCiPe_2016_v1.03_midpoint_I_ionising_radiation_ionising_radiation_potential_IRP_matrix_data.data",
      "matrix": "characterization_matrix",
      "kind": "data",
      "path": "ReCiPe_2016_v1.03_midpoint_I_ionising_radiation_ionising_radiation_potential_IRP_matrix_data.data.npy",
      "group": "ReCiPe_2016_v1.03_midpoint_I_ionising_radiation_ionising_radiation_potential_IRP_matrix_data",
      "nrows": 162,
      "global_index": 1,
      "identifier": [
        "ReCiPe 2016 v1.03, midpoint (I)",
        "ionising radiation",
        "ionising radiation potential (IRP)"
      ],
      "category": "vector"
    }
  ],
  "created": "2024-06-16T12:09:03.240563+00:00Z",
  "combinatorial": false,
  "sequential": false,
  "seed": null,
  "sum_intra_duplicates": true,
  "sum_inter_duplicates": false,
  "matrix_serialize_format_type": "numpy"
}