{
  "profile": "data-package",
  "name": "cml-v48-2016-no-ltem.a0375eb8cf5f50184aec734447fceb07.zip",
  "id": "95abb13c37f14a119008c271272bb24d",
  "licenses": [
    {
      "name": "ODC-PDDL-1.0",
      "path": "http://opendatacommons.org/licenses/pddl/",
      "title": "Open Data Commons Public Domain Dedication and License v1.0"
    }
  ],
  "resources": [
    {
      "profile": "data-resource",
      "format": "npy",
      "mediatype": "application/octet-stream",
      "name": "CML_v4.8_2016_no_LT_ecotoxicity_marine_no_LT_marine_aquatic_ecotoxicity_MAETP_inf_no_LT_matrix_data.indices",
      "matrix": "characterization_matrix",
      "kind": "indices",
      "path": "CML_v4.8_2016_no_LT_ecotoxicity_marine_no_LT_marine_aquatic_ecotoxicity_MAETP_inf_no_LT_matrix_data.indices.npy",
      "group": "CML_v4.8_2016_no_LT_ecotoxicity_marine_no_LT_marine_aquatic_ecotoxicity_MAETP_inf_no_LT_matrix_data",
      "nrows": 664,
      "global_index": 1,
      "identifier": [
        "CML v4.8 2016 no LT",
        "ecotoxicity: marine no LT",
        "marine aquatic ecotoxicity (MAETP inf) no LT"
      ],
      "category": "vector"
    },
    {
      "profile": "data-resource",
      "format": "npy",
      "mediatype": "application/octet-stream",
      "name": "CML_v4.8_2016_no_LT_ecotoxicity_marine_no_LT_marine_aquatic_ecotoxicity_MAETP_inf_no_LT_matrix_data.data",
      "matrix": "characterization_matrix",
      "kind": "data",
      "path": "CML_v4.8_2016_no_LT_ecotoxicity_marine_no_LT_marine_aquatic_ecotoxicity_MAETP_inf_no_LT_matrix_data.data.npy",
      "group": "CML_v4.8_2016_no_LT_ecotoxicity_marine_no_LT_marine_aquatic_ecotoxicity_MAETP_inf_no_LT_matrix_data",
      "nrows": 664,
      "global_index": 1,
      "identifier": [
        "CML v4.8 2016 no LT",
        "ecotoxicity: marine no LT",
        "marine aquatic ecotoxicity (MAETP inf) no LT"
      ],
      "category": "vector"
    }
  ],
  "created": "2024-06-16T12:09:01.467022+00:00Z",
  "combinatorial": false,
  "sequential": false,
  "seed": null,
  "sum_intra_duplicates": true,
  "sum_inter_duplicates": false,
  "matrix_serialize_format_type": "numpy"
}