{
  "profile": "data-package",
  "name": "recipe-2016-v103-midpoint-i-no-ltpp.ebaa11952a6fafc00e22d2d136a6bf6e.zip",
  "id": "d5375e19ffda4c03b340a8b741d8ba82",
  "licenses": [
    {
      "name": "ODC-PDDL-1.0",
      "path": "http://opendatacommons.org/licenses/pddl/",
      "title": "Open Data Commons Public Domain Dedication and License v1.0"
    }
  ],
  "resources": [
    {
      "profile": "data-resource",
      "format": "npy",
      "mediatype": "application/octet-stream",
      "name": "ReCiPe_2016_v1.03_midpoint_I_no_LT_photochemical_oxidant_formation_human_health_no_LT_photochemical_oxidant_formation_potential_humans_HOFP_no_LT_matrix_data.indices",
      "matrix": "characterization_matrix",
      "kind": "indices",
      "path": "ReCiPe_2016_v1.03_midpoint_I_no_LT_photochemical_oxidant_formation_human_health_no_LT_photochemical_oxidant_formation_potential_humans_HOFP_no_LT_matrix_data.indices.npy",
      "group": "ReCiPe_2016_v1.03_midpoint_I_no_LT_photochemical_oxidant_formation_human_health_no_LT_photochemical_oxidant_formation_potential_humans_HOFP_no_LT_matrix_data",
      "nrows": 150,
      "global_index": 1,
      "identifier": [
        "ReCiPe 2016 v1.03, midpoint (I) no LT",
        "photochemical oxidant formation: human health no LT",
        "photochemical oxidant formation potential: humans (HOFP) no LT"
      ],
      "category": "vector"
    },
    {
      "profile": "data-resource",
      "format": "npy",
      "mediatype": "application/octet-stream",
      "name": "ReCiPe_2016_v1.03_midpoint_I_no_LT_photochemical_oxidant_formation_human_health_no_LT_photochemical_oxidant_formation_potential_humans_HOFP_no_LT_matrix_data.data",
      "matrix": "characterization_matrix",
      "kind": "data",
      "path": "ReCiPe_2016_v1.03_midpoint_I_no_LT_photochemical_oxidant_formation_human_health_no_LT_photochemical_oxidant_formation_potential_humans_HOFP_no_LT_matrix_data.data.npy",
      "group": "ReCiPe_2016_v1.03_midpoint_I_no_LT_photochemical_oxidant_formation_human_health_no_LT_photochemical_oxidant_formation_potential_humans_HOFP_no_LT_matrix_data",
      "nrows": 150,
      "global_index": 1,
      "identifier": [
        "ReCiPe 2016 v1.03, midpoint (I) no LT",
        "photochemical oxidant formation: human health no LT",
        "photochemical oxidant formation potential: humans (HOFP) no LT"
      ],
      "category": "vector"
    }
  ],
  "created": "2024-06-16T12:09:03.185996+00:00Z",
  "combinatorial": false,
  "sequential": false,
  "seed": null,
  "sum_intra_duplicates": true,
  "sum_inter_duplicates": false,
  "matrix_serialize_format_type": "numpy"
}