{
  "profile": "data-package",
  "name": "recipe-2016-v103-midpoint-eef.0e13561e63c31d3356776c27de07b40c.zip",
  "id": "9d1b7747813b41229f6ed64ce4d0e8d8",
  "licenses": [
    {
      "name": "ODC-PDDL-1.0",
      "path": "http://opendatacommons.org/licenses/pddl/",
      "title": "Open Data Commons Public Domain Dedication and License v1.0"
    }
  ],
  "resources": [
    {
      "profile": "data-resource",
      "format": "npy",
      "mediatype": "application/octet-stream",
      "name": "ReCiPe_2016_v1.03_midpoint_E_energy_resources_non-renewable_fossil_fossil_fuel_potential_FFP_matrix_data.indices",
      "matrix": "characterization_matrix",
      "kind": "indices",
      "path": "ReCiPe_2016_v1.03_midpoint_E_energy_resources_non-renewable_fossil_fossil_fuel_potential_FFP_matrix_data.indices.npy",
      "group": "ReCiPe_2016_v1.03_midpoint_E_energy_resources_non-renewable_fossil_fossil_fuel_potential_FFP_matrix_data",
      "nrows": 6,
      "global_index": 1,
      "identifier": [
        "ReCiPe 2016 v1.03, midpoint (E)",
        "energy resources: non-renewable, fossil",
        "fossil fuel potential (FFP)"
      ],
      "category": "vector"
    },
    {
      "profile": "data-resource",
      "format": "npy",
      "mediatype": "application/octet-stream",
      "name": "ReCiPe_2016_v1.03_midpoint_E_energy_resources_non-renewable_fossil_fossil_fuel_potential_FFP_matrix_data.data",
      "matrix": "characterization_matrix",
      "kind": "data",
      "path": "ReCiPe_2016_v1.03_midpoint_E_energy_resources_non-renewable_fossil_fossil_fuel_potential_FFP_matrix_data.data.npy",
      "group": "ReCiPe_2016_v1.03_midpoint_E_energy_resources_non-renewable_fossil_fossil_fuel_potential_FFP_matrix_data",
      "nrows": 6,
      "global_index": 1,
      "identifier": [
        "ReCiPe 2016 v1.03, midpoint (E)",
        "energy resources: non-renewable, fossil",
        "fossil fuel potential (FFP)"
      ],
      "category": "vector"
    }
  ],
  "created": "2024-06-16T12:09:02.937796+00:00Z",
  "combinatorial": false,
  "sequential": false,
  "seed": null,
  "sum_intra_duplicates": true,
  "sum_inter_duplicates": false,
  "matrix_serialize_format_type": "numpy"
}