{
  "profile": "data-package",
  "name": "inventory-results-and-indicatorsep.2b6fc03c37fe566b0739e1552e6aac7a.zip",
  "id": "daf17b0f34b94a26a1735d7f4783c0a3",
  "licenses": [
    {
      "name": "ODC-PDDL-1.0",
      "path": "http://opendatacommons.org/licenses/pddl/",
      "title": "Open Data Commons Public Domain Dedication and License v1.0"
    }
  ],
  "resources": [
    {
      "profile": "data-resource",
      "format": "npy",
      "mediatype": "application/octet-stream",
      "name": "Inventory_results_and_indicators_emissions_to_air_particulate_matter_2.5_um_and_10_matrix_data.indices",
      "matrix": "characterization_matrix",
      "kind": "indices",
      "path": "Inventory_results_and_indicators_emissions_to_air_particulate_matter_2.5_um_and_10_matrix_data.indices.npy",
      "group": "Inventory_results_and_indicators_emissions_to_air_particulate_matter_2.5_um_and_10_matrix_data",
      "nrows": 4,
      "global_index": 1,
      "identifier": [
        "Inventory results and indicators",
        "emissions to air",
        "particulate matter, >2.5 um and <10"
      ],
      "category": "vector"
    },
    {
      "profile": "data-resource",
      "format": "npy",
      "mediatype": "application/octet-stream",
      "name": "Inventory_results_and_indicators_emissions_to_air_particulate_matter_2.5_um_and_10_matrix_data.data",
      "matrix": "characterization_matrix",
      "kind": "data",
      "path": "Inventory_results_and_indicators_emissions_to_air_particulate_matter_2.5_um_and_10_matrix_data.data.npy",
      "group": "Inventory_results_and_indicators_emissions_to_air_particulate_matter_2.5_um_and_10_matrix_data",
      "nrows": 4,
      "global_index": 1,
      "identifier": [
        "Inventory results and indicators",
        "emissions to air",
        "particulate matter, >2.5 um and <10"
      ],
      "category": "vector"
    }
  ],
  "created": "2024-06-16T12:09:02.068153+00:00Z",
  "combinatorial": false,
  "sequential": false,
  "seed": null,
  "sum_intra_duplicates": true,
  "sum_inter_duplicates": false,
  "matrix_serialize_format_type": "numpy"
}