{
  "profile": "data-package",
  "name": "cumulative-energy-demand-cedee.3f25cbc26fbb68a36a95da2c84b8621d.zip",
  "id": "ecc509f9f7cb47d79205302afe97c0fd",
  "licenses": [
    {
      "name": "ODC-PDDL-1.0",
      "path": "http://opendatacommons.org/licenses/pddl/",
      "title": "Open Data Commons Public Domain Dedication and License v1.0"
    }
  ],
  "resources": [
    {
      "profile": "data-resource",
      "format": "npy",
      "mediatype": "application/octet-stream",
      "name": "Cumulative_Energy_Demand_CED_energy_resources_non-renewable_biomass_energy_content_HHV_matrix_data.indices",
      "matrix": "characterization_matrix",
      "kind": "indices",
      "path": "Cumulative_Energy_Demand_CED_energy_resources_non-renewable_biomass_energy_content_HHV_matrix_data.indices.npy",
      "group": "Cumulative_Energy_Demand_CED_energy_resources_non-renewable_biomass_energy_content_HHV_matrix_data",
      "nrows": 1,
      "global_index": 1,
      "identifier": [
        "Cumulative Energy Demand (CED)",
        "energy resources: non-renewable, biomass",
        "energy content (HHV)"
      ],
      "category": "vector"
    },
    {
      "profile": "data-resource",
      "format": "npy",
      "mediatype": "application/octet-stream",
      "name": "Cumulative_Energy_Demand_CED_energy_resources_non-renewable_biomass_energy_content_HHV_matrix_data.data",
      "matrix": "characterization_matrix",
      "kind": "data",
      "path": "Cumulative_Energy_Demand_CED_energy_resources_non-renewable_biomass_energy_content_HHV_matrix_data.data.npy",
      "group": "Cumulative_Energy_Demand_CED_energy_resources_non-renewable_biomass_energy_content_HHV_matrix_data",
      "nrows": 1,
      "global_index": 1,
      "identifier": [
        "Cumulative Energy Demand (CED)",
        "energy resources: non-renewable, biomass",
        "energy content (HHV)"
      ],
      "category": "vector"
    }
  ],
  "created": "2024-06-16T12:09:01.510348+00:00Z",
  "combinatorial": false,
  "sequential": false,
  "seed": null,
  "sum_intra_duplicates": true,
  "sum_inter_duplicates": false,
  "matrix_serialize_format_type": "numpy"
}