{
  "profile": "data-package",
  "name": "ef-v31-no-ltea.26d412b159cadb7fc4e3e66e19d572a5.zip",
  "id": "7629c97a3e4145c2b874d3ed2a3948a6",
  "licenses": [
    {
      "name": "ODC-PDDL-1.0",
      "path": "http://opendatacommons.org/licenses/pddl/",
      "title": "Open Data Commons Public Domain Dedication and License v1.0"
    }
  ],
  "resources": [
    {
      "profile": "data-resource",
      "format": "npy",
      "mediatype": "application/octet-stream",
      "name": "EF_v3.1_no_LT_energy_resources_non-renewable_no_LT_abiotic_depletion_potential_ADP_fossil_fuels_no_LT_matrix_data.indices",
      "matrix": "characterization_matrix",
      "kind": "indices",
      "path": "EF_v3.1_no_LT_energy_resources_non-renewable_no_LT_abiotic_depletion_potential_ADP_fossil_fuels_no_LT_matrix_data.indices.npy",
      "group": "EF_v3.1_no_LT_energy_resources_non-renewable_no_LT_abiotic_depletion_potential_ADP_fossil_fuels_no_LT_matrix_data",
      "nrows": 7,
      "global_index": 1,
      "identifier": [
        "EF v3.1 no LT",
        "energy resources: non-renewable no LT",
        "abiotic depletion potential (ADP): fossil fuels no LT"
      ],
      "category": "vector"
    },
    {
      "profile": "data-resource",
      "format": "npy",
      "mediatype": "application/octet-stream",
      "name": "EF_v3.1_no_LT_energy_resources_non-renewable_no_LT_abiotic_depletion_potential_ADP_fossil_fuels_no_LT_matrix_data.data",
      "matrix": "characterization_matrix",
      "kind": "data",
      "path": "EF_v3.1_no_LT_energy_resources_non-renewable_no_LT_abiotic_depletion_potential_ADP_fossil_fuels_no_LT_matrix_data.data.npy",
      "group": "EF_v3.1_no_LT_energy_resources_non-renewable_no_LT_abiotic_depletion_potential_ADP_fossil_fuels_no_LT_matrix_data",
      "nrows": 7,
      "global_index": 1,
      "identifier": [
        "EF v3.1 no LT",
        "energy resources: non-renewable no LT",
        "abiotic depletion potential (ADP): fossil fuels no LT"
      ],
      "category": "vector"
    }
  ],
  "created": "2024-06-16T12:09:01.831591+00:00Z",
  "combinatorial": false,
  "sequential": false,
  "seed": null,
  "sum_intra_duplicates": true,
  "sum_inter_duplicates": false,
  "matrix_serialize_format_type": "numpy"
}