{
  "profile": "data-package",
  "name": "recipe-2016-v103-midpoint-i-no-ltem.820242d1dd4588e50fea2aaf3f451d1d.zip",
  "id": "c07f9b723330471da5370fe625567886",
  "licenses": [
    {
      "name": "ODC-PDDL-1.0",
      "path": "http://opendatacommons.org/licenses/pddl/",
      "title": "Open Data Commons Public Domain Dedication and License v1.0"
    }
  ],
  "resources": [
    {
      "profile": "data-resource",
      "format": "npy",
      "mediatype": "application/octet-stream",
      "name": "ReCiPe_2016_v1.03_midpoint_I_no_LT_ecotoxicity_marine_no_LT_marine_ecotoxicity_potential_METP_no_LT_matrix_data.indices",
      "matrix": "characterization_matrix",
      "kind": "indices",
      "path": "ReCiPe_2016_v1.03_midpoint_I_no_LT_ecotoxicity_marine_no_LT_marine_ecotoxicity_potential_METP_no_LT_matrix_data.indices.npy",
      "group": "ReCiPe_2016_v1.03_midpoint_I_no_LT_ecotoxicity_marine_no_LT_marine_ecotoxicity_potential_METP_no_LT_matrix_data",
      "nrows": 1181,
      "global_index": 1,
      "identifier": [
        "ReCiPe 2016 v1.03, midpoint (I) no LT",
        "ecotoxicity: marine no LT",
        "marine ecotoxicity potential (METP) no LT"
      ],
      "category": "vector"
    },
    {
      "profile": "data-resource",
      "format": "npy",
      "mediatype": "application/octet-stream",
      "name": "ReCiPe_2016_v1.03_midpoint_I_no_LT_ecotoxicity_marine_no_LT_marine_ecotoxicity_potential_METP_no_LT_matrix_data.data",
      "matrix": "characterization_matrix",
      "kind": "data",
      "path": "ReCiPe_2016_v1.03_midpoint_I_no_LT_ecotoxicity_marine_no_LT_marine_ecotoxicity_potential_METP_no_LT_matrix_data.data.npy",
      "group": "ReCiPe_2016_v1.03_midpoint_I_no_LT_ecotoxicity_marine_no_LT_marine_ecotoxicity_potential_METP_no_LT_matrix_data",
      "nrows": 1181,
      "global_index": 1,
      "identifier": [
        "ReCiPe 2016 v1.03, midpoint (I) no LT",
        "ecotoxicity: marine no LT",
        "marine ecotoxicity potential (METP) no LT"
      ],
      "category": "vector"
    }
  ],
  "created": "2024-06-16T12:09:03.139139+00:00Z",
  "combinatorial": false,
  "sequential": false,
  "seed": null,
  "sum_intra_duplicates": true,
  "sum_inter_duplicates": false,
  "matrix_serialize_format_type": "numpy"
}