{
  "profile": "data-package",
  "name": "traci-v21-no-lthh.c7dc1b23b96b6b8f9d017ceb3a04d3e6.zip",
  "id": "03e1e0ceafc64ec299e09a5cd3b74732",
  "licenses": [
    {
      "name": "ODC-PDDL-1.0",
      "path": "http://opendatacommons.org/licenses/pddl/",
      "title": "Open Data Commons Public Domain Dedication and License v1.0"
    }
  ],
  "resources": [
    {
      "profile": "data-resource",
      "format": "npy",
      "mediatype": "application/octet-stream",
      "name": "TRACI_v2.1_no_LT_human_toxicity_carcinogenic_no_LT_human_toxicity_carcinogenic_no_LT_matrix_data.indices",
      "matrix": "characterization_matrix",
      "kind": "indices",
      "path": "TRACI_v2.1_no_LT_human_toxicity_carcinogenic_no_LT_human_toxicity_carcinogenic_no_LT_matrix_data.indices.npy",
      "group": "TRACI_v2.1_no_LT_human_toxicity_carcinogenic_no_LT_human_toxicity_carcinogenic_no_LT_matrix_data",
      "nrows": 395,
      "global_index": 1,
      "identifier": [
        "TRACI v2.1 no LT",
        "human toxicity: carcinogenic no LT",
        "human toxicity: carcinogenic no LT"
      ],
      "category": "vector"
    },
    {
      "profile": "data-resource",
      "format": "npy",
      "mediatype": "application/octet-stream",
      "name": "TRACI_v2.1_no_LT_human_toxicity_carcinogenic_no_LT_human_toxicity_carcinogenic_no_LT_matrix_data.data",
      "matrix": "characterization_matrix",
      "kind": "data",
      "path": "TRACI_v2.1_no_LT_human_toxicity_carcinogenic_no_LT_human_toxicity_carcinogenic_no_LT_matrix_data.data.npy",
      "group": "TRACI_v2.1_no_LT_human_toxicity_carcinogenic_no_LT_human_toxicity_carcinogenic_no_LT_matrix_data",
      "nrows": 395,
      "global_index": 1,
      "identifier": [
        "TRACI v2.1 no LT",
        "human toxicity: carcinogenic no LT",
        "human toxicity: carcinogenic no LT"
      ],
      "category": "vector"
    }
  ],
  "created": "2024-06-16T12:09:03.286066+00:00Z",
  "combinatorial": false,
  "sequential": false,
  "seed": null,
  "sum_intra_duplicates": true,
  "sum_inter_duplicates": false,
  "matrix_serialize_format_type": "numpy"
}