{
  "profile": "data-package",
  "name": "recipe-2016-v103-midpoint-i-no-ltat.a716aef670ce495b3cc0e875501242b0.zip",
  "id": "54adc032965e4ba6a83c34cafe0ec961",
  "licenses": [
    {
      "name": "ODC-PDDL-1.0",
      "path": "http://opendatacommons.org/licenses/pddl/",
      "title": "Open Data Commons Public Domain Dedication and License v1.0"
    }
  ],
  "resources": [
    {
      "profile": "data-resource",
      "format": "npy",
      "mediatype": "application/octet-stream",
      "name": "ReCiPe_2016_v1.03_midpoint_I_no_LT_acidification_terrestrial_no_LT_terrestrial_acidification_potential_TAP_no_LT_matrix_data.indices",
      "matrix": "characterization_matrix",
      "kind": "indices",
      "path": "ReCiPe_2016_v1.03_midpoint_I_no_LT_acidification_terrestrial_no_LT_terrestrial_acidification_potential_TAP_no_LT_matrix_data.indices.npy",
      "group": "ReCiPe_2016_v1.03_midpoint_I_no_LT_acidification_terrestrial_no_LT_terrestrial_acidification_potential_TAP_no_LT_matrix_data",
      "nrows": 22,
      "global_index": 1,
      "identifier": [
        "ReCiPe 2016 v1.03, midpoint (I) no LT",
        "acidification: terrestrial no LT",
        "terrestrial acidification potential (TAP) no LT"
      ],
      "category": "vector"
    },
    {
      "profile": "data-resource",
      "format": "npy",
      "mediatype": "application/octet-stream",
      "name": "ReCiPe_2016_v1.03_midpoint_I_no_LT_acidification_terrestrial_no_LT_terrestrial_acidification_potential_TAP_no_LT_matrix_data.data",
      "matrix": "characterization_matrix",
      "kind": "data",
      "path": "ReCiPe_2016_v1.03_midpoint_I_no_LT_acidification_terrestrial_no_LT_terrestrial_acidification_potential_TAP_no_LT_matrix_data.data.npy",
      "group": "ReCiPe_2016_v1.03_midpoint_I_no_LT_acidification_terrestrial_no_LT_terrestrial_acidification_potential_TAP_no_LT_matrix_data",
      "nrows": 22,
      "global_index": 1,
      "identifier": [
        "ReCiPe 2016 v1.03, midpoint (I) no LT",
        "acidification: terrestrial no LT",
        "terrestrial acidification potential (TAP) no LT"
      ],
      "category": "vector"
    }
  ],
  "created": "2024-06-16T12:09:03.125865+00:00Z",
  "combinatorial": false,
  "sequential": false,
  "seed": null,
  "sum_intra_duplicates": true,
  "sum_inter_duplicates": false,
  "matrix_serialize_format_type": "numpy"
}