{
  "profile": "data-package",
  "name": "recipe-2016-v103-midpoint-hcg.7de69a8c4cb39f5dd8a90f3376da2243.zip",
  "id": "ba1b06f196d24468838e5a1f5ca907aa",
  "licenses": [
    {
      "name": "ODC-PDDL-1.0",
      "path": "http://opendatacommons.org/licenses/pddl/",
      "title": "Open Data Commons Public Domain Dedication and License v1.0"
    }
  ],
  "resources": [
    {
      "profile": "data-resource",
      "format": "npy",
      "mediatype": "application/octet-stream",
      "name": "ReCiPe_2016_v1.03_midpoint_H_climate_change_global_warming_potential_GWP100_matrix_data.indices",
      "matrix": "characterization_matrix",
      "kind": "indices",
      "path": "ReCiPe_2016_v1.03_midpoint_H_climate_change_global_warming_potential_GWP100_matrix_data.indices.npy",
      "group": "ReCiPe_2016_v1.03_midpoint_H_climate_change_global_warming_potential_GWP100_matrix_data",
      "nrows": 128,
      "global_index": 1,
      "identifier": [
        "ReCiPe 2016 v1.03, midpoint (H)",
        "climate change",
        "global warming potential (GWP100)"
      ],
      "category": "vector"
    },
    {
      "profile": "data-resource",
      "format": "npy",
      "mediatype": "application/octet-stream",
      "name": "ReCiPe_2016_v1.03_midpoint_H_climate_change_global_warming_potential_GWP100_matrix_data.data",
      "matrix": "characterization_matrix",
      "kind": "data",
      "path": "ReCiPe_2016_v1.03_midpoint_H_climate_change_global_warming_potential_GWP100_matrix_data.data.npy",
      "group": "ReCiPe_2016_v1.03_midpoint_H_climate_change_global_warming_potential_GWP100_matrix_data",
      "nrows": 128,
      "global_index": 1,
      "identifier": [
        "ReCiPe 2016 v1.03, midpoint (H)",
        "climate change",
        "global warming potential (GWP100)"
      ],
      "category": "vector"
    }
  ],
  "created": "2024-06-16T12:09:03.056648+00:00Z",
  "combinatorial": false,
  "sequential": false,
  "seed": null,
  "sum_intra_duplicates": true,
  "sum_inter_duplicates": false,
  "matrix_serialize_format_type": "numpy"
}