{
  "profile": "data-package",
  "name": "ecological-scarcity-2021wr.8cc70a8b35a4824eb8f6627ee56b09cc.zip",
  "id": "536bc0373ebd4d878e96e33c724f408d",
  "licenses": [
    {
      "name": "ODC-PDDL-1.0",
      "path": "http://opendatacommons.org/licenses/pddl/",
      "title": "Open Data Commons Public Domain Dedication and License v1.0"
    }
  ],
  "resources": [
    {
      "profile": "data-resource",
      "format": "npy",
      "mediatype": "application/octet-stream",
      "name": "Ecological_Scarcity_2021_waste_disposal_radioactive_waste_to_deposit_matrix_data.indices",
      "matrix": "characterization_matrix",
      "kind": "indices",
      "path": "Ecological_Scarcity_2021_waste_disposal_radioactive_waste_to_deposit_matrix_data.indices.npy",
      "group": "Ecological_Scarcity_2021_waste_disposal_radioactive_waste_to_deposit_matrix_data",
      "nrows": 2,
      "global_index": 1,
      "identifier": [
        "Ecological Scarcity 2021",
        "waste disposal",
        "radioactive waste to deposit"
      ],
      "category": "vector"
    },
    {
      "profile": "data-resource",
      "format": "npy",
      "mediatype": "application/octet-stream",
      "name": "Ecological_Scarcity_2021_waste_disposal_radioactive_waste_to_deposit_matrix_data.data",
      "matrix": "characterization_matrix",
      "kind": "data",
      "path": "Ecological_Scarcity_2021_waste_disposal_radioactive_waste_to_deposit_matrix_data.data.npy",
      "group": "Ecological_Scarcity_2021_waste_disposal_radioactive_waste_to_deposit_matrix_data",
      "nrows": 2,
      "global_index": 1,
      "identifier": [
        "Ecological Scarcity 2021",
        "waste disposal",
        "radioactive waste to deposit"
      ],
      "category": "vector"
    }
  ],
  "created": "2024-06-16T12:09:01.624324+00:00Z",
  "combinatorial": false,
  "sequential": false,
  "seed": null,
  "sum_intra_duplicates": true,
  "sum_inter_duplicates": false,
  "matrix_serialize_format_type": "numpy"
}