{
  "profile": "data-package",
  "name": "ecological-footprinttg.bdd2051db9549757f39bd94bb8f204fb.zip",
  "id": "d4cfdf699faa408bb48cdfc324865ebe",
  "licenses": [
    {
      "name": "ODC-PDDL-1.0",
      "path": "http://opendatacommons.org/licenses/pddl/",
      "title": "Open Data Commons Public Domain Dedication and License v1.0"
    }
  ],
  "resources": [
    {
      "profile": "data-resource",
      "format": "npy",
      "mediatype": "application/octet-stream",
      "name": "Ecological_Footprint_total_global_hectares_matrix_data.indices",
      "matrix": "characterization_matrix",
      "kind": "indices",
      "path": "Ecological_Footprint_total_global_hectares_matrix_data.indices.npy",
      "group": "Ecological_Footprint_total_global_hectares_matrix_data",
      "nrows": 72,
      "global_index": 1,
      "identifier": [
        "Ecological Footprint",
        "total",
        "global hectares"
      ],
      "category": "vector"
    },
    {
      "profile": "data-resource",
      "format": "npy",
      "mediatype": "application/octet-stream",
      "name": "Ecological_Footprint_total_global_hectares_matrix_data.data",
      "matrix": "characterization_matrix",
      "kind": "data",
      "path": "Ecological_Footprint_total_global_hectares_matrix_data.data.npy",
      "group": "Ecological_Footprint_total_global_hectares_matrix_data",
      "nrows": 72,
      "global_index": 1,
      "identifier": [
        "Ecological Footprint",
        "total",
        "global hectares"
      ],
      "category": "vector"
    }
  ],
  "created": "2024-06-16T12:09:01.551003+00:00Z",
  "combinatorial": false,
  "sequential": false,
  "seed": null,
  "sum_intra_duplicates": true,
  "sum_inter_duplicates": false,
  "matrix_serialize_format_type": "numpy"
}