{
  "profile": "data-package",
  "name": "traci-v21-no-ltoo.3c29f078d02360705313cb17dd1f652d.zip",
  "id": "222496dbbb464a81a6930d178419f2ac",
  "licenses": [
    {
      "name": "ODC-PDDL-1.0",
      "path": "http://opendatacommons.org/licenses/pddl/",
      "title": "Open Data Commons Public Domain Dedication and License v1.0"
    }
  ],
  "resources": [
    {
      "profile": "data-resource",
      "format": "npy",
      "mediatype": "application/octet-stream",
      "name": "TRACI_v2.1_no_LT_ozone_depletion_no_LT_ozone_depletion_potential_ODP_no_LT_matrix_data.indices",
      "matrix": "characterization_matrix",
      "kind": "indices",
      "path": "TRACI_v2.1_no_LT_ozone_depletion_no_LT_ozone_depletion_potential_ODP_no_LT_matrix_data.indices.npy",
      "group": "TRACI_v2.1_no_LT_ozone_depletion_no_LT_ozone_depletion_potential_ODP_no_LT_matrix_data",
      "nrows": 58,
      "global_index": 1,
      "identifier": [
        "TRACI v2.1 no LT",
        "ozone depletion no LT",
        "ozone depletion potential (ODP) no LT"
      ],
      "category": "vector"
    },
    {
      "profile": "data-resource",
      "format": "npy",
      "mediatype": "application/octet-stream",
      "name": "TRACI_v2.1_no_LT_ozone_depletion_no_LT_ozone_depletion_potential_ODP_no_LT_matrix_data.data",
      "matrix": "characterization_matrix",
      "kind": "data",
      "path": "TRACI_v2.1_no_LT_ozone_depletion_no_LT_ozone_depletion_potential_ODP_no_LT_matrix_data.data.npy",
      "group": "TRACI_v2.1_no_LT_ozone_depletion_no_LT_ozone_depletion_potential_ODP_no_LT_matrix_data",
      "nrows": 58,
      "global_index": 1,
      "identifier": [
        "TRACI v2.1 no LT",
        "ozone depletion no LT",
        "ozone depletion potential (ODP) no LT"
      ],
      "category": "vector"
    }
  ],
  "created": "2024-06-16T12:09:03.295242+00:00Z",
  "combinatorial": false,
  "sequential": false,
  "seed": null,
  "sum_intra_duplicates": true,
  "sum_inter_duplicates": false,
  "matrix_serialize_format_type": "numpy"
}