{
  "profile": "data-package",
  "name": "ef-v31-en15804cg.f2d6bc0804c0e79a9a07b2338fce3033.zip",
  "id": "5f5df45cb1144af4b745de7843fcb421",
  "licenses": [
    {
      "name": "ODC-PDDL-1.0",
      "path": "http://opendatacommons.org/licenses/pddl/",
      "title": "Open Data Commons Public Domain Dedication and License v1.0"
    }
  ],
  "resources": [
    {
      "profile": "data-resource",
      "format": "npy",
      "mediatype": "application/octet-stream",
      "name": "EF_v3.1_EN15804_climate_change_fossil_global_warming_potential_GWP100_matrix_data.indices",
      "matrix": "characterization_matrix",
      "kind": "indices",
      "path": "EF_v3.1_EN15804_climate_change_fossil_global_warming_potential_GWP100_matrix_data.indices.npy",
      "group": "EF_v3.1_EN15804_climate_change_fossil_global_warming_potential_GWP100_matrix_data",
      "nrows": 167,
      "global_index": 1,
      "identifier": [
        "EF v3.1 EN15804",
        "climate change: fossil",
        "global warming potential (GWP100)"
      ],
      "category": "vector"
    },
    {
      "profile": "data-resource",
      "format": "npy",
      "mediatype": "application/octet-stream",
      "name": "EF_v3.1_EN15804_climate_change_fossil_global_warming_potential_GWP100_matrix_data.data",
      "matrix": "characterization_matrix",
      "kind": "data",
      "path": "EF_v3.1_EN15804_climate_change_fossil_global_warming_potential_GWP100_matrix_data.data.npy",
      "group": "EF_v3.1_EN15804_climate_change_fossil_global_warming_potential_GWP100_matrix_data",
      "nrows": 167,
      "global_index": 1,
      "identifier": [
        "EF v3.1 EN15804",
        "climate change: fossil",
        "global warming potential (GWP100)"
      ],
      "category": "vector"
    }
  ],
  "created": "2024-06-16T12:09:03.505010+00:00Z",
  "combinatorial": false,
  "sequential": false,
  "seed": null,
  "sum_intra_duplicates": true,
  "sum_inter_duplicates": false,
  "matrix_serialize_format_type": "numpy"
}