{
  "profile": "data-package",
  "name": "impact-world-v201-footprint-versioncc.badf8d68eb52ec3a06e1902ded54ffcd.zip",
  "id": "bf479a2cf2a44862b4bfc72c39ef224d",
  "licenses": [
    {
      "name": "ODC-PDDL-1.0",
      "path": "http://opendatacommons.org/licenses/pddl/",
      "title": "Open Data Commons Public Domain Dedication and License v1.0"
    }
  ],
  "resources": [
    {
      "profile": "data-resource",
      "format": "npy",
      "mediatype": "application/octet-stream",
      "name": "IMPACT_World_v2.0.1_footprint_version_climate_change_carbon_footprint_matrix_data.indices",
      "matrix": "characterization_matrix",
      "kind": "indices",
      "path": "IMPACT_World_v2.0.1_footprint_version_climate_change_carbon_footprint_matrix_data.indices.npy",
      "group": "IMPACT_World_v2.0.1_footprint_version_climate_change_carbon_footprint_matrix_data",
      "nrows": 188,
      "global_index": 1,
      "identifier": [
        "IMPACT World+ v2.0.1, footprint version",
        "climate change",
        "carbon footprint"
      ],
      "category": "vector"
    },
    {
      "profile": "data-resource",
      "format": "npy",
      "mediatype": "application/octet-stream",
      "name": "IMPACT_World_v2.0.1_footprint_version_climate_change_carbon_footprint_matrix_data.data",
      "matrix": "characterization_matrix",
      "kind": "data",
      "path": "IMPACT_World_v2.0.1_footprint_version_climate_change_carbon_footprint_matrix_data.data.npy",
      "group": "IMPACT_World_v2.0.1_footprint_version_climate_change_carbon_footprint_matrix_data",
      "nrows": 188,
      "global_index": 1,
      "identifier": [
        "IMPACT World+ v2.0.1, footprint version",
        "climate change",
        "carbon footprint"
      ],
      "category": "vector"
    }
  ],
  "created": "2024-06-16T12:09:02.020080+00:00Z",
  "combinatorial": false,
  "sequential": false,
  "seed": null,
  "sum_intra_duplicates": true,
  "sum_inter_duplicates": false,
  "matrix_serialize_format_type": "numpy"
}