{
  "profile": "data-package",
  "name": "traci-v21-no-ltpp.c40a77d6396e2b730e6aa06c05d52fbb.zip",
  "id": "abc72ed035414dc5b71279dbc0779ad7",
  "licenses": [
    {
      "name": "ODC-PDDL-1.0",
      "path": "http://opendatacommons.org/licenses/pddl/",
      "title": "Open Data Commons Public Domain Dedication and License v1.0"
    }
  ],
  "resources": [
    {
      "profile": "data-resource",
      "format": "npy",
      "mediatype": "application/octet-stream",
      "name": "TRACI_v2.1_no_LT_particulate_matter_formation_no_LT_particulate_matter_formation_potential_PMFP_no_LT_matrix_data.indices",
      "matrix": "characterization_matrix",
      "kind": "indices",
      "path": "TRACI_v2.1_no_LT_particulate_matter_formation_no_LT_particulate_matter_formation_potential_PMFP_no_LT_matrix_data.indices.npy",
      "group": "TRACI_v2.1_no_LT_particulate_matter_formation_no_LT_particulate_matter_formation_potential_PMFP_no_LT_matrix_data",
      "nrows": 28,
      "global_index": 1,
      "identifier": [
        "TRACI v2.1 no LT",
        "particulate matter formation no LT",
        "particulate matter formation potential (PMFP) no LT"
      ],
      "category": "vector"
    },
    {
      "profile": "data-resource",
      "format": "npy",
      "mediatype": "application/octet-stream",
      "name": "TRACI_v2.1_no_LT_particulate_matter_formation_no_LT_particulate_matter_formation_potential_PMFP_no_LT_matrix_data.data",
      "matrix": "characterization_matrix",
      "kind": "data",
      "path": "TRACI_v2.1_no_LT_particulate_matter_formation_no_LT_particulate_matter_formation_potential_PMFP_no_LT_matrix_data.data.npy",
      "group": "TRACI_v2.1_no_LT_particulate_matter_formation_no_LT_particulate_matter_formation_potential_PMFP_no_LT_matrix_data",
      "nrows": 28,
      "global_index": 1,
      "identifier": [
        "TRACI v2.1 no LT",
        "particulate matter formation no LT",
        "particulate matter formation potential (PMFP) no LT"
      ],
      "category": "vector"
    }
  ],
  "created": "2024-06-16T12:09:03.298599+00:00Z",
  "combinatorial": false,
  "sequential": false,
  "seed": null,
  "sum_intra_duplicates": true,
  "sum_inter_duplicates": false,
  "matrix_serialize_format_type": "numpy"
}