{
  "profile": "data-package",
  "name": "cml-v48-2016ma.6d864f84e736749817c5887d65a92588.zip",
  "id": "54796712a68f49939b64b192668ff607",
  "licenses": [
    {
      "name": "ODC-PDDL-1.0",
      "path": "http://opendatacommons.org/licenses/pddl/",
      "title": "Open Data Commons Public Domain Dedication and License v1.0"
    }
  ],
  "resources": [
    {
      "profile": "data-resource",
      "format": "npy",
      "mediatype": "application/octet-stream",
      "name": "CML_v4.8_2016_material_resources_metals_minerals_abiotic_depletion_potential_ADP_elements_ultimate_reserves_matrix_data.indices",
      "matrix": "characterization_matrix",
      "kind": "indices",
      "path": "CML_v4.8_2016_material_resources_metals_minerals_abiotic_depletion_potential_ADP_elements_ultimate_reserves_matrix_data.indices.npy",
      "group": "CML_v4.8_2016_material_resources_metals_minerals_abiotic_depletion_potential_ADP_elements_ultimate_reserves_matrix_data",
      "nrows": 49,
      "global_index": 1,
      "identifier": [
        "CML v4.8 2016",
        "material resources: metals/minerals",
        "abiotic depletion potential (ADP): elements (ultimate reserves)"
      ],
      "category": "vector"
    },
    {
      "profile": "data-resource",
      "format": "npy",
      "mediatype": "application/octet-stream",
      "name": "CML_v4.8_2016_material_resources_metals_minerals_abiotic_depletion_potential_ADP_elements_ultimate_reserves_matrix_data.data",
      "matrix": "characterization_matrix",
      "kind": "data",
      "path": "CML_v4.8_2016_material_resources_metals_minerals_abiotic_depletion_potential_ADP_elements_ultimate_reserves_matrix_data.data.npy",
      "group": "CML_v4.8_2016_material_resources_metals_minerals_abiotic_depletion_potential_ADP_elements_ultimate_reserves_matrix_data",
      "nrows": 49,
      "global_index": 1,
      "identifier": [
        "CML v4.8 2016",
        "material resources: metals/minerals",
        "abiotic depletion potential (ADP): elements (ultimate reserves)"
      ],
      "category": "vector"
    }
  ],
  "created": "2024-06-16T12:09:01.503299+00:00Z",
  "combinatorial": false,
  "sequential": false,
  "seed": null,
  "sum_intra_duplicates": true,
  "sum_inter_duplicates": false,
  "matrix_serialize_format_type": "numpy"
}