{
  "profile": "data-package",
  "name": "ecological-scarcity-2021ww.3b893208745dbdf8ea0f7d02f1f0c14f.zip",
  "id": "513961613c7b46e38eda469a9d6f5f64",
  "licenses": [
    {
      "name": "ODC-PDDL-1.0",
      "path": "http://opendatacommons.org/licenses/pddl/",
      "title": "Open Data Commons Public Domain Dedication and License v1.0"
    }
  ],
  "resources": [
    {
      "profile": "data-resource",
      "format": "npy",
      "mediatype": "application/octet-stream",
      "name": "Ecological_Scarcity_2021_water_use_water_resources_evaporated_matrix_data.indices",
      "matrix": "characterization_matrix",
      "kind": "indices",
      "path": "Ecological_Scarcity_2021_water_use_water_resources_evaporated_matrix_data.indices.npy",
      "group": "Ecological_Scarcity_2021_water_use_water_resources_evaporated_matrix_data",
      "nrows": 5,
      "global_index": 1,
      "identifier": [
        "Ecological Scarcity 2021",
        "water use",
        "water resources, evaporated"
      ],
      "category": "vector"
    },
    {
      "profile": "data-resource",
      "format": "npy",
      "mediatype": "application/octet-stream",
      "name": "Ecological_Scarcity_2021_water_use_water_resources_evaporated_matrix_data.data",
      "matrix": "characterization_matrix",
      "kind": "data",
      "path": "Ecological_Scarcity_2021_water_use_water_resources_evaporated_matrix_data.data.npy",
      "group": "Ecological_Scarcity_2021_water_use_water_resources_evaporated_matrix_data",
      "nrows": 5,
      "global_index": 1,
      "identifier": [
        "Ecological Scarcity 2021",
        "water use",
        "water resources, evaporated"
      ],
      "category": "vector"
    }
  ],
  "created": "2024-06-16T12:09:01.627118+00:00Z",
  "combinatorial": false,
  "sequential": false,
  "seed": null,
  "sum_intra_duplicates": true,
  "sum_inter_duplicates": false,
  "matrix_serialize_format_type": "numpy"
}