{
  "profile": "data-package",
  "name": "ef-v31-no-ltwu.f8a0e4eddf63fcc0870d2ee590adaf8f.zip",
  "id": "9f89085123fb4cf4896526a12cf04775",
  "licenses": [
    {
      "name": "ODC-PDDL-1.0",
      "path": "http://opendatacommons.org/licenses/pddl/",
      "title": "Open Data Commons Public Domain Dedication and License v1.0"
    }
  ],
  "resources": [
    {
      "profile": "data-resource",
      "format": "npy",
      "mediatype": "application/octet-stream",
      "name": "EF_v3.1_no_LT_water_use_no_LT_user_deprivation_potential_deprivation-weighted_water_consumption_no_LT_matrix_data.indices",
      "matrix": "characterization_matrix",
      "kind": "indices",
      "path": "EF_v3.1_no_LT_water_use_no_LT_user_deprivation_potential_deprivation-weighted_water_consumption_no_LT_matrix_data.indices.npy",
      "group": "EF_v3.1_no_LT_water_use_no_LT_user_deprivation_potential_deprivation-weighted_water_consumption_no_LT_matrix_data",
      "nrows": 4,
      "global_index": 1,
      "identifier": [
        "EF v3.1 no LT",
        "water use no LT",
        "user deprivation potential (deprivation-weighted water consumption) no LT"
      ],
      "category": "vector"
    },
    {
      "profile": "data-resource",
      "format": "npy",
      "mediatype": "application/octet-stream",
      "name": "EF_v3.1_no_LT_water_use_no_LT_user_deprivation_potential_deprivation-weighted_water_consumption_no_LT_matrix_data.data",
      "matrix": "characterization_matrix",
      "kind": "data",
      "path": "EF_v3.1_no_LT_water_use_no_LT_user_deprivation_potential_deprivation-weighted_water_consumption_no_LT_matrix_data.data.npy",
      "group": "EF_v3.1_no_LT_water_use_no_LT_user_deprivation_potential_deprivation-weighted_water_consumption_no_LT_matrix_data",
      "nrows": 4,
      "global_index": 1,
      "identifier": [
        "EF v3.1 no LT",
        "water use no LT",
        "user deprivation potential (deprivation-weighted water consumption) no LT"
      ],
      "category": "vector"
    }
  ],
  "created": "2024-06-16T12:09:01.885881+00:00Z",
  "combinatorial": false,
  "sequential": false,
  "seed": null,
  "sum_intra_duplicates": true,
  "sum_inter_duplicates": false,
  "matrix_serialize_format_type": "numpy"
}