{
  "profile": "data-package",
  "name": "recipe-2016-v103-endpoint-i-no-ltho.844015653f01f499eab39dd4c97f523a.zip",
  "id": "1e1327b5801741f5b2c733f87d8062d8",
  "licenses": [
    {
      "name": "ODC-PDDL-1.0",
      "path": "http://opendatacommons.org/licenses/pddl/",
      "title": "Open Data Commons Public Domain Dedication and License v1.0"
    }
  ],
  "resources": [
    {
      "profile": "data-resource",
      "format": "npy",
      "mediatype": "application/octet-stream",
      "name": "ReCiPe_2016_v1.03_endpoint_I_no_LT_human_health_no_LT_ozone_depletion_no_LT_matrix_data.indices",
      "matrix": "characterization_matrix",
      "kind": "indices",
      "path": "ReCiPe_2016_v1.03_endpoint_I_no_LT_human_health_no_LT_ozone_depletion_no_LT_matrix_data.indices.npy",
      "group": "ReCiPe_2016_v1.03_endpoint_I_no_LT_human_health_no_LT_ozone_depletion_no_LT_matrix_data",
      "nrows": 43,
      "global_index": 1,
      "identifier": [
        "ReCiPe 2016 v1.03, endpoint (I) no LT",
        "human health no LT",
        "ozone depletion no LT"
      ],
      "category": "vector"
    },
    {
      "profile": "data-resource",
      "format": "npy",
      "mediatype": "application/octet-stream",
      "name": "ReCiPe_2016_v1.03_endpoint_I_no_LT_human_health_no_LT_ozone_depletion_no_LT_matrix_data.data",
      "matrix": "characterization_matrix",
      "kind": "data",
      "path": "ReCiPe_2016_v1.03_endpoint_I_no_LT_human_health_no_LT_ozone_depletion_no_LT_matrix_data.data.npy",
      "group": "ReCiPe_2016_v1.03_endpoint_I_no_LT_human_health_no_LT_ozone_depletion_no_LT_matrix_data",
      "nrows": 43,
      "global_index": 1,
      "identifier": [
        "ReCiPe 2016 v1.03, endpoint (I) no LT",
        "human health no LT",
        "ozone depletion no LT"
      ],
      "category": "vector"
    }
  ],
  "created": "2024-06-16T12:09:02.720437+00:00Z",
  "combinatorial": false,
  "sequential": false,
  "seed": null,
  "sum_intra_duplicates": true,
  "sum_inter_duplicates": false,
  "matrix_serialize_format_type": "numpy"
}