{
  "profile": "data-package",
  "name": "ecological-scarcity-2021-no-ltww.12429b821c53c06459b5802610ff3d60.zip",
  "id": "4352b76fbcc8492199a284873012155a",
  "licenses": [
    {
      "name": "ODC-PDDL-1.0",
      "path": "http://opendatacommons.org/licenses/pddl/",
      "title": "Open Data Commons Public Domain Dedication and License v1.0"
    }
  ],
  "resources": [
    {
      "profile": "data-resource",
      "format": "npy",
      "mediatype": "application/octet-stream",
      "name": "Ecological_Scarcity_2021_no_LT_water_use_no_LT_water_resources_evaporated_no_LT_matrix_data.indices",
      "matrix": "characterization_matrix",
      "kind": "indices",
      "path": "Ecological_Scarcity_2021_no_LT_water_use_no_LT_water_resources_evaporated_no_LT_matrix_data.indices.npy",
      "group": "Ecological_Scarcity_2021_no_LT_water_use_no_LT_water_resources_evaporated_no_LT_matrix_data",
      "nrows": 4,
      "global_index": 1,
      "identifier": [
        "Ecological Scarcity 2021 no LT",
        "water use no LT",
        "water resources, evaporated no LT"
      ],
      "category": "vector"
    },
    {
      "profile": "data-resource",
      "format": "npy",
      "mediatype": "application/octet-stream",
      "name": "Ecological_Scarcity_2021_no_LT_water_use_no_LT_water_resources_evaporated_no_LT_matrix_data.data",
      "matrix": "characterization_matrix",
      "kind": "data",
      "path": "Ecological_Scarcity_2021_no_LT_water_use_no_LT_water_resources_evaporated_no_LT_matrix_data.data.npy",
      "group": "Ecological_Scarcity_2021_no_LT_water_use_no_LT_water_resources_evaporated_no_LT_matrix_data",
      "nrows": 4,
      "global_index": 1,
      "identifier": [
        "Ecological Scarcity 2021 no LT",
        "water use no LT",
        "water resources, evaporated no LT"
      ],
      "category": "vector"
    }
  ],
  "created": "2024-06-16T12:09:01.590572+00:00Z",
  "combinatorial": false,
  "sequential": false,
  "seed": null,
  "sum_intra_duplicates": true,
  "sum_inter_duplicates": false,
  "matrix_serialize_format_type": "numpy"
}