{
  "profile": "data-package",
  "name": "ef-v31cg.9bcefb126c208e865d34ca72c54b3b0c.zip",
  "id": "cee3336ad570456ba6a3ebcfe2b5f3aa",
  "licenses": [
    {
      "name": "ODC-PDDL-1.0",
      "path": "http://opendatacommons.org/licenses/pddl/",
      "title": "Open Data Commons Public Domain Dedication and License v1.0"
    }
  ],
  "resources": [
    {
      "profile": "data-resource",
      "format": "npy",
      "mediatype": "application/octet-stream",
      "name": "EF_v3.1_climate_change_land_use_and_land_use_change_global_warming_potential_GWP100_matrix_data.indices",
      "matrix": "characterization_matrix",
      "kind": "indices",
      "path": "EF_v3.1_climate_change_land_use_and_land_use_change_global_warming_potential_GWP100_matrix_data.indices.npy",
      "group": "EF_v3.1_climate_change_land_use_and_land_use_change_global_warming_potential_GWP100_matrix_data",
      "nrows": 12,
      "global_index": 1,
      "identifier": [
        "EF v3.1",
        "climate change: land use and land use change",
        "global warming potential (GWP100)"
      ],
      "category": "vector"
    },
    {
      "profile": "data-resource",
      "format": "npy",
      "mediatype": "application/octet-stream",
      "name": "EF_v3.1_climate_change_land_use_and_land_use_change_global_warming_potential_GWP100_matrix_data.data",
      "matrix": "characterization_matrix",
      "kind": "data",
      "path": "EF_v3.1_climate_change_land_use_and_land_use_change_global_warming_potential_GWP100_matrix_data.data.npy",
      "group": "EF_v3.1_climate_change_land_use_and_land_use_change_global_warming_potential_GWP100_matrix_data",
      "nrows": 12,
      "global_index": 1,
      "identifier": [
        "EF v3.1",
        "climate change: land use and land use change",
        "global warming potential (GWP100)"
      ],
      "category": "vector"
    }
  ],
  "created": "2024-06-16T12:09:01.897297+00:00Z",
  "combinatorial": false,
  "sequential": false,
  "seed": null,
  "sum_intra_duplicates": true,
  "sum_inter_duplicates": false,
  "matrix_serialize_format_type": "numpy"
}