{
  "profile": "data-package",
  "name": "ef-v31ea.adee3b8b785857db474610ba0047cbbf.zip",
  "id": "048371244f4f415caf63e7cc05e0dd82",
  "licenses": [
    {
      "name": "ODC-PDDL-1.0",
      "path": "http://opendatacommons.org/licenses/pddl/",
      "title": "Open Data Commons Public Domain Dedication and License v1.0"
    }
  ],
  "resources": [
    {
      "profile": "data-resource",
      "format": "npy",
      "mediatype": "application/octet-stream",
      "name": "EF_v3.1_eutrophication_terrestrial_accumulated_exceedance_AE_matrix_data.indices",
      "matrix": "characterization_matrix",
      "kind": "indices",
      "path": "EF_v3.1_eutrophication_terrestrial_accumulated_exceedance_AE_matrix_data.indices.npy",
      "group": "EF_v3.1_eutrophication_terrestrial_accumulated_exceedance_AE_matrix_data",
      "nrows": 14,
      "global_index": 1,
      "identifier": [
        "EF v3.1",
        "eutrophication: terrestrial",
        "accumulated exceedance (AE)"
      ],
      "category": "vector"
    },
    {
      "profile": "data-resource",
      "format": "npy",
      "mediatype": "application/octet-stream",
      "name": "EF_v3.1_eutrophication_terrestrial_accumulated_exceedance_AE_matrix_data.data",
      "matrix": "characterization_matrix",
      "kind": "data",
      "path": "EF_v3.1_eutrophication_terrestrial_accumulated_exceedance_AE_matrix_data.data.npy",
      "group": "EF_v3.1_eutrophication_terrestrial_accumulated_exceedance_AE_matrix_data",
      "nrows": 14,
      "global_index": 1,
      "identifier": [
        "EF v3.1",
        "eutrophication: terrestrial",
        "accumulated exceedance (AE)"
      ],
      "category": "vector"
    }
  ],
  "created": "2024-06-16T12:09:01.925551+00:00Z",
  "combinatorial": false,
  "sequential": false,
  "seed": null,
  "sum_intra_duplicates": true,
  "sum_inter_duplicates": false,
  "matrix_serialize_format_type": "numpy"
}