{
  "profile": "data-package",
  "name": "recipe-2016-v103-endpoint-e-no-lthi.58f2614c3f9dc2d249d22d8e603937b8.zip",
  "id": "c0f898388094455fa79f402a5522c89e",
  "licenses": [
    {
      "name": "ODC-PDDL-1.0",
      "path": "http://opendatacommons.org/licenses/pddl/",
      "title": "Open Data Commons Public Domain Dedication and License v1.0"
    }
  ],
  "resources": [
    {
      "profile": "data-resource",
      "format": "npy",
      "mediatype": "application/octet-stream",
      "name": "ReCiPe_2016_v1.03_endpoint_E_no_LT_human_health_no_LT_ionising_radiation_no_LT_matrix_data.indices",
      "matrix": "characterization_matrix",
      "kind": "indices",
      "path": "ReCiPe_2016_v1.03_endpoint_E_no_LT_human_health_no_LT_ionising_radiation_no_LT_matrix_data.indices.npy",
      "group": "ReCiPe_2016_v1.03_endpoint_E_no_LT_human_health_no_LT_ionising_radiation_no_LT_matrix_data",
      "nrows": 175,
      "global_index": 1,
      "identifier": [
        "ReCiPe 2016 v1.03, endpoint (E) no LT",
        "human health no LT",
        "ionising radiation no LT"
      ],
      "category": "vector"
    },
    {
      "profile": "data-resource",
      "format": "npy",
      "mediatype": "application/octet-stream",
      "name": "ReCiPe_2016_v1.03_endpoint_E_no_LT_human_health_no_LT_ionising_radiation_no_LT_matrix_data.data",
      "matrix": "characterization_matrix",
      "kind": "data",
      "path": "ReCiPe_2016_v1.03_endpoint_E_no_LT_human_health_no_LT_ionising_radiation_no_LT_matrix_data.data.npy",
      "group": "ReCiPe_2016_v1.03_endpoint_E_no_LT_human_health_no_LT_ionising_radiation_no_LT_matrix_data",
      "nrows": 175,
      "global_index": 1,
      "identifier": [
        "ReCiPe 2016 v1.03, endpoint (E) no LT",
        "human health no LT",
        "ionising radiation no LT"
      ],
      "category": "vector"
    }
  ],
  "created": "2024-06-16T12:09:02.365318+00:00Z",
  "combinatorial": false,
  "sequential": false,
  "seed": null,
  "sum_intra_duplicates": true,
  "sum_inter_duplicates": false,
  "matrix_serialize_format_type": "numpy"
}