{
  "profile": "data-package",
  "name": "recipe-2016-v103-endpoint-iel.41d8405c27d1a3d4ab3b1581d062ce9c.zip",
  "id": "6f324b935bde40769599bcd4f404399b",
  "licenses": [
    {
      "name": "ODC-PDDL-1.0",
      "path": "http://opendatacommons.org/licenses/pddl/",
      "title": "Open Data Commons Public Domain Dedication and License v1.0"
    }
  ],
  "resources": [
    {
      "profile": "data-resource",
      "format": "npy",
      "mediatype": "application/octet-stream",
      "name": "ReCiPe_2016_v1.03_endpoint_I_ecosystem_quality_land_use_matrix_data.indices",
      "matrix": "characterization_matrix",
      "kind": "indices",
      "path": "ReCiPe_2016_v1.03_endpoint_I_ecosystem_quality_land_use_matrix_data.indices.npy",
      "group": "ReCiPe_2016_v1.03_endpoint_I_ecosystem_quality_land_use_matrix_data",
      "nrows": 51,
      "global_index": 1,
      "identifier": [
        "ReCiPe 2016 v1.03, endpoint (I)",
        "ecosystem quality",
        "land use"
      ],
      "category": "vector"
    },
    {
      "profile": "data-resource",
      "format": "npy",
      "mediatype": "application/octet-stream",
      "name": "ReCiPe_2016_v1.03_endpoint_I_ecosystem_quality_land_use_matrix_data.data",
      "matrix": "characterization_matrix",
      "kind": "data",
      "path": "ReCiPe_2016_v1.03_endpoint_I_ecosystem_quality_land_use_matrix_data.data.npy",
      "group": "ReCiPe_2016_v1.03_endpoint_I_ecosystem_quality_land_use_matrix_data",
      "nrows": 51,
      "global_index": 1,
      "identifier": [
        "ReCiPe 2016 v1.03, endpoint (I)",
        "ecosystem quality",
        "land use"
      ],
      "category": "vector"
    }
  ],
  "created": "2024-06-16T12:09:02.786029+00:00Z",
  "combinatorial": false,
  "sequential": false,
  "seed": null,
  "sum_intra_duplicates": true,
  "sum_inter_duplicates": false,
  "matrix_serialize_format_type": "numpy"
}