{
  "profile": "data-package",
  "name": "recipe-2016-v103-midpoint-eet.ba08e721ad1818050d82795f1c236b70.zip",
  "id": "b65009106b104b51875899814524f3f4",
  "licenses": [
    {
      "name": "ODC-PDDL-1.0",
      "path": "http://opendatacommons.org/licenses/pddl/",
      "title": "Open Data Commons Public Domain Dedication and License v1.0"
    }
  ],
  "resources": [
    {
      "profile": "data-resource",
      "format": "npy",
      "mediatype": "application/octet-stream",
      "name": "ReCiPe_2016_v1.03_midpoint_E_ecotoxicity_terrestrial_terrestrial_ecotoxicity_potential_TETP_matrix_data.indices",
      "matrix": "characterization_matrix",
      "kind": "indices",
      "path": "ReCiPe_2016_v1.03_midpoint_E_ecotoxicity_terrestrial_terrestrial_ecotoxicity_potential_TETP_matrix_data.indices.npy",
      "group": "ReCiPe_2016_v1.03_midpoint_E_ecotoxicity_terrestrial_terrestrial_ecotoxicity_potential_TETP_matrix_data",
      "nrows": 1694,
      "global_index": 1,
      "identifier": [
        "ReCiPe 2016 v1.03, midpoint (E)",
        "ecotoxicity: terrestrial",
        "terrestrial ecotoxicity potential (TETP)"
      ],
      "category": "vector"
    },
    {
      "profile": "data-resource",
      "format": "npy",
      "mediatype": "application/octet-stream",
      "name": "ReCiPe_2016_v1.03_midpoint_E_ecotoxicity_terrestrial_terrestrial_ecotoxicity_potential_TETP_matrix_data.data",
      "matrix": "characterization_matrix",
      "kind": "data",
      "path": "ReCiPe_2016_v1.03_midpoint_E_ecotoxicity_terrestrial_terrestrial_ecotoxicity_potential_TETP_matrix_data.data.npy",
      "group": "ReCiPe_2016_v1.03_midpoint_E_ecotoxicity_terrestrial_terrestrial_ecotoxicity_potential_TETP_matrix_data",
      "nrows": 1694,
      "global_index": 1,
      "identifier": [
        "ReCiPe 2016 v1.03, midpoint (E)",
        "ecotoxicity: terrestrial",
        "terrestrial ecotoxicity potential (TETP)"
      ],
      "category": "vector"
    }
  ],
  "created": "2024-06-16T12:09:02.931702+00:00Z",
  "combinatorial": false,
  "sequential": false,
  "seed": null,
  "sum_intra_duplicates": true,
  "sum_inter_duplicates": false,
  "matrix_serialize_format_type": "numpy"
}