{
  "profile": "data-package",
  "name": "eps-2020d-no-ltem.4577957ce3993b6ef5ecec59165ba067.zip",
  "id": "5a3fa9d70dbd4cdf83268384822e9821",
  "licenses": [
    {
      "name": "ODC-PDDL-1.0",
      "path": "http://opendatacommons.org/licenses/pddl/",
      "title": "Open Data Commons Public Domain Dedication and License v1.0"
    }
  ],
  "resources": [
    {
      "profile": "data-resource",
      "format": "npy",
      "mediatype": "application/octet-stream",
      "name": "EPS_2020d_no_LT_emissions_to_air_no_LT_monetary_impact_value_no_LT_matrix_data.indices",
      "matrix": "characterization_matrix",
      "kind": "indices",
      "path": "EPS_2020d_no_LT_emissions_to_air_no_LT_monetary_impact_value_no_LT_matrix_data.indices.npy",
      "group": "EPS_2020d_no_LT_emissions_to_air_no_LT_monetary_impact_value_no_LT_matrix_data",
      "nrows": 350,
      "global_index": 1,
      "identifier": [
        "EPS 2020d no LT",
        "emissions to air no LT",
        "monetary impact value no LT"
      ],
      "category": "vector"
    },
    {
      "profile": "data-resource",
      "format": "npy",
      "mediatype": "application/octet-stream",
      "name": "EPS_2020d_no_LT_emissions_to_air_no_LT_monetary_impact_value_no_LT_matrix_data.data",
      "matrix": "characterization_matrix",
      "kind": "data",
      "path": "EPS_2020d_no_LT_emissions_to_air_no_LT_monetary_impact_value_no_LT_matrix_data.data.npy",
      "group": "EPS_2020d_no_LT_emissions_to_air_no_LT_monetary_impact_value_no_LT_matrix_data",
      "nrows": 350,
      "global_index": 1,
      "identifier": [
        "EPS 2020d no LT",
        "emissions to air no LT",
        "monetary impact value no LT"
      ],
      "category": "vector"
    }
  ],
  "created": "2024-06-16T12:09:01.973189+00:00Z",
  "combinatorial": false,
  "sequential": false,
  "seed": null,
  "sum_intra_duplicates": true,
  "sum_inter_duplicates": false,
  "matrix_serialize_format_type": "numpy"
}