{
  "profile": "data-package",
  "name": "recipe-2016-v103-midpoint-ihh.5ab4940c6237e5db3d2349f0dd89a89c.zip",
  "id": "9dfe73980b484df282cbb38acf12c125",
  "licenses": [
    {
      "name": "ODC-PDDL-1.0",
      "path": "http://opendatacommons.org/licenses/pddl/",
      "title": "Open Data Commons Public Domain Dedication and License v1.0"
    }
  ],
  "resources": [
    {
      "profile": "data-resource",
      "format": "npy",
      "mediatype": "application/octet-stream",
      "name": "ReCiPe_2016_v1.03_midpoint_I_human_toxicity_non-carcinogenic_human_toxicity_potential_HTPnc_matrix_data.indices",
      "matrix": "characterization_matrix",
      "kind": "indices",
      "path": "ReCiPe_2016_v1.03_midpoint_I_human_toxicity_non-carcinogenic_human_toxicity_potential_HTPnc_matrix_data.indices.npy",
      "group": "ReCiPe_2016_v1.03_midpoint_I_human_toxicity_non-carcinogenic_human_toxicity_potential_HTPnc_matrix_data",
      "nrows": 1134,
      "global_index": 1,
      "identifier": [
        "ReCiPe 2016 v1.03, midpoint (I)",
        "human toxicity: non-carcinogenic",
        "human toxicity potential (HTPnc)"
      ],
      "category": "vector"
    },
    {
      "profile": "data-resource",
      "format": "npy",
      "mediatype": "application/octet-stream",
      "name": "ReCiPe_2016_v1.03_midpoint_I_human_toxicity_non-carcinogenic_human_toxicity_potential_HTPnc_matrix_data.data",
      "matrix": "characterization_matrix",
      "kind": "data",
      "path": "ReCiPe_2016_v1.03_midpoint_I_human_toxicity_non-carcinogenic_human_toxicity_potential_HTPnc_matrix_data.data.npy",
      "group": "ReCiPe_2016_v1.03_midpoint_I_human_toxicity_non-carcinogenic_human_toxicity_potential_HTPnc_matrix_data",
      "nrows": 1134,
      "global_index": 1,
      "identifier": [
        "ReCiPe 2016 v1.03, midpoint (I)",
        "human toxicity: non-carcinogenic",
        "human toxicity potential (HTPnc)"
      ],
      "category": "vector"
    }
  ],
  "created": "2024-06-16T12:09:03.235067+00:00Z",
  "combinatorial": false,
  "sequential": false,
  "seed": null,
  "sum_intra_duplicates": true,
  "sum_inter_duplicates": false,
  "matrix_serialize_format_type": "numpy"
}