{
  "profile": "data-package",
  "name": "inventory-results-and-indicatorsep.e5ee6d87c2f794afb4382adad4d78564.zip",
  "id": "c98668e466084a90b932ec0b1a43ef10",
  "licenses": [
    {
      "name": "ODC-PDDL-1.0",
      "path": "http://opendatacommons.org/licenses/pddl/",
      "title": "Open Data Commons Public Domain Dedication and License v1.0"
    }
  ],
  "resources": [
    {
      "profile": "data-resource",
      "format": "npy",
      "mediatype": "application/octet-stream",
      "name": "Inventory_results_and_indicators_emissions_to_air_particulate_matter_10_um_matrix_data.indices",
      "matrix": "characterization_matrix",
      "kind": "indices",
      "path": "Inventory_results_and_indicators_emissions_to_air_particulate_matter_10_um_matrix_data.indices.npy",
      "group": "Inventory_results_and_indicators_emissions_to_air_particulate_matter_10_um_matrix_data",
      "nrows": 4,
      "global_index": 1,
      "identifier": [
        "Inventory results and indicators",
        "emissions to air",
        "particulate matter >10 um"
      ],
      "category": "vector"
    },
    {
      "profile": "data-resource",
      "format": "npy",
      "mediatype": "application/octet-stream",
      "name": "Inventory_results_and_indicators_emissions_to_air_particulate_matter_10_um_matrix_data.data",
      "matrix": "characterization_matrix",
      "kind": "data",
      "path": "Inventory_results_and_indicators_emissions_to_air_particulate_matter_10_um_matrix_data.data.npy",
      "group": "Inventory_results_and_indicators_emissions_to_air_particulate_matter_10_um_matrix_data",
      "nrows": 4,
      "global_index": 1,
      "identifier": [
        "Inventory results and indicators",
        "emissions to air",
        "particulate matter >10 um"
      ],
      "category": "vector"
    }
  ],
  "created": "2024-06-16T12:09:02.069994+00:00Z",
  "combinatorial": false,
  "sequential": false,
  "seed": null,
  "sum_intra_duplicates": true,
  "sum_inter_duplicates": false,
  "matrix_serialize_format_type": "numpy"
}