{
  "profile": "data-package",
  "name": "ef-v30-no-ltaa.89504dec5adb27b149fbb2f8fff0f43f.zip",
  "id": "6bdce9ae98ff4b18abe16ba60c4b9f04",
  "licenses": [
    {
      "name": "ODC-PDDL-1.0",
      "path": "http://opendatacommons.org/licenses/pddl/",
      "title": "Open Data Commons Public Domain Dedication and License v1.0"
    }
  ],
  "resources": [
    {
      "profile": "data-resource",
      "format": "npy",
      "mediatype": "application/octet-stream",
      "name": "EF_v3.0_no_LT_acidification_no_LT_accumulated_exceedance_AE_no_LT_matrix_data.indices",
      "matrix": "characterization_matrix",
      "kind": "indices",
      "path": "EF_v3.0_no_LT_acidification_no_LT_accumulated_exceedance_AE_no_LT_matrix_data.indices.npy",
      "group": "EF_v3.0_no_LT_acidification_no_LT_accumulated_exceedance_AE_no_LT_matrix_data",
      "nrows": 16,
      "global_index": 1,
      "identifier": [
        "EF v3.0 no LT",
        "acidification no LT",
        "accumulated exceedance (AE) no LT"
      ],
      "category": "vector"
    },
    {
      "profile": "data-resource",
      "format": "npy",
      "mediatype": "application/octet-stream",
      "name": "EF_v3.0_no_LT_acidification_no_LT_accumulated_exceedance_AE_no_LT_matrix_data.data",
      "matrix": "characterization_matrix",
      "kind": "data",
      "path": "EF_v3.0_no_LT_acidification_no_LT_accumulated_exceedance_AE_no_LT_matrix_data.data.npy",
      "group": "EF_v3.0_no_LT_acidification_no_LT_accumulated_exceedance_AE_no_LT_matrix_data",
      "nrows": 16,
      "global_index": 1,
      "identifier": [
        "EF v3.0 no LT",
        "acidification no LT",
        "accumulated exceedance (AE) no LT"
      ],
      "category": "vector"
    }
  ],
  "created": "2024-06-16T12:09:01.634280+00:00Z",
  "combinatorial": false,
  "sequential": false,
  "seed": null,
  "sum_intra_duplicates": true,
  "sum_inter_duplicates": false,
  "matrix_serialize_format_type": "numpy"
}