{
  "profile": "data-package",
  "name": "ef-v30ea.0cd38b874d1078f73fdd42d342018ce9.zip",
  "id": "82f29e80debe46058e75447ddd0d74c8",
  "licenses": [
    {
      "name": "ODC-PDDL-1.0",
      "path": "http://opendatacommons.org/licenses/pddl/",
      "title": "Open Data Commons Public Domain Dedication and License v1.0"
    }
  ],
  "resources": [
    {
      "profile": "data-resource",
      "format": "npy",
      "mediatype": "application/octet-stream",
      "name": "EF_v3.0_energy_resources_non-renewable_abiotic_depletion_potential_ADP_fossil_fuels_matrix_data.indices",
      "matrix": "characterization_matrix",
      "kind": "indices",
      "path": "EF_v3.0_energy_resources_non-renewable_abiotic_depletion_potential_ADP_fossil_fuels_matrix_data.indices.npy",
      "group": "EF_v3.0_energy_resources_non-renewable_abiotic_depletion_potential_ADP_fossil_fuels_matrix_data",
      "nrows": 7,
      "global_index": 1,
      "identifier": [
        "EF v3.0",
        "energy resources: non-renewable",
        "abiotic depletion potential (ADP): fossil fuels"
      ],
      "category": "vector"
    },
    {
      "profile": "data-resource",
      "format": "npy",
      "mediatype": "application/octet-stream",
      "name": "EF_v3.0_energy_resources_non-renewable_abiotic_depletion_potential_ADP_fossil_fuels_matrix_data.data",
      "matrix": "characterization_matrix",
      "kind": "data",
      "path": "EF_v3.0_energy_resources_non-renewable_abiotic_depletion_potential_ADP_fossil_fuels_matrix_data.data.npy",
      "group": "EF_v3.0_energy_resources_non-renewable_abiotic_depletion_potential_ADP_fossil_fuels_matrix_data",
      "nrows": 7,
      "global_index": 1,
      "identifier": [
        "EF v3.0",
        "energy resources: non-renewable",
        "abiotic depletion potential (ADP): fossil fuels"
      ],
      "category": "vector"
    }
  ],
  "created": "2024-06-16T12:09:01.750769+00:00Z",
  "combinatorial": false,
  "sequential": false,
  "seed": null,
  "sum_intra_duplicates": true,
  "sum_inter_duplicates": false,
  "matrix_serialize_format_type": "numpy"
}