{
  "profile": "data-package",
  "name": "ecoinvent-3.10-biosphere",
  "id": "adf71072d84742cab22b71c548a49f4e",
  "licenses": [
    {
      "name": "ODC-PDDL-1.0",
      "path": "http://opendatacommons.org/licenses/pddl/",
      "title": "Open Data Commons Public Domain Dedication and License v1.0"
    }
  ],
  "resources": [
    {
      "profile": "data-resource",
      "format": "npy",
      "mediatype": "application/octet-stream",
      "name": "ecoinvent-3.10-biosphere_inventory_geomapping_matrix.indices",
      "matrix": "inv_geomapping_matrix",
      "kind": "indices",
      "path": "ecoinvent-3.10-biosphere_inventory_geomapping_matrix.indices.npy",
      "group": "ecoinvent-3.10-biosphere_inventory_geomapping_matrix",
      "nrows": 0,
      "category": "vector"
    },
    {
      "profile": "data-resource",
      "format": "npy",
      "mediatype": "application/octet-stream",
      "name": "ecoinvent-3.10-biosphere_inventory_geomapping_matrix.data",
      "matrix": "inv_geomapping_matrix",
      "kind": "data",
      "path": "ecoinvent-3.10-biosphere_inventory_geomapping_matrix.data.npy",
      "group": "ecoinvent-3.10-biosphere_inventory_geomapping_matrix",
      "nrows": 0,
      "category": "vector"
    },
    {
      "profile": "data-resource",
      "format": "npy",
      "mediatype": "application/octet-stream",
      "name": "ecoinvent-3.10-biosphere_biosphere_matrix.indices",
      "matrix": "biosphere_matrix",
      "kind": "indices",
      "path": "ecoinvent-3.10-biosphere_biosphere_matrix.indices.npy",
      "group": "ecoinvent-3.10-biosphere_biosphere_matrix",
      "nrows": 0,
      "category": "vector"
    },
    {
      "profile": "data-resource",
      "format": "npy",
      "mediatype": "application/octet-stream",
      "name": "ecoinvent-3.10-biosphere_biosphere_matrix.data",
      "matrix": "biosphere_matrix",
      "kind": "data",
      "path": "ecoinvent-3.10-biosphere_biosphere_matrix.data.npy",
      "group": "ecoinvent-3.10-biosphere_biosphere_matrix",
      "nrows": 0,
      "category": "vector"
    },
    {
      "profile": "data-resource",
      "format": "npy",
      "mediatype": "application/octet-stream",
      "name": "ecoinvent-3.10-biosphere_technosphere_matrix.indices",
      "matrix": "technosphere_matrix",
      "kind": "indices",
      "path": "ecoinvent-3.10-biosphere_technosphere_matrix.indices.npy",
      "group": "ecoinvent-3.10-biosphere_technosphere_matrix",
      "nrows": 0,
      "category": "vector"
    },
    {
      "profile": "data-resource",
      "format": "npy",
      "mediatype": "application/octet-stream",
      "name": "ecoinvent-3.10-biosphere_technosphere_matrix.data",
      "matrix": "technosphere_matrix",
      "kind": "data",
      "path": "ecoinvent-3.10-biosphere_technosphere_matrix.data.npy",
      "group": "ecoinvent-3.10-biosphere_technosphere_matrix",
      "nrows": 0,
      "category": "vector"
    }
  ],
  "created": "2024-06-16T12:06:33.242457+00:00Z",
  "combinatorial": false,
  "sequential": false,
  "seed": null,
  "sum_intra_duplicates": true,
  "sum_inter_duplicates": false,
  "matrix_serialize_format_type": "numpy"
}