{
  "profile": "data-package",
  "name": "recipe-2016-v103-midpoint-e-no-ltww.fbe05fe613b512c599d575fd5d1aaa56.zip",
  "id": "7cb30640e40f4cacab7489c0ac28075f",
  "licenses": [
    {
      "name": "ODC-PDDL-1.0",
      "path": "http://opendatacommons.org/licenses/pddl/",
      "title": "Open Data Commons Public Domain Dedication and License v1.0"
    }
  ],
  "resources": [
    {
      "profile": "data-resource",
      "format": "npy",
      "mediatype": "application/octet-stream",
      "name": "ReCiPe_2016_v1.03_midpoint_E_no_LT_water_use_no_LT_water_consumption_potential_WCP_no_LT_matrix_data.indices",
      "matrix": "characterization_matrix",
      "kind": "indices",
      "path": "ReCiPe_2016_v1.03_midpoint_E_no_LT_water_use_no_LT_water_consumption_potential_WCP_no_LT_matrix_data.indices.npy",
      "group": "ReCiPe_2016_v1.03_midpoint_E_no_LT_water_use_no_LT_water_consumption_potential_WCP_no_LT_matrix_data",
      "nrows": 4,
      "global_index": 1,
      "identifier": [
        "ReCiPe 2016 v1.03, midpoint (E) no LT",
        "water use no LT",
        "water consumption potential (WCP) no LT"
      ],
      "category": "vector"
    },
    {
      "profile": "data-resource",
      "format": "npy",
      "mediatype": "application/octet-stream",
      "name": "ReCiPe_2016_v1.03_midpoint_E_no_LT_water_use_no_LT_water_consumption_potential_WCP_no_LT_matrix_data.data",
      "matrix": "characterization_matrix",
      "kind": "data",
      "path": "ReCiPe_2016_v1.03_midpoint_E_no_LT_water_use_no_LT_water_consumption_potential_WCP_no_LT_matrix_data.data.npy",
      "group": "ReCiPe_2016_v1.03_midpoint_E_no_LT_water_use_no_LT_water_consumption_potential_WCP_no_LT_matrix_data",
      "nrows": 4,
      "global_index": 1,
      "identifier": [
        "ReCiPe 2016 v1.03, midpoint (E) no LT",
        "water use no LT",
        "water consumption potential (WCP) no LT"
      ],
      "category": "vector"
    }
  ],
  "created": "2024-06-16T12:09:02.907849+00:00Z",
  "combinatorial": false,
  "sequential": false,
  "seed": null,
  "sum_intra_duplicates": true,
  "sum_inter_duplicates": false,
  "matrix_serialize_format_type": "numpy"
}