{
  "profile": "data-package",
  "name": "recipe-2016-v103-endpoint-ite.517082a9035adc6e5a021a8eb69dde4a.zip",
  "id": "2b0c038c0cd34bed98824ba88a598d5b",
  "licenses": [
    {
      "name": "ODC-PDDL-1.0",
      "path": "http://opendatacommons.org/licenses/pddl/",
      "title": "Open Data Commons Public Domain Dedication and License v1.0"
    }
  ],
  "resources": [
    {
      "profile": "data-resource",
      "format": "npy",
      "mediatype": "application/octet-stream",
      "name": "ReCiPe_2016_v1.03_endpoint_I_total_ecosystem_quality_ecosystem_quality_matrix_data.indices",
      "matrix": "characterization_matrix",
      "kind": "indices",
      "path": "ReCiPe_2016_v1.03_endpoint_I_total_ecosystem_quality_ecosystem_quality_matrix_data.indices.npy",
      "group": "ReCiPe_2016_v1.03_endpoint_I_total_ecosystem_quality_ecosystem_quality_matrix_data",
      "nrows": 1669,
      "global_index": 1,
      "identifier": [
        "ReCiPe 2016 v1.03, endpoint (I)",
        "total: ecosystem quality",
        "ecosystem quality"
      ],
      "category": "vector"
    },
    {
      "profile": "data-resource",
      "format": "npy",
      "mediatype": "application/octet-stream",
      "name": "ReCiPe_2016_v1.03_endpoint_I_total_ecosystem_quality_ecosystem_quality_matrix_data.data",
      "matrix": "characterization_matrix",
      "kind": "data",
      "path": "ReCiPe_2016_v1.03_endpoint_I_total_ecosystem_quality_ecosystem_quality_matrix_data.data.npy",
      "group": "ReCiPe_2016_v1.03_endpoint_I_total_ecosystem_quality_ecosystem_quality_matrix_data",
      "nrows": 1669,
      "global_index": 1,
      "identifier": [
        "ReCiPe 2016 v1.03, endpoint (I)",
        "total: ecosystem quality",
        "ecosystem quality"
      ],
      "category": "vector"
    }
  ],
  "created": "2024-06-16T12:09:02.827363+00:00Z",
  "combinatorial": false,
  "sequential": false,
  "seed": null,
  "sum_intra_duplicates": true,
  "sum_inter_duplicates": false,
  "matrix_serialize_format_type": "numpy"
}