{
  "profile": "data-package",
  "name": "en15804ie.7d8815bb9657f5f2f4bcb3bb68f7fa3a.zip",
  "id": "4805aaf9d71440a58116f6113e2d30dc",
  "licenses": [
    {
      "name": "ODC-PDDL-1.0",
      "path": "http://opendatacommons.org/licenses/pddl/",
      "title": "Open Data Commons Public Domain Dedication and License v1.0"
    }
  ],
  "resources": [
    {
      "profile": "data-resource",
      "format": "npy",
      "mediatype": "application/octet-stream",
      "name": "EN15804_inventory_indicators_ISO21930_exported_energy_-_heat_matrix_data.indices",
      "matrix": "characterization_matrix",
      "kind": "indices",
      "path": "EN15804_inventory_indicators_ISO21930_exported_energy_-_heat_matrix_data.indices.npy",
      "group": "EN15804_inventory_indicators_ISO21930_exported_energy_-_heat_matrix_data",
      "nrows": 1,
      "global_index": 1,
      "identifier": [
        "EN15804",
        "inventory indicators ISO21930",
        "exported energy - heat"
      ],
      "category": "vector"
    },
    {
      "profile": "data-resource",
      "format": "npy",
      "mediatype": "application/octet-stream",
      "name": "EN15804_inventory_indicators_ISO21930_exported_energy_-_heat_matrix_data.data",
      "matrix": "characterization_matrix",
      "kind": "data",
      "path": "EN15804_inventory_indicators_ISO21930_exported_energy_-_heat_matrix_data.data.npy",
      "group": "EN15804_inventory_indicators_ISO21930_exported_energy_-_heat_matrix_data",
      "nrows": 1,
      "global_index": 1,
      "identifier": [
        "EN15804",
        "inventory indicators ISO21930",
        "exported energy - heat"
      ],
      "category": "vector"
    }
  ],
  "created": "2024-06-16T12:09:03.580914+00:00Z",
  "combinatorial": false,
  "sequential": false,
  "seed": null,
  "sum_intra_duplicates": true,
  "sum_inter_duplicates": false,
  "matrix_serialize_format_type": "numpy"
}