{
  "profile": "data-package",
  "name": "ef-v30-no-ltec.29420aa7e421f0216a4bd15e0f61638e.zip",
  "id": "5bd82cd55c514b64bbdaa536ca08e73f",
  "licenses": [
    {
      "name": "ODC-PDDL-1.0",
      "path": "http://opendatacommons.org/licenses/pddl/",
      "title": "Open Data Commons Public Domain Dedication and License v1.0"
    }
  ],
  "resources": [
    {
      "profile": "data-resource",
      "format": "npy",
      "mediatype": "application/octet-stream",
      "name": "EF_v3.0_no_LT_ecotoxicity_freshwater_metals_no_LT_comparative_toxic_unit_for_ecosystems_CTUe_no_LT_matrix_data.indices",
      "matrix": "characterization_matrix",
      "kind": "indices",
      "path": "EF_v3.0_no_LT_ecotoxicity_freshwater_metals_no_LT_comparative_toxic_unit_for_ecosystems_CTUe_no_LT_matrix_data.indices.npy",
      "group": "EF_v3.0_no_LT_ecotoxicity_freshwater_metals_no_LT_comparative_toxic_unit_for_ecosystems_CTUe_no_LT_matrix_data",
      "nrows": 353,
      "global_index": 1,
      "identifier": [
        "EF v3.0 no LT",
        "ecotoxicity: freshwater, metals no LT",
        "comparative toxic unit for ecosystems (CTUe) no LT"
      ],
      "category": "vector"
    },
    {
      "profile": "data-resource",
      "format": "npy",
      "mediatype": "application/octet-stream",
      "name": "EF_v3.0_no_LT_ecotoxicity_freshwater_metals_no_LT_comparative_toxic_unit_for_ecosystems_CTUe_no_LT_matrix_data.data",
      "matrix": "characterization_matrix",
      "kind": "data",
      "path": "EF_v3.0_no_LT_ecotoxicity_freshwater_metals_no_LT_comparative_toxic_unit_for_ecosystems_CTUe_no_LT_matrix_data.data.npy",
      "group": "EF_v3.0_no_LT_ecotoxicity_freshwater_metals_no_LT_comparative_toxic_unit_for_ecosystems_CTUe_no_LT_matrix_data",
      "nrows": 353,
      "global_index": 1,
      "identifier": [
        "EF v3.0 no LT",
        "ecotoxicity: freshwater, metals no LT",
        "comparative toxic unit for ecosystems (CTUe) no LT"
      ],
      "category": "vector"
    }
  ],
  "created": "2024-06-16T12:09:01.654806+00:00Z",
  "combinatorial": false,
  "sequential": false,
  "seed": null,
  "sum_intra_duplicates": true,
  "sum_inter_duplicates": false,
  "matrix_serialize_format_type": "numpy"
}