{
  "profile": "data-package",
  "name": "ef-v31-no-ltef.472e602c7b552cfc31d2ba8268449a3b.zip",
  "id": "5c73f13191eb41868a3bbbf45acb8901",
  "licenses": [
    {
      "name": "ODC-PDDL-1.0",
      "path": "http://opendatacommons.org/licenses/pddl/",
      "title": "Open Data Commons Public Domain Dedication and License v1.0"
    }
  ],
  "resources": [
    {
      "profile": "data-resource",
      "format": "npy",
      "mediatype": "application/octet-stream",
      "name": "EF_v3.1_no_LT_eutrophication_freshwater_no_LT_fraction_of_nutrients_reaching_freshwater_end_compartment_P_no_LT_matrix_data.indices",
      "matrix": "characterization_matrix",
      "kind": "indices",
      "path": "EF_v3.1_no_LT_eutrophication_freshwater_no_LT_fraction_of_nutrients_reaching_freshwater_end_compartment_P_no_LT_matrix_data.indices.npy",
      "group": "EF_v3.1_no_LT_eutrophication_freshwater_no_LT_fraction_of_nutrients_reaching_freshwater_end_compartment_P_no_LT_matrix_data",
      "nrows": 11,
      "global_index": 1,
      "identifier": [
        "EF v3.1 no LT",
        "eutrophication: freshwater no LT",
        "fraction of nutrients reaching freshwater end compartment (P) no LT"
      ],
      "category": "vector"
    },
    {
      "profile": "data-resource",
      "format": "npy",
      "mediatype": "application/octet-stream",
      "name": "EF_v3.1_no_LT_eutrophication_freshwater_no_LT_fraction_of_nutrients_reaching_freshwater_end_compartment_P_no_LT_matrix_data.data",
      "matrix": "characterization_matrix",
      "kind": "data",
      "path": "EF_v3.1_no_LT_eutrophication_freshwater_no_LT_fraction_of_nutrients_reaching_freshwater_end_compartment_P_no_LT_matrix_data.data.npy",
      "group": "EF_v3.1_no_LT_eutrophication_freshwater_no_LT_fraction_of_nutrients_reaching_freshwater_end_compartment_P_no_LT_matrix_data",
      "nrows": 11,
      "global_index": 1,
      "identifier": [
        "EF v3.1 no LT",
        "eutrophication: freshwater no LT",
        "fraction of nutrients reaching freshwater end compartment (P) no LT"
      ],
      "category": "vector"
    }
  ],
  "created": "2024-06-16T12:09:01.833830+00:00Z",
  "combinatorial": false,
  "sequential": false,
  "seed": null,
  "sum_intra_duplicates": true,
  "sum_inter_duplicates": false,
  "matrix_serialize_format_type": "numpy"
}