label,parent,score,fraction,amount,name,key
root,,3.209184521106338,1.0,1.0,"Plant Operation, Electrolyser","('e-Hydrogen LCA', 'plant_operation')"
root_a,root,0.30846517354185427,0.09611948814819586,7.351985906176993e-07,Electrolyser,"('e-Hydrogen LCA', 'actelectrolyser')"
root_a_a,root_a,0.07580893820016942,0.02362249278643378,7.351985906176993e-07,Balance of Plant,"('e-Hydrogen LCA', 'actbop')"
root_a_a_a,root_a_a,0.0028126992745680763,0.0008764529605790393,7.351985906176993e-07,Power Electronics,"('e-Hydrogen LCA', 'actbop1')"
root_a_a_b,root_a_a,0.002394867437360827,0.0007462542030880847,7.351985906176993e-07,Control Panel / Electronics,"('e-Hydrogen LCA', 'actbop2')"
root_a_a_c,root_a_a,0.0016418589140605262,0.0005116124994565629,7.351985906176993e-07,Tubing and Pump,"('e-Hydrogen LCA', 'actbop3')"
root_a_a_d,root_a_a,0.01052505328093262,0.0032796659748639823,7.351985906176993e-07,Steel Construction Element,"('e-Hydrogen LCA', 'actbop4')"
root_a_a_e,root_a_a,0.0010609619914444812,0.0003306017414912384,7.351985906176993e-07,Gas Purification and Water Treatment,"('e-Hydrogen LCA', 'actbop5')"
root_a_a_f,root_a_a,0.0004376398907089462,0.00013637105870063017,7.351985906176993e-07,Water Gas Separator,"('e-Hydrogen LCA', 'actbop6')"
root_a_a_g,root_a_a,0.0010447042703830931,0.00032553574389762433,7.351985906176993e-07,Valves,"('e-Hydrogen LCA', 'actbop7')"
root_a_a_h,root_a_a,0.0001280026437960283,3.988634587826708e-05,7.351985906176993e-07,Back Pressure Regulator,"('e-Hydrogen LCA', 'actbop8')"
root_a_a_i,root_a_a,0.00038194679942505754,0.00011901677728813947,7.351985906176993e-07,Ion Exchange for Water Treatment,"('e-Hydrogen LCA', 'actbop9')"
root_a_a_j,root_a_a,0.005065669719162419,0.0015784912602707162,7.351985906176993e-07,Heat Exchanger,"('e-Hydrogen LCA', 'actbop10')"
root_a_a_k,root_a_a,0.001692531078591728,0.0005274022317695346,7.351985906176993e-07,Water Purifier and Feedtank,"('e-Hydrogen LCA', 'actbop11')"
root_a_a_l,root_a_a,0.0011719197000523687,0.00036517678941326803,7.351985906176993e-07,Frequency Convertor for Diaphragm Compressor,"('e-Hydrogen LCA', 'actbop12')"
root_a_a_m,root_a_a,0.004930292268392633,0.00153630688293765,7.351985906176993e-07,Diaphragm for Diaphragm Compressor,"('e-Hydrogen LCA', 'actbop13')"
root_a_a_n,root_a_a,0.008512725773502086,0.0026526133718753567,7.351985906176993e-07,Container with Pipes and Fittings for Diaphragm Compressor,"('e-Hydrogen LCA', 'actbop14')"
root_a_a_o,root_a_a,0.0022337837935677146,0.0006960596309986056,7.351985906176993e-07,Buffertank,"('e-Hydrogen LCA', 'actbop15')"
root_a_a_p,root_a_a,0.00454161471623825,0.001415192765130429,7.351985906176993e-07,Container,"('e-Hydrogen LCA', 'actbop16')"
root_a_a_q,root_a_a,0.0006186348461534305,0.00019277010782170966,7.351985906176993e-07,Foundation,"('e-Hydrogen LCA', 'actbop17')"
root_a_a_r,root_a_a,0.026614031801829124,0.008293082440972939,0.036759929530884965,"market group for electricity, low voltage","('ecoinvent_3_10_1_selected_datasets', 'e3d8be21e38a6261ac724b52ed9f68b1')"
root_a_b,root_a,0.23265623534168478,0.07249699536176206,7.351985906176993e-07,Stack,"('e-Hydrogen LCA', 'actstack')"
root_a_b_a,root_a_b,0.00028645973769000996,8.926247020263437e-05,7.351985906176993e-07,End Plate,"('e-Hydrogen LCA', 'actstack1')"
root_a_b_b,root_a_b,0.018911154569389587,0.00589282244290214,7.351985906176993e-07,Bipolar Plate,"('e-Hydrogen LCA', 'actstack2')"
root_a_b_c,root_a_b,0.0014317592176618199,0.00044614424887236883,7.351985906176993e-07,Membrane Polymer,"('e-Hydrogen LCA', 'actstack3')"
root_a_b_d,root_a_b,0.04174175935613891,0.013006967683412859,7.351985906176993e-07,Electrocatalyst Anode,"('e-Hydrogen LCA', 'actstack4')"
root_a_b_e,root_a_b,0.0039204041487407,0.0012216200480080763,7.351985906176993e-07,Electrocatalyst Cathode,"('e-Hydrogen LCA', 'actstack5')"
root_a_b_g,root_a_b,0.00043631952792096644,0.0001359596262076414,7.351985906176993e-07,Bolts and Screws,"('e-Hydrogen LCA', 'actstack7')"
root_a_b_i,root_a_b,0.1658971300789846,0.051694481569353024,0.22914103569457678,"market group for electricity, low voltage","('ecoinvent_3_10_1_selected_datasets', 'e3d8be21e38a6261ac724b52ed9f68b1')"
root_b,root,2.596237300789013,0.8090021884730964,34.56159148952512,"Electricity Production, Photovoltaics","('e-Hydrogen LCA', 'pv_electricity')"
root_b_a,root_b,2.596101479983661,0.8089598659439744,0.0003290639959014103,"market for photovoltaic slanted-roof installation, 3kWp, single-Si, panel, mounted, on roof","('ecoinvent_3_10_1_selected_datasets', 'a2b08a1bbbee4fd5ce6d5a5084bf319c')"
root_b_b,root_b,0.00017649999229359277,5.499839324687567e-05,0.1408393902458036,market for tap water,"('ecoinvent_3_10_1_selected_datasets', '62bcd98c1f266525bbac8f861b9a6fe5')"
root_b_c,root_b,-4.06051979185406e-05,-1.2652808728038585e-05,0.0001408393902458036,"market for wastewater, average","('ecoinvent_3_10_1_selected_datasets', '7dec970e270a9773355be4257d3a8f4f')"
root_c,root,0.21340703159919902,0.06649883488956529,15.43840851047488,"Electricity Production, Wind Turbine","('e-Hydrogen LCA', 'wind_electricity')"
root_c_a,root_c,0.1933304539945002,0.060242860054631954,4.4480195083264554e-08,"market for wind turbine, 4.5MW, onshore","('ecoinvent_3_10_1_selected_datasets', '1026893e10249208b5ddd3893ab981ab')"
root_c_b,root_c,0.020105037430416386,0.0062648430771706926,4.4480195083264554e-08,"market for wind turbine network connection, 4.5MW, onshore","('ecoinvent_3_10_1_selected_datasets', '0171e3bd827d9fb09f8dde62109194a9')"
root_c_c,root_c,0.000823325214134268,0.0002565527811565145,0.0004728867460082188,market for lubricating oil,"('ecoinvent_3_10_1_selected_datasets', '16c65f4e974dfec15c9f26a21c3e9070')"
root_c_d,root_c,-0.0008517876342656034,-0.000265421831827843,0.0004728867460082188,market for waste mineral oil,"('ecoinvent_3_10_1_selected_datasets', 'da9db92bba0999fcdca351ffaefa76c7')"
root_d,root,0.06811501823531092,0.021225023923469775,0.0001171893372134601,"Hydrogen Storage, Type IV","('e-Hydrogen LCA', 'acthydrogenstorage')"
root_d_a,root_d,0.010159706175549251,0.003165821755879211,0.0031641121047634225,"market for ammonia, anhydrous, liquid","('ecoinvent_3_10_1_selected_datasets', '0d455b6846d13bb295d2595d6d0c42fc')"
root_d_b,root_d,0.012132774806012213,0.003780641071342805,0.016758075221524792,"market group for electricity, low voltage","('ecoinvent_3_10_1_selected_datasets', 'e3d8be21e38a6261ac724b52ed9f68b1')"
root_d_c,root_d,0.02308041709742979,0.007191988165726606,0.007898561328187212,market for propylene,"('ecoinvent_3_10_1_selected_datasets', 'e5aad4b8343c1f75b5d0fc8a024b62a1')"
root_d_d,root_d,0.0025699679828063596,0.0008008165208027321,0.0004687573488538404,market for chromium steel pipe,"('ecoinvent_3_10_1_selected_datasets', 'ad49aace13172bcfe4663ec8375aaeb4')"
root_d_e,root_d,0.002190779681025447,0.0006826593069413768,0.0005390709511819164,"market for glass fibre reinforced plastic, polyester resin, hand lay-up","('ecoinvent_3_10_1_selected_datasets', 'a951c044e2207e24b2d49abb68473946')"
root_d_f,root_d,0.002861896584578193,0.0008917831199034887,0.0009375146977076808,"market for polyethylene, high density, granulate","('ecoinvent_3_10_1_selected_datasets', 'bd97f4e2b9c16bab7948ee339a4e8ce8')"
root_d_g,root_d,0.00035342206469350375,0.00011012830903586205,0.0004687573488538404,market for polymer foaming,"('ecoinvent_3_10_1_selected_datasets', '3640b6afdcc2b45ae8eae5407e6f1aad')"
root_d_h,root_d,0.01139732634450879,0.0035514711820246667,0.0001171893372134601,"market for silicon, electronics grade","('ecoinvent_3_10_1_selected_datasets', '385c817ddeaa5ce862c89bc2e3ab42e4')"
root_d_i,root_d,0.003368727068505901,0.0010497143577598218,0.0016054939198244032,"market for steel, low-alloyed","('ecoinvent_3_10_1_selected_datasets', '79a1b980e719d83476e6ba40a8026f21')"
root_f,root,0.022959954840334737,0.007154451446880186,10.0,"tap water production, seawater reverse osmosis, ultrafiltration pretreatment, enhance module, two stages","('ecoinvent_3_10_1_selected_datasets', '44ad21638339f09c0d2eadd0b15e2b4e')"
