{
  "profile": "data-package",
  "name": "en15804ie.970de9b000374eb9343c760a1caa5b50.zip",
  "id": "9d3c8812687c4425ba2d1a001087f393",
  "licenses": [
    {
      "name": "ODC-PDDL-1.0",
      "path": "http://opendatacommons.org/licenses/pddl/",
      "title": "Open Data Commons Public Domain Dedication and License v1.0"
    }
  ],
  "resources": [
    {
      "profile": "data-resource",
      "format": "npy",
      "mediatype": "application/octet-stream",
      "name": "EN15804_inventory_indicators_ISO21930_exported_energy_-_electricity_matrix_data.indices",
      "matrix": "characterization_matrix",
      "kind": "indices",
      "path": "EN15804_inventory_indicators_ISO21930_exported_energy_-_electricity_matrix_data.indices.npy",
      "group": "EN15804_inventory_indicators_ISO21930_exported_energy_-_electricity_matrix_data",
      "nrows": 1,
      "global_index": 1,
      "identifier": [
        "EN15804",
        "inventory indicators ISO21930",
        "exported energy - electricity"
      ],
      "category": "vector"
    },
    {
      "profile": "data-resource",
      "format": "npy",
      "mediatype": "application/octet-stream",
      "name": "EN15804_inventory_indicators_ISO21930_exported_energy_-_electricity_matrix_data.data",
      "matrix": "characterization_matrix",
      "kind": "data",
      "path": "EN15804_inventory_indicators_ISO21930_exported_energy_-_electricity_matrix_data.data.npy",
      "group": "EN15804_inventory_indicators_ISO21930_exported_energy_-_electricity_matrix_data",
      "nrows": 1,
      "global_index": 1,
      "identifier": [
        "EN15804",
        "inventory indicators ISO21930",
        "exported energy - electricity"
      ],
      "category": "vector"
    }
  ],
  "created": "2024-06-16T12:09:03.577131+00:00Z",
  "combinatorial": false,
  "sequential": false,
  "seed": null,
  "sum_intra_duplicates": true,
  "sum_inter_duplicates": false,
  "matrix_serialize_format_type": "numpy"
}