{
  "profile": "data-package",
  "name": "usetox-v213-endpoint-no-ltee.2b11ea0cfce18576e16d0d04c99d74df.zip",
  "id": "03ca120511ba46099400e57df33abf0f",
  "licenses": [
    {
      "name": "ODC-PDDL-1.0",
      "path": "http://opendatacommons.org/licenses/pddl/",
      "title": "Open Data Commons Public Domain Dedication and License v1.0"
    }
  ],
  "resources": [
    {
      "profile": "data-resource",
      "format": "npy",
      "mediatype": "application/octet-stream",
      "name": "USEtox_v2.13_endpoint_no_LT_ecosystem_quality_no_LT_ecotoxicity_freshwater_no_LT_matrix_data.indices",
      "matrix": "characterization_matrix",
      "kind": "indices",
      "path": "USEtox_v2.13_endpoint_no_LT_ecosystem_quality_no_LT_ecotoxicity_freshwater_no_LT_matrix_data.indices.npy",
      "group": "USEtox_v2.13_endpoint_no_LT_ecosystem_quality_no_LT_ecotoxicity_freshwater_no_LT_matrix_data",
      "nrows": 1624,
      "global_index": 1,
      "identifier": [
        "USEtox v2.13, endpoint no LT",
        "ecosystem quality no LT",
        "ecotoxicity: freshwater no LT"
      ],
      "category": "vector"
    },
    {
      "profile": "data-resource",
      "format": "npy",
      "mediatype": "application/octet-stream",
      "name": "USEtox_v2.13_endpoint_no_LT_ecosystem_quality_no_LT_ecotoxicity_freshwater_no_LT_matrix_data.data",
      "matrix": "characterization_matrix",
      "kind": "data",
      "path": "USEtox_v2.13_endpoint_no_LT_ecosystem_quality_no_LT_ecotoxicity_freshwater_no_LT_matrix_data.data.npy",
      "group": "USEtox_v2.13_endpoint_no_LT_ecosystem_quality_no_LT_ecotoxicity_freshwater_no_LT_matrix_data",
      "nrows": 1624,
      "global_index": 1,
      "identifier": [
        "USEtox v2.13, endpoint no LT",
        "ecosystem quality no LT",
        "ecotoxicity: freshwater no LT"
      ],
      "category": "vector"
    }
  ],
  "created": "2024-06-16T12:09:03.343815+00:00Z",
  "combinatorial": false,
  "sequential": false,
  "seed": null,
  "sum_intra_duplicates": true,
  "sum_inter_duplicates": false,
  "matrix_serialize_format_type": "numpy"
}