{
  "profile": "data-package",
  "name": "recipe-2016-v103-midpoint-epp.9913974612ea8ff4f413721b1a81055a.zip",
  "id": "662aa2c0b61140f2b4ae0a42bbef4830",
  "licenses": [
    {
      "name": "ODC-PDDL-1.0",
      "path": "http://opendatacommons.org/licenses/pddl/",
      "title": "Open Data Commons Public Domain Dedication and License v1.0"
    }
  ],
  "resources": [
    {
      "profile": "data-resource",
      "format": "npy",
      "mediatype": "application/octet-stream",
      "name": "ReCiPe_2016_v1.03_midpoint_E_photochemical_oxidant_formation_human_health_photochemical_oxidant_formation_potential_humans_HOFP_matrix_data.indices",
      "matrix": "characterization_matrix",
      "kind": "indices",
      "path": "ReCiPe_2016_v1.03_midpoint_E_photochemical_oxidant_formation_human_health_photochemical_oxidant_formation_potential_humans_HOFP_matrix_data.indices.npy",
      "group": "ReCiPe_2016_v1.03_midpoint_E_photochemical_oxidant_formation_human_health_photochemical_oxidant_formation_potential_humans_HOFP_matrix_data",
      "nrows": 163,
      "global_index": 1,
      "identifier": [
        "ReCiPe 2016 v1.03, midpoint (E)",
        "photochemical oxidant formation: human health",
        "photochemical oxidant formation potential: humans (HOFP)"
      ],
      "category": "vector"
    },
    {
      "profile": "data-resource",
      "format": "npy",
      "mediatype": "application/octet-stream",
      "name": "ReCiPe_2016_v1.03_midpoint_E_photochemical_oxidant_formation_human_health_photochemical_oxidant_formation_potential_humans_HOFP_matrix_data.data",
      "matrix": "characterization_matrix",
      "kind": "data",
      "path": "ReCiPe_2016_v1.03_midpoint_E_photochemical_oxidant_formation_human_health_photochemical_oxidant_formation_potential_humans_HOFP_matrix_data.data.npy",
      "group": "ReCiPe_2016_v1.03_midpoint_E_photochemical_oxidant_formation_human_health_photochemical_oxidant_formation_potential_humans_HOFP_matrix_data",
      "nrows": 163,
      "global_index": 1,
      "identifier": [
        "ReCiPe 2016 v1.03, midpoint (E)",
        "photochemical oxidant formation: human health",
        "photochemical oxidant formation potential: humans (HOFP)"
      ],
      "category": "vector"
    }
  ],
  "created": "2024-06-16T12:09:02.971375+00:00Z",
  "combinatorial": false,
  "sequential": false,
  "seed": null,
  "sum_intra_duplicates": true,
  "sum_inter_duplicates": false,
  "matrix_serialize_format_type": "numpy"
}