{
  "profile": "data-package",
  "name": "ecological-scarcity-2021-no-lteh.1802903d6f6d565c71e1d4ee29003b80.zip",
  "id": "c6125f637fe249e785b1e42261c16bd9",
  "licenses": [
    {
      "name": "ODC-PDDL-1.0",
      "path": "http://opendatacommons.org/licenses/pddl/",
      "title": "Open Data Commons Public Domain Dedication and License v1.0"
    }
  ],
  "resources": [
    {
      "profile": "data-resource",
      "format": "npy",
      "mediatype": "application/octet-stream",
      "name": "Ecological_Scarcity_2021_no_LT_emissions_to_soil_no_LT_heavy_metals_into_soil_no_LT_matrix_data.indices",
      "matrix": "characterization_matrix",
      "kind": "indices",
      "path": "Ecological_Scarcity_2021_no_LT_emissions_to_soil_no_LT_heavy_metals_into_soil_no_LT_matrix_data.indices.npy",
      "group": "Ecological_Scarcity_2021_no_LT_emissions_to_soil_no_LT_heavy_metals_into_soil_no_LT_matrix_data",
      "nrows": 23,
      "global_index": 1,
      "identifier": [
        "Ecological Scarcity 2021 no LT",
        "emissions to soil no LT",
        "heavy metals into soil no LT"
      ],
      "category": "vector"
    },
    {
      "profile": "data-resource",
      "format": "npy",
      "mediatype": "application/octet-stream",
      "name": "Ecological_Scarcity_2021_no_LT_emissions_to_soil_no_LT_heavy_metals_into_soil_no_LT_matrix_data.data",
      "matrix": "characterization_matrix",
      "kind": "data",
      "path": "Ecological_Scarcity_2021_no_LT_emissions_to_soil_no_LT_heavy_metals_into_soil_no_LT_matrix_data.data.npy",
      "group": "Ecological_Scarcity_2021_no_LT_emissions_to_soil_no_LT_heavy_metals_into_soil_no_LT_matrix_data",
      "nrows": 23,
      "global_index": 1,
      "identifier": [
        "Ecological Scarcity 2021 no LT",
        "emissions to soil no LT",
        "heavy metals into soil no LT"
      ],
      "category": "vector"
    }
  ],
  "created": "2024-06-16T12:09:01.562197+00:00Z",
  "combinatorial": false,
  "sequential": false,
  "seed": null,
  "sum_intra_duplicates": true,
  "sum_inter_duplicates": false,
  "matrix_serialize_format_type": "numpy"
}