{
  "profile": "data-package",
  "name": "inventory-results-and-indicatorsea.8987336a50fcb63db3c85f58929c923d.zip",
  "id": "3616c3e391f4479cbbc4f2b3bf5b5676",
  "licenses": [
    {
      "name": "ODC-PDDL-1.0",
      "path": "http://opendatacommons.org/licenses/pddl/",
      "title": "Open Data Commons Public Domain Dedication and License v1.0"
    }
  ],
  "resources": [
    {
      "profile": "data-resource",
      "format": "npy",
      "mediatype": "application/octet-stream",
      "name": "Inventory_results_and_indicators_emissions_to_air_ammonia_matrix_data.indices",
      "matrix": "characterization_matrix",
      "kind": "indices",
      "path": "Inventory_results_and_indicators_emissions_to_air_ammonia_matrix_data.indices.npy",
      "group": "Inventory_results_and_indicators_emissions_to_air_ammonia_matrix_data",
      "nrows": 4,
      "global_index": 1,
      "identifier": [
        "Inventory results and indicators",
        "emissions to air",
        "ammonia"
      ],
      "category": "vector"
    },
    {
      "profile": "data-resource",
      "format": "npy",
      "mediatype": "application/octet-stream",
      "name": "Inventory_results_and_indicators_emissions_to_air_ammonia_matrix_data.data",
      "matrix": "characterization_matrix",
      "kind": "data",
      "path": "Inventory_results_and_indicators_emissions_to_air_ammonia_matrix_data.data.npy",
      "group": "Inventory_results_and_indicators_emissions_to_air_ammonia_matrix_data",
      "nrows": 4,
      "global_index": 1,
      "identifier": [
        "Inventory results and indicators",
        "emissions to air",
        "ammonia"
      ],
      "category": "vector"
    }
  ],
  "created": "2024-06-16T12:09:02.090973+00:00Z",
  "combinatorial": false,
  "sequential": false,
  "seed": null,
  "sum_intra_duplicates": true,
  "sum_inter_duplicates": false,
  "matrix_serialize_format_type": "numpy"
}