{
  "profile": "data-package",
  "name": "ef-v31-no-ltls.5ea1635c4588e7dd7d5df3778009845b.zip",
  "id": "64a5dafc1f864b31b53b5c244d617cb1",
  "licenses": [
    {
      "name": "ODC-PDDL-1.0",
      "path": "http://opendatacommons.org/licenses/pddl/",
      "title": "Open Data Commons Public Domain Dedication and License v1.0"
    }
  ],
  "resources": [
    {
      "profile": "data-resource",
      "format": "npy",
      "mediatype": "application/octet-stream",
      "name": "EF_v3.1_no_LT_land_use_no_LT_soil_quality_index_no_LT_matrix_data.indices",
      "matrix": "characterization_matrix",
      "kind": "indices",
      "path": "EF_v3.1_no_LT_land_use_no_LT_soil_quality_index_no_LT_matrix_data.indices.npy",
      "group": "EF_v3.1_no_LT_land_use_no_LT_soil_quality_index_no_LT_matrix_data",
      "nrows": 155,
      "global_index": 1,
      "identifier": [
        "EF v3.1 no LT",
        "land use no LT",
        "soil quality index no LT"
      ],
      "category": "vector"
    },
    {
      "profile": "data-resource",
      "format": "npy",
      "mediatype": "application/octet-stream",
      "name": "EF_v3.1_no_LT_land_use_no_LT_soil_quality_index_no_LT_matrix_data.data",
      "matrix": "characterization_matrix",
      "kind": "data",
      "path": "EF_v3.1_no_LT_land_use_no_LT_soil_quality_index_no_LT_matrix_data.data.npy",
      "group": "EF_v3.1_no_LT_land_use_no_LT_soil_quality_index_no_LT_matrix_data",
      "nrows": 155,
      "global_index": 1,
      "identifier": [
        "EF v3.1 no LT",
        "land use no LT",
        "soil quality index no LT"
      ],
      "category": "vector"
    }
  ],
  "created": "2024-06-16T12:09:01.873953+00:00Z",
  "combinatorial": false,
  "sequential": false,
  "seed": null,
  "sum_intra_duplicates": true,
  "sum_inter_duplicates": false,
  "matrix_serialize_format_type": "numpy"
}