{
  "profile": "data-package",
  "name": "recipe-2016-v103-endpoint-eew.73d9d34fbde0639c7e6f5f4c4b03a5d1.zip",
  "id": "226c450b97b9483788c6fbdb04b01fd2",
  "licenses": [
    {
      "name": "ODC-PDDL-1.0",
      "path": "http://opendatacommons.org/licenses/pddl/",
      "title": "Open Data Commons Public Domain Dedication and License v1.0"
    }
  ],
  "resources": [
    {
      "profile": "data-resource",
      "format": "npy",
      "mediatype": "application/octet-stream",
      "name": "ReCiPe_2016_v1.03_endpoint_E_ecosystem_quality_water_use_aquatic_ecosystems_matrix_data.indices",
      "matrix": "characterization_matrix",
      "kind": "indices",
      "path": "ReCiPe_2016_v1.03_endpoint_E_ecosystem_quality_water_use_aquatic_ecosystems_matrix_data.indices.npy",
      "group": "ReCiPe_2016_v1.03_endpoint_E_ecosystem_quality_water_use_aquatic_ecosystems_matrix_data",
      "nrows": 5,
      "global_index": 1,
      "identifier": [
        "ReCiPe 2016 v1.03, endpoint (E)",
        "ecosystem quality",
        "water use: aquatic ecosystems"
      ],
      "category": "vector"
    },
    {
      "profile": "data-resource",
      "format": "npy",
      "mediatype": "application/octet-stream",
      "name": "ReCiPe_2016_v1.03_endpoint_E_ecosystem_quality_water_use_aquatic_ecosystems_matrix_data.data",
      "matrix": "characterization_matrix",
      "kind": "data",
      "path": "ReCiPe_2016_v1.03_endpoint_E_ecosystem_quality_water_use_aquatic_ecosystems_matrix_data.data.npy",
      "group": "ReCiPe_2016_v1.03_endpoint_E_ecosystem_quality_water_use_aquatic_ecosystems_matrix_data",
      "nrows": 5,
      "global_index": 1,
      "identifier": [
        "ReCiPe 2016 v1.03, endpoint (E)",
        "ecosystem quality",
        "water use: aquatic ecosystems"
      ],
      "category": "vector"
    }
  ],
  "created": "2024-06-16T12:09:02.436091+00:00Z",
  "combinatorial": false,
  "sequential": false,
  "seed": null,
  "sum_intra_duplicates": true,
  "sum_inter_duplicates": false,
  "matrix_serialize_format_type": "numpy"
}