{
  "profile": "data-package",
  "name": "ef-v31-en15804pt.67b8ec632c46760c4caa373e664dbba3.zip",
  "id": "c40ba00246cd47e6a8b48e8a5e1a4464",
  "licenses": [
    {
      "name": "ODC-PDDL-1.0",
      "path": "http://opendatacommons.org/licenses/pddl/",
      "title": "Open Data Commons Public Domain Dedication and License v1.0"
    }
  ],
  "resources": [
    {
      "profile": "data-resource",
      "format": "npy",
      "mediatype": "application/octet-stream",
      "name": "EF_v3.1_EN15804_photochemical_oxidant_formation_human_health_tropospheric_ozone_concentration_increase_matrix_data.indices",
      "matrix": "characterization_matrix",
      "kind": "indices",
      "path": "EF_v3.1_EN15804_photochemical_oxidant_formation_human_health_tropospheric_ozone_concentration_increase_matrix_data.indices.npy",
      "group": "EF_v3.1_EN15804_photochemical_oxidant_formation_human_health_tropospheric_ozone_concentration_increase_matrix_data",
      "nrows": 255,
      "global_index": 1,
      "identifier": [
        "EF v3.1 EN15804",
        "photochemical oxidant formation: human health",
        "tropospheric ozone concentration increase"
      ],
      "category": "vector"
    },
    {
      "profile": "data-resource",
      "format": "npy",
      "mediatype": "application/octet-stream",
      "name": "EF_v3.1_EN15804_photochemical_oxidant_formation_human_health_tropospheric_ozone_concentration_increase_matrix_data.data",
      "matrix": "characterization_matrix",
      "kind": "data",
      "path": "EF_v3.1_EN15804_photochemical_oxidant_formation_human_health_tropospheric_ozone_concentration_increase_matrix_data.data.npy",
      "group": "EF_v3.1_EN15804_photochemical_oxidant_formation_human_health_tropospheric_ozone_concentration_increase_matrix_data",
      "nrows": 255,
      "global_index": 1,
      "identifier": [
        "EF v3.1 EN15804",
        "photochemical oxidant formation: human health",
        "tropospheric ozone concentration increase"
      ],
      "category": "vector"
    }
  ],
  "created": "2024-06-16T12:09:03.569712+00:00Z",
  "combinatorial": false,
  "sequential": false,
  "seed": null,
  "sum_intra_duplicates": true,
  "sum_inter_duplicates": false,
  "matrix_serialize_format_type": "numpy"
}