{
  "profile": "data-package",
  "name": "recipe-2016-v103-midpoint-eef.a8a41025b0688ebc459f6b43c66a800c.zip",
  "id": "579e3a9f64a74e9e88b22f4cc5c0f6d7",
  "licenses": [
    {
      "name": "ODC-PDDL-1.0",
      "path": "http://opendatacommons.org/licenses/pddl/",
      "title": "Open Data Commons Public Domain Dedication and License v1.0"
    }
  ],
  "resources": [
    {
      "profile": "data-resource",
      "format": "npy",
      "mediatype": "application/octet-stream",
      "name": "ReCiPe_2016_v1.03_midpoint_E_ecotoxicity_freshwater_freshwater_ecotoxicity_potential_FETP_matrix_data.indices",
      "matrix": "characterization_matrix",
      "kind": "indices",
      "path": "ReCiPe_2016_v1.03_midpoint_E_ecotoxicity_freshwater_freshwater_ecotoxicity_potential_FETP_matrix_data.indices.npy",
      "group": "ReCiPe_2016_v1.03_midpoint_E_ecotoxicity_freshwater_freshwater_ecotoxicity_potential_FETP_matrix_data",
      "nrows": 1697,
      "global_index": 1,
      "identifier": [
        "ReCiPe 2016 v1.03, midpoint (E)",
        "ecotoxicity: freshwater",
        "freshwater ecotoxicity potential (FETP)"
      ],
      "category": "vector"
    },
    {
      "profile": "data-resource",
      "format": "npy",
      "mediatype": "application/octet-stream",
      "name": "ReCiPe_2016_v1.03_midpoint_E_ecotoxicity_freshwater_freshwater_ecotoxicity_potential_FETP_matrix_data.data",
      "matrix": "characterization_matrix",
      "kind": "data",
      "path": "ReCiPe_2016_v1.03_midpoint_E_ecotoxicity_freshwater_freshwater_ecotoxicity_potential_FETP_matrix_data.data.npy",
      "group": "ReCiPe_2016_v1.03_midpoint_E_ecotoxicity_freshwater_freshwater_ecotoxicity_potential_FETP_matrix_data",
      "nrows": 1697,
      "global_index": 1,
      "identifier": [
        "ReCiPe 2016 v1.03, midpoint (E)",
        "ecotoxicity: freshwater",
        "freshwater ecotoxicity potential (FETP)"
      ],
      "category": "vector"
    }
  ],
  "created": "2024-06-16T12:09:02.918148+00:00Z",
  "combinatorial": false,
  "sequential": false,
  "seed": null,
  "sum_intra_duplicates": true,
  "sum_inter_duplicates": false,
  "matrix_serialize_format_type": "numpy"
}