{
  "profile": "data-package",
  "name": "recipe-2016-v103-midpoint-hhh.b689809acb16926e066d23afb540f919.zip",
  "id": "9d218d91f5a64a6f89f251b38bbeeb42",
  "licenses": [
    {
      "name": "ODC-PDDL-1.0",
      "path": "http://opendatacommons.org/licenses/pddl/",
      "title": "Open Data Commons Public Domain Dedication and License v1.0"
    }
  ],
  "resources": [
    {
      "profile": "data-resource",
      "format": "npy",
      "mediatype": "application/octet-stream",
      "name": "ReCiPe_2016_v1.03_midpoint_H_human_toxicity_non-carcinogenic_human_toxicity_potential_HTPnc_matrix_data.indices",
      "matrix": "characterization_matrix",
      "kind": "indices",
      "path": "ReCiPe_2016_v1.03_midpoint_H_human_toxicity_non-carcinogenic_human_toxicity_potential_HTPnc_matrix_data.indices.npy",
      "group": "ReCiPe_2016_v1.03_midpoint_H_human_toxicity_non-carcinogenic_human_toxicity_potential_HTPnc_matrix_data",
      "nrows": 1134,
      "global_index": 1,
      "identifier": [
        "ReCiPe 2016 v1.03, midpoint (H)",
        "human toxicity: non-carcinogenic",
        "human toxicity potential (HTPnc)"
      ],
      "category": "vector"
    },
    {
      "profile": "data-resource",
      "format": "npy",
      "mediatype": "application/octet-stream",
      "name": "ReCiPe_2016_v1.03_midpoint_H_human_toxicity_non-carcinogenic_human_toxicity_potential_HTPnc_matrix_data.data",
      "matrix": "characterization_matrix",
      "kind": "data",
      "path": "ReCiPe_2016_v1.03_midpoint_H_human_toxicity_non-carcinogenic_human_toxicity_potential_HTPnc_matrix_data.data.npy",
      "group": "ReCiPe_2016_v1.03_midpoint_H_human_toxicity_non-carcinogenic_human_toxicity_potential_HTPnc_matrix_data",
      "nrows": 1134,
      "global_index": 1,
      "identifier": [
        "ReCiPe 2016 v1.03, midpoint (H)",
        "human toxicity: non-carcinogenic",
        "human toxicity potential (HTPnc)"
      ],
      "category": "vector"
    }
  ],
  "created": "2024-06-16T12:09:03.095302+00:00Z",
  "combinatorial": false,
  "sequential": false,
  "seed": null,
  "sum_intra_duplicates": true,
  "sum_inter_duplicates": false,
  "matrix_serialize_format_type": "numpy"
}