{
  "profile": "data-package",
  "name": "cml-v48-2016em.b558064bea27501547a2577a72680581.zip",
  "id": "449c3726370c4d23a83a5c690d484a52",
  "licenses": [
    {
      "name": "ODC-PDDL-1.0",
      "path": "http://opendatacommons.org/licenses/pddl/",
      "title": "Open Data Commons Public Domain Dedication and License v1.0"
    }
  ],
  "resources": [
    {
      "profile": "data-resource",
      "format": "npy",
      "mediatype": "application/octet-stream",
      "name": "CML_v4.8_2016_ecotoxicity_marine_marine_aquatic_ecotoxicity_MAETP_inf_matrix_data.indices",
      "matrix": "characterization_matrix",
      "kind": "indices",
      "path": "CML_v4.8_2016_ecotoxicity_marine_marine_aquatic_ecotoxicity_MAETP_inf_matrix_data.indices.npy",
      "group": "CML_v4.8_2016_ecotoxicity_marine_marine_aquatic_ecotoxicity_MAETP_inf_matrix_data",
      "nrows": 772,
      "global_index": 1,
      "identifier": [
        "CML v4.8 2016",
        "ecotoxicity: marine",
        "marine aquatic ecotoxicity (MAETP inf)"
      ],
      "category": "vector"
    },
    {
      "profile": "data-resource",
      "format": "npy",
      "mediatype": "application/octet-stream",
      "name": "CML_v4.8_2016_ecotoxicity_marine_marine_aquatic_ecotoxicity_MAETP_inf_matrix_data.data",
      "matrix": "characterization_matrix",
      "kind": "data",
      "path": "CML_v4.8_2016_ecotoxicity_marine_marine_aquatic_ecotoxicity_MAETP_inf_matrix_data.data.npy",
      "group": "CML_v4.8_2016_ecotoxicity_marine_marine_aquatic_ecotoxicity_MAETP_inf_matrix_data",
      "nrows": 772,
      "global_index": 1,
      "identifier": [
        "CML v4.8 2016",
        "ecotoxicity: marine",
        "marine aquatic ecotoxicity (MAETP inf)"
      ],
      "category": "vector"
    }
  ],
  "created": "2024-06-16T12:09:01.491668+00:00Z",
  "combinatorial": false,
  "sequential": false,
  "seed": null,
  "sum_intra_duplicates": true,
  "sum_inter_duplicates": false,
  "matrix_serialize_format_type": "numpy"
}