{
  "profile": "data-package",
  "name": "recipe-2016-v103-midpoint-ipp.eca4487da224e8eeb87a57fb95692dcb.zip",
  "id": "0be3dcf9b551420c9d78f7dfae3231ed",
  "licenses": [
    {
      "name": "ODC-PDDL-1.0",
      "path": "http://opendatacommons.org/licenses/pddl/",
      "title": "Open Data Commons Public Domain Dedication and License v1.0"
    }
  ],
  "resources": [
    {
      "profile": "data-resource",
      "format": "npy",
      "mediatype": "application/octet-stream",
      "name": "ReCiPe_2016_v1.03_midpoint_I_photochemical_oxidant_formation_terrestrial_ecosystems_photochemical_oxidant_formation_potential_ecosystems_EOFP_matrix_data.indices",
      "matrix": "characterization_matrix",
      "kind": "indices",
      "path": "ReCiPe_2016_v1.03_midpoint_I_photochemical_oxidant_formation_terrestrial_ecosystems_photochemical_oxidant_formation_potential_ecosystems_EOFP_matrix_data.indices.npy",
      "group": "ReCiPe_2016_v1.03_midpoint_I_photochemical_oxidant_formation_terrestrial_ecosystems_photochemical_oxidant_formation_potential_ecosystems_EOFP_matrix_data",
      "nrows": 169,
      "global_index": 1,
      "identifier": [
        "ReCiPe 2016 v1.03, midpoint (I)",
        "photochemical oxidant formation: terrestrial ecosystems",
        "photochemical oxidant formation potential: ecosystems (EOFP)"
      ],
      "category": "vector"
    },
    {
      "profile": "data-resource",
      "format": "npy",
      "mediatype": "application/octet-stream",
      "name": "ReCiPe_2016_v1.03_midpoint_I_photochemical_oxidant_formation_terrestrial_ecosystems_photochemical_oxidant_formation_potential_ecosystems_EOFP_matrix_data.data",
      "matrix": "characterization_matrix",
      "kind": "data",
      "path": "ReCiPe_2016_v1.03_midpoint_I_photochemical_oxidant_formation_terrestrial_ecosystems_photochemical_oxidant_formation_potential_ecosystems_EOFP_matrix_data.data.npy",
      "group": "ReCiPe_2016_v1.03_midpoint_I_photochemical_oxidant_formation_terrestrial_ecosystems_photochemical_oxidant_formation_potential_ecosystems_EOFP_matrix_data",
      "nrows": 169,
      "global_index": 1,
      "identifier": [
        "ReCiPe 2016 v1.03, midpoint (I)",
        "photochemical oxidant formation: terrestrial ecosystems",
        "photochemical oxidant formation potential: ecosystems (EOFP)"
      ],
      "category": "vector"
    }
  ],
  "created": "2024-06-16T12:09:03.262871+00:00Z",
  "combinatorial": false,
  "sequential": false,
  "seed": null,
  "sum_intra_duplicates": true,
  "sum_inter_duplicates": false,
  "matrix_serialize_format_type": "numpy"
}