{
  "profile": "data-package",
  "name": "recipe-2016-v103-endpoint-hhp.b19c9e0cede145287eafd85ad6573c03.zip",
  "id": "fe9402dc621e493d8f24c60fd31ef3a1",
  "licenses": [
    {
      "name": "ODC-PDDL-1.0",
      "path": "http://opendatacommons.org/licenses/pddl/",
      "title": "Open Data Commons Public Domain Dedication and License v1.0"
    }
  ],
  "resources": [
    {
      "profile": "data-resource",
      "format": "npy",
      "mediatype": "application/octet-stream",
      "name": "ReCiPe_2016_v1.03_endpoint_H_human_health_particulate_matter_formation_matrix_data.indices",
      "matrix": "characterization_matrix",
      "kind": "indices",
      "path": "ReCiPe_2016_v1.03_endpoint_H_human_health_particulate_matter_formation_matrix_data.indices.npy",
      "group": "ReCiPe_2016_v1.03_endpoint_H_human_health_particulate_matter_formation_matrix_data",
      "nrows": 29,
      "global_index": 1,
      "identifier": [
        "ReCiPe 2016 v1.03, endpoint (H)",
        "human health",
        "particulate matter formation"
      ],
      "category": "vector"
    },
    {
      "profile": "data-resource",
      "format": "npy",
      "mediatype": "application/octet-stream",
      "name": "ReCiPe_2016_v1.03_endpoint_H_human_health_particulate_matter_formation_matrix_data.data",
      "matrix": "characterization_matrix",
      "kind": "data",
      "path": "ReCiPe_2016_v1.03_endpoint_H_human_health_particulate_matter_formation_matrix_data.data.npy",
      "group": "ReCiPe_2016_v1.03_endpoint_H_human_health_particulate_matter_formation_matrix_data",
      "nrows": 29,
      "global_index": 1,
      "identifier": [
        "ReCiPe 2016 v1.03, endpoint (H)",
        "human health",
        "particulate matter formation"
      ],
      "category": "vector"
    }
  ],
  "created": "2024-06-16T12:09:02.635889+00:00Z",
  "combinatorial": false,
  "sequential": false,
  "seed": null,
  "sum_intra_duplicates": true,
  "sum_inter_duplicates": false,
  "matrix_serialize_format_type": "numpy"
}