{
  "profile": "data-package",
  "name": "recipe-2016-v103-midpoint-eem.5d165e22953bc4b45c361f6386b6e768.zip",
  "id": "ca11cffa4dec4b43be9caff315faeda7",
  "licenses": [
    {
      "name": "ODC-PDDL-1.0",
      "path": "http://opendatacommons.org/licenses/pddl/",
      "title": "Open Data Commons Public Domain Dedication and License v1.0"
    }
  ],
  "resources": [
    {
      "profile": "data-resource",
      "format": "npy",
      "mediatype": "application/octet-stream",
      "name": "ReCiPe_2016_v1.03_midpoint_E_eutrophication_marine_marine_eutrophication_potential_MEP_matrix_data.indices",
      "matrix": "characterization_matrix",
      "kind": "indices",
      "path": "ReCiPe_2016_v1.03_midpoint_E_eutrophication_marine_marine_eutrophication_potential_MEP_matrix_data.indices.npy",
      "group": "ReCiPe_2016_v1.03_midpoint_E_eutrophication_marine_marine_eutrophication_potential_MEP_matrix_data",
      "nrows": 22,
      "global_index": 1,
      "identifier": [
        "ReCiPe 2016 v1.03, midpoint (E)",
        "eutrophication: marine",
        "marine eutrophication potential (MEP)"
      ],
      "category": "vector"
    },
    {
      "profile": "data-resource",
      "format": "npy",
      "mediatype": "application/octet-stream",
      "name": "ReCiPe_2016_v1.03_midpoint_E_eutrophication_marine_marine_eutrophication_potential_MEP_matrix_data.data",
      "matrix": "characterization_matrix",
      "kind": "data",
      "path": "ReCiPe_2016_v1.03_midpoint_E_eutrophication_marine_marine_eutrophication_potential_MEP_matrix_data.data.npy",
      "group": "ReCiPe_2016_v1.03_midpoint_E_eutrophication_marine_marine_eutrophication_potential_MEP_matrix_data",
      "nrows": 22,
      "global_index": 1,
      "identifier": [
        "ReCiPe 2016 v1.03, midpoint (E)",
        "eutrophication: marine",
        "marine eutrophication potential (MEP)"
      ],
      "category": "vector"
    }
  ],
  "created": "2024-06-16T12:09:02.943338+00:00Z",
  "combinatorial": false,
  "sequential": false,
  "seed": null,
  "sum_intra_duplicates": true,
  "sum_inter_duplicates": false,
  "matrix_serialize_format_type": "numpy"
}