{
  "profile": "data-package",
  "name": "ecological-scarcity-2021-no-ltww.d8b7414ecde65be765634f19652cd9ce.zip",
  "id": "52d668a4495d4b9bb7b98102a20dcf04",
  "licenses": [
    {
      "name": "ODC-PDDL-1.0",
      "path": "http://opendatacommons.org/licenses/pddl/",
      "title": "Open Data Commons Public Domain Dedication and License v1.0"
    }
  ],
  "resources": [
    {
      "profile": "data-resource",
      "format": "npy",
      "mediatype": "application/octet-stream",
      "name": "Ecological_Scarcity_2021_no_LT_waste_disposal_no_LT_waste_non_radioactive_no_LT_matrix_data.indices",
      "matrix": "characterization_matrix",
      "kind": "indices",
      "path": "Ecological_Scarcity_2021_no_LT_waste_disposal_no_LT_waste_non_radioactive_no_LT_matrix_data.indices.npy",
      "group": "Ecological_Scarcity_2021_no_LT_waste_disposal_no_LT_waste_non_radioactive_no_LT_matrix_data",
      "nrows": 3,
      "global_index": 1,
      "identifier": [
        "Ecological Scarcity 2021 no LT",
        "waste disposal no LT",
        "waste, non radioactive no LT"
      ],
      "category": "vector"
    },
    {
      "profile": "data-resource",
      "format": "npy",
      "mediatype": "application/octet-stream",
      "name": "Ecological_Scarcity_2021_no_LT_waste_disposal_no_LT_waste_non_radioactive_no_LT_matrix_data.data",
      "matrix": "characterization_matrix",
      "kind": "data",
      "path": "Ecological_Scarcity_2021_no_LT_waste_disposal_no_LT_waste_non_radioactive_no_LT_matrix_data.data.npy",
      "group": "Ecological_Scarcity_2021_no_LT_waste_disposal_no_LT_waste_non_radioactive_no_LT_matrix_data",
      "nrows": 3,
      "global_index": 1,
      "identifier": [
        "Ecological Scarcity 2021 no LT",
        "waste disposal no LT",
        "waste, non radioactive no LT"
      ],
      "category": "vector"
    }
  ],
  "created": "2024-06-16T12:09:01.589101+00:00Z",
  "combinatorial": false,
  "sequential": false,
  "seed": null,
  "sum_intra_duplicates": true,
  "sum_inter_duplicates": false,
  "matrix_serialize_format_type": "numpy"
}