{
  "profile": "data-package",
  "name": "ipcc-2021-no-ltcg.416c178df2cfd4ba2bbb59b36921c2ed.zip",
  "id": "3821eb45ee2248919948f5f115f8c879",
  "licenses": [
    {
      "name": "ODC-PDDL-1.0",
      "path": "http://opendatacommons.org/licenses/pddl/",
      "title": "Open Data Commons Public Domain Dedication and License v1.0"
    }
  ],
  "resources": [
    {
      "profile": "data-resource",
      "format": "npy",
      "mediatype": "application/octet-stream",
      "name": "IPCC_2021_no_LT_climate_change_fossil_no_LT_global_warming_potential_GWP100_no_LT_matrix_data.indices",
      "matrix": "characterization_matrix",
      "kind": "indices",
      "path": "IPCC_2021_no_LT_climate_change_fossil_no_LT_global_warming_potential_GWP100_no_LT_matrix_data.indices.npy",
      "group": "IPCC_2021_no_LT_climate_change_fossil_no_LT_global_warming_potential_GWP100_no_LT_matrix_data",
      "nrows": 127,
      "global_index": 1,
      "identifier": [
        "IPCC 2021 no LT",
        "climate change: fossil no LT",
        "global warming potential (GWP100) no LT"
      ],
      "category": "vector"
    },
    {
      "profile": "data-resource",
      "format": "npy",
      "mediatype": "application/octet-stream",
      "name": "IPCC_2021_no_LT_climate_change_fossil_no_LT_global_warming_potential_GWP100_no_LT_matrix_data.data",
      "matrix": "characterization_matrix",
      "kind": "data",
      "path": "IPCC_2021_no_LT_climate_change_fossil_no_LT_global_warming_potential_GWP100_no_LT_matrix_data.data.npy",
      "group": "IPCC_2021_no_LT_climate_change_fossil_no_LT_global_warming_potential_GWP100_no_LT_matrix_data",
      "nrows": 127,
      "global_index": 1,
      "identifier": [
        "IPCC 2021 no LT",
        "climate change: fossil no LT",
        "global warming potential (GWP100) no LT"
      ],
      "category": "vector"
    }
  ],
  "created": "2024-06-16T12:09:02.184335+00:00Z",
  "combinatorial": false,
  "sequential": false,
  "seed": null,
  "sum_intra_duplicates": true,
  "sum_inter_duplicates": false,
  "matrix_serialize_format_type": "numpy"
}