{
  "profile": "data-package",
  "name": "recipe-2016-v103-endpoint-e-no-ltnm.adb48904fe108eb287429ce657aaf4a5.zip",
  "id": "998636fc062d4779ad82065b06af4cb5",
  "licenses": [
    {
      "name": "ODC-PDDL-1.0",
      "path": "http://opendatacommons.org/licenses/pddl/",
      "title": "Open Data Commons Public Domain Dedication and License v1.0"
    }
  ],
  "resources": [
    {
      "profile": "data-resource",
      "format": "npy",
      "mediatype": "application/octet-stream",
      "name": "ReCiPe_2016_v1.03_endpoint_E_no_LT_natural_resources_no_LT_material_resources_metals_minerals_no_LT_matrix_data.indices",
      "matrix": "characterization_matrix",
      "kind": "indices",
      "path": "ReCiPe_2016_v1.03_endpoint_E_no_LT_natural_resources_no_LT_material_resources_metals_minerals_no_LT_matrix_data.indices.npy",
      "group": "ReCiPe_2016_v1.03_endpoint_E_no_LT_natural_resources_no_LT_material_resources_metals_minerals_no_LT_matrix_data",
      "nrows": 59,
      "global_index": 1,
      "identifier": [
        "ReCiPe 2016 v1.03, endpoint (E) no LT",
        "natural resources no LT",
        "material resources: metals/minerals no LT"
      ],
      "category": "vector"
    },
    {
      "profile": "data-resource",
      "format": "npy",
      "mediatype": "application/octet-stream",
      "name": "ReCiPe_2016_v1.03_endpoint_E_no_LT_natural_resources_no_LT_material_resources_metals_minerals_no_LT_matrix_data.data",
      "matrix": "characterization_matrix",
      "kind": "data",
      "path": "ReCiPe_2016_v1.03_endpoint_E_no_LT_natural_resources_no_LT_material_resources_metals_minerals_no_LT_matrix_data.data.npy",
      "group": "ReCiPe_2016_v1.03_endpoint_E_no_LT_natural_resources_no_LT_material_resources_metals_minerals_no_LT_matrix_data",
      "nrows": 59,
      "global_index": 1,
      "identifier": [
        "ReCiPe 2016 v1.03, endpoint (E) no LT",
        "natural resources no LT",
        "material resources: metals/minerals no LT"
      ],
      "category": "vector"
    }
  ],
  "created": "2024-06-16T12:09:02.380020+00:00Z",
  "combinatorial": false,
  "sequential": false,
  "seed": null,
  "sum_intra_duplicates": true,
  "sum_inter_duplicates": false,
  "matrix_serialize_format_type": "numpy"
}