{
  "profile": "data-package",
  "name": "ef-v30-no-ltpi.b3355933ba4a5dc4bf50ed9010aa8f67.zip",
  "id": "45fac9fa5c424e0497afb781ab91b0ab",
  "licenses": [
    {
      "name": "ODC-PDDL-1.0",
      "path": "http://opendatacommons.org/licenses/pddl/",
      "title": "Open Data Commons Public Domain Dedication and License v1.0"
    }
  ],
  "resources": [
    {
      "profile": "data-resource",
      "format": "npy",
      "mediatype": "application/octet-stream",
      "name": "EF_v3.0_no_LT_particulate_matter_formation_no_LT_impact_on_human_health_no_LT_matrix_data.indices",
      "matrix": "characterization_matrix",
      "kind": "indices",
      "path": "EF_v3.0_no_LT_particulate_matter_formation_no_LT_impact_on_human_health_no_LT_matrix_data.indices.npy",
      "group": "EF_v3.0_no_LT_particulate_matter_formation_no_LT_impact_on_human_health_no_LT_matrix_data",
      "nrows": 21,
      "global_index": 1,
      "identifier": [
        "EF v3.0 no LT",
        "particulate matter formation no LT",
        "impact on human health no LT"
      ],
      "category": "vector"
    },
    {
      "profile": "data-resource",
      "format": "npy",
      "mediatype": "application/octet-stream",
      "name": "EF_v3.0_no_LT_particulate_matter_formation_no_LT_impact_on_human_health_no_LT_matrix_data.data",
      "matrix": "characterization_matrix",
      "kind": "data",
      "path": "EF_v3.0_no_LT_particulate_matter_formation_no_LT_impact_on_human_health_no_LT_matrix_data.data.npy",
      "group": "EF_v3.0_no_LT_particulate_matter_formation_no_LT_impact_on_human_health_no_LT_matrix_data",
      "nrows": 21,
      "global_index": 1,
      "identifier": [
        "EF v3.0 no LT",
        "particulate matter formation no LT",
        "impact on human health no LT"
      ],
      "category": "vector"
    }
  ],
  "created": "2024-06-16T12:09:01.718392+00:00Z",
  "combinatorial": false,
  "sequential": false,
  "seed": null,
  "sum_intra_duplicates": true,
  "sum_inter_duplicates": false,
  "matrix_serialize_format_type": "numpy"
}