{
  "profile": "data-package",
  "name": "recipe-2016-v103-midpoint-i-no-ltpp.8dc07e2f5f700d4be40fa8c2348590a6.zip",
  "id": "94c3af858e92441cbdac6bb7b5b385da",
  "licenses": [
    {
      "name": "ODC-PDDL-1.0",
      "path": "http://opendatacommons.org/licenses/pddl/",
      "title": "Open Data Commons Public Domain Dedication and License v1.0"
    }
  ],
  "resources": [
    {
      "profile": "data-resource",
      "format": "npy",
      "mediatype": "application/octet-stream",
      "name": "ReCiPe_2016_v1.03_midpoint_I_no_LT_photochemical_oxidant_formation_terrestrial_ecosystems_no_LT_photochemical_oxidant_formation_potential_ecosystems_EOFP_no_LT_matrix_data.indices",
      "matrix": "characterization_matrix",
      "kind": "indices",
      "path": "ReCiPe_2016_v1.03_midpoint_I_no_LT_photochemical_oxidant_formation_terrestrial_ecosystems_no_LT_photochemical_oxidant_formation_potential_ecosystems_EOFP_no_LT_matrix_data.indices.npy",
      "group": "ReCiPe_2016_v1.03_midpoint_I_no_LT_photochemical_oxidant_formation_terrestrial_ecosystems_no_LT_photochemical_oxidant_formation_potential_ecosystems_EOFP_no_LT_matrix_data",
      "nrows": 150,
      "global_index": 1,
      "identifier": [
        "ReCiPe 2016 v1.03, midpoint (I) no LT",
        "photochemical oxidant formation: terrestrial ecosystems no LT",
        "photochemical oxidant formation potential: ecosystems (EOFP) no LT"
      ],
      "category": "vector"
    },
    {
      "profile": "data-resource",
      "format": "npy",
      "mediatype": "application/octet-stream",
      "name": "ReCiPe_2016_v1.03_midpoint_I_no_LT_photochemical_oxidant_formation_terrestrial_ecosystems_no_LT_photochemical_oxidant_formation_potential_ecosystems_EOFP_no_LT_matrix_data.data",
      "matrix": "characterization_matrix",
      "kind": "data",
      "path": "ReCiPe_2016_v1.03_midpoint_I_no_LT_photochemical_oxidant_formation_terrestrial_ecosystems_no_LT_photochemical_oxidant_formation_potential_ecosystems_EOFP_no_LT_matrix_data.data.npy",
      "group": "ReCiPe_2016_v1.03_midpoint_I_no_LT_photochemical_oxidant_formation_terrestrial_ecosystems_no_LT_photochemical_oxidant_formation_potential_ecosystems_EOFP_no_LT_matrix_data",
      "nrows": 150,
      "global_index": 1,
      "identifier": [
        "ReCiPe 2016 v1.03, midpoint (I) no LT",
        "photochemical oxidant formation: terrestrial ecosystems no LT",
        "photochemical oxidant formation potential: ecosystems (EOFP) no LT"
      ],
      "category": "vector"
    }
  ],
  "created": "2024-06-16T12:09:03.189254+00:00Z",
  "combinatorial": false,
  "sequential": false,
  "seed": null,
  "sum_intra_duplicates": true,
  "sum_inter_duplicates": false,
  "matrix_serialize_format_type": "numpy"
}