{
  "profile": "data-package",
  "name": "ecological-scarcity-2021tu.2c03db9656a2a6750535e3de37dff59e.zip",
  "id": "29c6133697b541c893cc78310da7b384",
  "licenses": [
    {
      "name": "ODC-PDDL-1.0",
      "path": "http://opendatacommons.org/licenses/pddl/",
      "title": "Open Data Commons Public Domain Dedication and License v1.0"
    }
  ],
  "resources": [
    {
      "profile": "data-resource",
      "format": "npy",
      "mediatype": "application/octet-stream",
      "name": "Ecological_Scarcity_2021_total_UBP_matrix_data.indices",
      "matrix": "characterization_matrix",
      "kind": "indices",
      "path": "Ecological_Scarcity_2021_total_UBP_matrix_data.indices.npy",
      "group": "Ecological_Scarcity_2021_total_UBP_matrix_data",
      "nrows": 1453,
      "global_index": 1,
      "identifier": [
        "Ecological Scarcity 2021",
        "total",
        "UBP"
      ],
      "category": "vector"
    },
    {
      "profile": "data-resource",
      "format": "npy",
      "mediatype": "application/octet-stream",
      "name": "Ecological_Scarcity_2021_total_UBP_matrix_data.data",
      "matrix": "characterization_matrix",
      "kind": "data",
      "path": "Ecological_Scarcity_2021_total_UBP_matrix_data.data.npy",
      "group": "Ecological_Scarcity_2021_total_UBP_matrix_data",
      "nrows": 1453,
      "global_index": 1,
      "identifier": [
        "Ecological Scarcity 2021",
        "total",
        "UBP"
      ],
      "category": "vector"
    }
  ],
  "created": "2024-06-16T12:09:01.620171+00:00Z",
  "combinatorial": false,
  "sequential": false,
  "seed": null,
  "sum_intra_duplicates": true,
  "sum_inter_duplicates": false,
  "matrix_serialize_format_type": "numpy"
}