{
  "profile": "data-package",
  "name": "recipe-2016-v103-endpoint-hhw.1e20e1b71a00ae0f68bd793fb95069a0.zip",
  "id": "203acfff90dd4021be7fe28ec38c1510",
  "licenses": [
    {
      "name": "ODC-PDDL-1.0",
      "path": "http://opendatacommons.org/licenses/pddl/",
      "title": "Open Data Commons Public Domain Dedication and License v1.0"
    }
  ],
  "resources": [
    {
      "profile": "data-resource",
      "format": "npy",
      "mediatype": "application/octet-stream",
      "name": "ReCiPe_2016_v1.03_endpoint_H_human_health_water_use_human_health_matrix_data.indices",
      "matrix": "characterization_matrix",
      "kind": "indices",
      "path": "ReCiPe_2016_v1.03_endpoint_H_human_health_water_use_human_health_matrix_data.indices.npy",
      "group": "ReCiPe_2016_v1.03_endpoint_H_human_health_water_use_human_health_matrix_data",
      "nrows": 5,
      "global_index": 1,
      "identifier": [
        "ReCiPe 2016 v1.03, endpoint (H)",
        "human health",
        "water use: human health"
      ],
      "category": "vector"
    },
    {
      "profile": "data-resource",
      "format": "npy",
      "mediatype": "application/octet-stream",
      "name": "ReCiPe_2016_v1.03_endpoint_H_human_health_water_use_human_health_matrix_data.data",
      "matrix": "characterization_matrix",
      "kind": "data",
      "path": "ReCiPe_2016_v1.03_endpoint_H_human_health_water_use_human_health_matrix_data.data.npy",
      "group": "ReCiPe_2016_v1.03_endpoint_H_human_health_water_use_human_health_matrix_data",
      "nrows": 5,
      "global_index": 1,
      "identifier": [
        "ReCiPe 2016 v1.03, endpoint (H)",
        "human health",
        "water use: human health"
      ],
      "category": "vector"
    }
  ],
  "created": "2024-06-16T12:09:02.641248+00:00Z",
  "combinatorial": false,
  "sequential": false,
  "seed": null,
  "sum_intra_duplicates": true,
  "sum_inter_duplicates": false,
  "matrix_serialize_format_type": "numpy"
}