{
  "profile": "data-package",
  "name": "recipe-2016-v103-endpoint-e-no-ltee.d855a7a3bbf7d989c2d8166b3d907895.zip",
  "id": "ae43cdc6e7f34b97a7785b0e3a91cd9f",
  "licenses": [
    {
      "name": "ODC-PDDL-1.0",
      "path": "http://opendatacommons.org/licenses/pddl/",
      "title": "Open Data Commons Public Domain Dedication and License v1.0"
    }
  ],
  "resources": [
    {
      "profile": "data-resource",
      "format": "npy",
      "mediatype": "application/octet-stream",
      "name": "ReCiPe_2016_v1.03_endpoint_E_no_LT_ecosystem_quality_no_LT_ecotoxicity_marine_no_LT_matrix_data.indices",
      "matrix": "characterization_matrix",
      "kind": "indices",
      "path": "ReCiPe_2016_v1.03_endpoint_E_no_LT_ecosystem_quality_no_LT_ecotoxicity_marine_no_LT_matrix_data.indices.npy",
      "group": "ReCiPe_2016_v1.03_endpoint_E_no_LT_ecosystem_quality_no_LT_ecotoxicity_marine_no_LT_matrix_data",
      "nrows": 1475,
      "global_index": 1,
      "identifier": [
        "ReCiPe 2016 v1.03, endpoint (E) no LT",
        "ecosystem quality no LT",
        "ecotoxicity: marine no LT"
      ],
      "category": "vector"
    },
    {
      "profile": "data-resource",
      "format": "npy",
      "mediatype": "application/octet-stream",
      "name": "ReCiPe_2016_v1.03_endpoint_E_no_LT_ecosystem_quality_no_LT_ecotoxicity_marine_no_LT_matrix_data.data",
      "matrix": "characterization_matrix",
      "kind": "data",
      "path": "ReCiPe_2016_v1.03_endpoint_E_no_LT_ecosystem_quality_no_LT_ecotoxicity_marine_no_LT_matrix_data.data.npy",
      "group": "ReCiPe_2016_v1.03_endpoint_E_no_LT_ecosystem_quality_no_LT_ecotoxicity_marine_no_LT_matrix_data",
      "nrows": 1475,
      "global_index": 1,
      "identifier": [
        "ReCiPe 2016 v1.03, endpoint (E) no LT",
        "ecosystem quality no LT",
        "ecotoxicity: marine no LT"
      ],
      "category": "vector"
    }
  ],
  "created": "2024-06-16T12:09:02.323566+00:00Z",
  "combinatorial": false,
  "sequential": false,
  "seed": null,
  "sum_intra_duplicates": true,
  "sum_inter_duplicates": false,
  "matrix_serialize_format_type": "numpy"
}