{
  "profile": "data-package",
  "name": "recipe-2016-v103-endpoint-ihh.1753fdb1118e29b45744c2f67a3bd9a2.zip",
  "id": "bc8277754f8f42dea3ee02d8d09bcafc",
  "licenses": [
    {
      "name": "ODC-PDDL-1.0",
      "path": "http://opendatacommons.org/licenses/pddl/",
      "title": "Open Data Commons Public Domain Dedication and License v1.0"
    }
  ],
  "resources": [
    {
      "profile": "data-resource",
      "format": "npy",
      "mediatype": "application/octet-stream",
      "name": "ReCiPe_2016_v1.03_endpoint_I_human_health_human_toxicity_non-carcinogenic_matrix_data.indices",
      "matrix": "characterization_matrix",
      "kind": "indices",
      "path": "ReCiPe_2016_v1.03_endpoint_I_human_health_human_toxicity_non-carcinogenic_matrix_data.indices.npy",
      "group": "ReCiPe_2016_v1.03_endpoint_I_human_health_human_toxicity_non-carcinogenic_matrix_data",
      "nrows": 1134,
      "global_index": 1,
      "identifier": [
        "ReCiPe 2016 v1.03, endpoint (I)",
        "human health",
        "human toxicity: non-carcinogenic"
      ],
      "category": "vector"
    },
    {
      "profile": "data-resource",
      "format": "npy",
      "mediatype": "application/octet-stream",
      "name": "ReCiPe_2016_v1.03_endpoint_I_human_health_human_toxicity_non-carcinogenic_matrix_data.data",
      "matrix": "characterization_matrix",
      "kind": "data",
      "path": "ReCiPe_2016_v1.03_endpoint_I_human_health_human_toxicity_non-carcinogenic_matrix_data.data.npy",
      "group": "ReCiPe_2016_v1.03_endpoint_I_human_health_human_toxicity_non-carcinogenic_matrix_data",
      "nrows": 1134,
      "global_index": 1,
      "identifier": [
        "ReCiPe 2016 v1.03, endpoint (I)",
        "human health",
        "human toxicity: non-carcinogenic"
      ],
      "category": "vector"
    }
  ],
  "created": "2024-06-16T12:09:02.801798+00:00Z",
  "combinatorial": false,
  "sequential": false,
  "seed": null,
  "sum_intra_duplicates": true,
  "sum_inter_duplicates": false,
  "matrix_serialize_format_type": "numpy"
}