{
  "profile": "data-package",
  "name": "ecological-scarcity-2021cg.0191976dad749779438feb5440d77faa.zip",
  "id": "ad96fadf09b34a679530f0062314d607",
  "licenses": [
    {
      "name": "ODC-PDDL-1.0",
      "path": "http://opendatacommons.org/licenses/pddl/",
      "title": "Open Data Commons Public Domain Dedication and License v1.0"
    }
  ],
  "resources": [
    {
      "profile": "data-resource",
      "format": "npy",
      "mediatype": "application/octet-stream",
      "name": "Ecological_Scarcity_2021_climate_change_global_warming_potential_GWP100_matrix_data.indices",
      "matrix": "characterization_matrix",
      "kind": "indices",
      "path": "Ecological_Scarcity_2021_climate_change_global_warming_potential_GWP100_matrix_data.indices.npy",
      "group": "Ecological_Scarcity_2021_climate_change_global_warming_potential_GWP100_matrix_data",
      "nrows": 99,
      "global_index": 1,
      "identifier": [
        "Ecological Scarcity 2021",
        "climate change",
        "global warming potential (GWP100)"
      ],
      "category": "vector"
    },
    {
      "profile": "data-resource",
      "format": "npy",
      "mediatype": "application/octet-stream",
      "name": "Ecological_Scarcity_2021_climate_change_global_warming_potential_GWP100_matrix_data.data",
      "matrix": "characterization_matrix",
      "kind": "data",
      "path": "Ecological_Scarcity_2021_climate_change_global_warming_potential_GWP100_matrix_data.data.npy",
      "group": "Ecological_Scarcity_2021_climate_change_global_warming_potential_GWP100_matrix_data",
      "nrows": 99,
      "global_index": 1,
      "identifier": [
        "Ecological Scarcity 2021",
        "climate change",
        "global warming potential (GWP100)"
      ],
      "category": "vector"
    }
  ],
  "created": "2024-06-16T12:09:01.592183+00:00Z",
  "combinatorial": false,
  "sequential": false,
  "seed": null,
  "sum_intra_duplicates": true,
  "sum_inter_duplicates": false,
  "matrix_serialize_format_type": "numpy"
}